{
"type": "FeatureCollection",
"name": "BUS_PAU_2154",
"crs": { "type": "name", "properties": { "name": "urn:ogc:def:crs:EPSG::2154" } },
"features": [
{"type":"Feature","properties":{"full_id":"n322107580","osm_id":"322107580","osm_type":"node","highway":"bus_stop","temporary":null,"route_ref":null,"mapillary":null,"short_name":null,"vending_machine":null,"wheelchair":"yes","tactile_paving":"no","shelter":"no","ref":"3317","public_transport":"platform","operator":"STAP","network:wikipedia":"fr:Transports en commun de Pau","network:wikidata":"Q3147798","network":"IDELIS","name":"Rhin et Danube","lit":"no","departures_board":"timetable","check_date:shelter":"2026-02-21","check_date":"2026-02-21","bus":"yes","bin":"no","bench":"yes"},"geometry":{"type":"Point","coordinates":[426563.229617052478716,6251353.376103419810534]}},
{"type":"Feature","properties":{"full_id":"n322793412","osm_id":"322793412","osm_type":"node","highway":"bus_stop","temporary":null,"route_ref":null,"mapillary":null,"short_name":null,"vending_machine":null,"wheelchair":"yes","tactile_paving":"no","shelter":"yes","ref":"3117","public_transport":"platform","operator":"STAP","network:wikipedia":"fr:Transports en commun de Pau","network:wikidata":"Q3147798","network":"IDELIS","name":"ESPE","lit":"yes","departures_board":"timetable","check_date:shelter":null,"check_date":null,"bus":"yes","bin":"yes","bench":"yes"},"geometry":{"type":"Point","coordinates":[426405.006806611432694,6251403.616037636995316]}},
{"type":"Feature","properties":{"full_id":"n322846908","osm_id":"322846908","osm_type":"node","highway":"bus_stop","temporary":null,"route_ref":null,"mapillary":null,"short_name":null,"vending_machine":null,"wheelchair":"yes","tactile_paving":"no","shelter":"yes","ref":"3068","public_transport":"platform","operator":null,"network:wikipedia":"fr:Transports en commun de Pau","network:wikidata":"Q3147798","network":"IDELIS","name":"Croix du Prince","lit":"yes","departures_board":"realtime","check_date:shelter":null,"check_date":null,"bus":"yes","bin":"yes","bench":"yes"},"geometry":{"type":"Point","coordinates":[425574.451917682716157,6249047.405696695670485]}},
{"type":"Feature","properties":{"full_id":"n322847647","osm_id":"322847647","osm_type":"node","highway":"bus_stop","temporary":null,"route_ref":null,"mapillary":null,"short_name":null,"vending_machine":null,"wheelchair":"yes","tactile_paving":"no","shelter":"yes","ref":"3015","public_transport":"platform","operator":"STAP","network:wikipedia":"fr:Transports en commun de Pau","network:wikidata":"Q3147798","network":"IDELIS","name":"Barthe","lit":"yes","departures_board":"realtime","check_date:shelter":null,"check_date":null,"bus":"yes","bin":"yes","bench":"yes"},"geometry":{"type":"Point","coordinates":[425698.967404273047578,6249364.570926960557699]}},
{"type":"Feature","properties":{"full_id":"n322847648","osm_id":"322847648","osm_type":"node","highway":"bus_stop","temporary":null,"route_ref":null,"mapillary":null,"short_name":null,"vending_machine":null,"wheelchair":"yes","tactile_paving":"no","shelter":"no","ref":"3016","public_transport":"platform","operator":null,"network:wikipedia":"fr:Transports en commun de Pau","network:wikidata":"Q3147798","network":"IDELIS","name":"Barthe","lit":"no","departures_board":"timetable","check_date:shelter":null,"check_date":null,"bus":"yes","bin":"no","bench":"no"},"geometry":{"type":"Point","coordinates":[425694.644006608403288,6249381.290374796837568]}},
{"type":"Feature","properties":{"full_id":"n322847649","osm_id":"322847649","osm_type":"node","highway":"bus_stop","temporary":null,"route_ref":null,"mapillary":null,"short_name":null,"vending_machine":null,"wheelchair":"no","tactile_paving":"no","shelter":"no","ref":"3327","public_transport":"platform","operator":null,"network:wikipedia":"fr:Transports en commun de Pau","network:wikidata":"Q3147798","network":"IDELIS","name":"Roussille","lit":"no","departures_board":"timetable","check_date:shelter":null,"check_date":null,"bus":"yes","bin":"no","bench":"no"},"geometry":{"type":"Point","coordinates":[425778.3674112019944,6249598.081825928762555]}},
{"type":"Feature","properties":{"full_id":"n322850808","osm_id":"322850808","osm_type":"node","highway":"bus_stop","temporary":null,"route_ref":null,"mapillary":null,"short_name":null,"vending_machine":null,"wheelchair":"yes","tactile_paving":"no","shelter":"yes","ref":"3299","public_transport":"platform","operator":null,"network:wikipedia":"fr:Transports en commun de Pau","network:wikidata":"Q3147798","network":"IDELIS","name":"Parc Lawrance","lit":"yes","departures_board":"realtime","check_date:shelter":null,"check_date":null,"bus":"yes","bin":"yes","bench":"yes"},"geometry":{"type":"Point","coordinates":[426014.700059622118715,6250899.111162251792848]}},
{"type":"Feature","properties":{"full_id":"n322850811","osm_id":"322850811","osm_type":"node","highway":"bus_stop","temporary":null,"route_ref":null,"mapillary":null,"short_name":null,"vending_machine":null,"wheelchair":"yes","tactile_paving":"no","shelter":"yes","ref":"732","public_transport":"platform","operator":null,"network:wikipedia":"fr:Transports en commun de Pau","network:wikidata":"Q3147798","network":"IDELIS","name":"Saint Joseph","lit":"yes","departures_board":"realtime","check_date:shelter":null,"check_date":null,"bus":"yes","bin":"yes","bench":"yes"},"geometry":{"type":"Point","coordinates":[425970.558208242466208,6251197.423101282678545]}},
{"type":"Feature","properties":{"full_id":"n393969041","osm_id":"393969041","osm_type":"node","highway":"bus_stop","temporary":null,"route_ref":null,"mapillary":null,"short_name":null,"vending_machine":null,"wheelchair":"yes","tactile_paving":"no","shelter":"no","ref":"3193","public_transport":"platform","operator":null,"network:wikipedia":"fr:Transports en commun de Pau","network:wikidata":"Q3147798","network":"IDELIS","name":"Hutton","lit":"no","departures_board":"timetable","check_date:shelter":null,"check_date":null,"bus":"yes","bin":"no","bench":"no"},"geometry":{"type":"Point","coordinates":[425362.51020584179787,6250590.585263106040657]}},
{"type":"Feature","properties":{"full_id":"n393969042","osm_id":"393969042","osm_type":"node","highway":"bus_stop","temporary":null,"route_ref":null,"mapillary":null,"short_name":null,"vending_machine":null,"wheelchair":"yes","tactile_paving":"no","shelter":"yes","ref":"3195","public_transport":"platform","operator":null,"network:wikipedia":"fr:Transports en commun de Pau","network:wikidata":"Q3147798","network":"IDELIS","name":"Hutton","lit":"yes","departures_board":"timetable","check_date:shelter":null,"check_date":null,"bus":"yes","bin":"yes","bench":"yes"},"geometry":{"type":"Point","coordinates":[425345.051948740205262,6250614.777765131555498]}},
{"type":"Feature","properties":{"full_id":"n422028787","osm_id":"422028787","osm_type":"node","highway":"bus_stop","temporary":null,"route_ref":null,"mapillary":null,"short_name":null,"vending_machine":null,"wheelchair":"yes","tactile_paving":"no","shelter":"no","ref":"3106","public_transport":"platform","operator":null,"network:wikipedia":"fr:Transports en commun de Pau","network:wikidata":"Q3147798","network":"IDELIS","name":"Cité Universitaire","lit":"yes","departures_board":"timetable","check_date:shelter":null,"check_date":null,"bus":"yes","bin":"yes","bench":"yes"},"geometry":{"type":"Point","coordinates":[426731.005729024356697,6252411.307256913743913]}},
{"type":"Feature","properties":{"full_id":"n422028790","osm_id":"422028790","osm_type":"node","highway":"bus_stop","temporary":null,"route_ref":null,"mapillary":null,"short_name":null,"vending_machine":null,"wheelchair":"yes","tactile_paving":"no","shelter":"no","ref":"3105","public_transport":"platform","operator":null,"network:wikipedia":"fr:Transports en commun de Pau","network:wikidata":"Q3147798","network":"IDELIS","name":"Cité Universitaire","lit":"no","departures_board":"timetable","check_date:shelter":"2024-11-30","check_date":null,"bus":"yes","bin":"no","bench":"no"},"geometry":{"type":"Point","coordinates":[426748.04736192850396,6252426.2905104290694]}},
{"type":"Feature","properties":{"full_id":"n428642778","osm_id":"428642778","osm_type":"node","highway":"bus_stop","temporary":null,"route_ref":null,"mapillary":null,"short_name":null,"vending_machine":null,"wheelchair":"yes","tactile_paving":"no","shelter":"no","ref":"3126","public_transport":"platform","operator":null,"network:wikipedia":"fr:Transports en commun de Pau","network:wikidata":"Q3147798","network":"IDELIS","name":"Facultés","lit":"no","departures_board":"timetable","check_date:shelter":"2024-11-30","check_date":null,"bus":"yes","bin":"no","bench":"no"},"geometry":{"type":"Point","coordinates":[426675.147277438256424,6252174.962424706667662]}},
{"type":"Feature","properties":{"full_id":"n428642780","osm_id":"428642780","osm_type":"node","highway":"bus_stop","temporary":null,"route_ref":null,"mapillary":null,"short_name":null,"vending_machine":null,"wheelchair":"yes","tactile_paving":"no","shelter":"no","ref":"3127","public_transport":"platform","operator":null,"network:wikipedia":"fr:Transports en commun de Pau","network:wikidata":"Q3147798","network":"IDELIS","name":"Facultés","lit":"yes","departures_board":"timetable","check_date:shelter":null,"check_date":null,"bus":"yes","bin":"yes","bench":"yes"},"geometry":{"type":"Point","coordinates":[426655.503364926960785,6252121.30356321670115]}},
{"type":"Feature","properties":{"full_id":"n702397748","osm_id":"702397748","osm_type":"node","highway":"bus_stop","temporary":null,"route_ref":null,"mapillary":null,"short_name":null,"vending_machine":null,"wheelchair":"yes","tactile_paving":"no","shelter":"yes","ref":"3049","public_transport":"platform","operator":"STAP","network:wikipedia":"fr:Transports en commun de Pau","network:wikidata":"Q3147798","network":"IDELIS","name":"Collège Clermont","lit":"yes","departures_board":"timetable","check_date:shelter":null,"check_date":null,"bus":"yes","bin":"yes","bench":"yes"},"geometry":{"type":"Point","coordinates":[426608.7512450919603,6251656.465826889500022]}},
{"type":"Feature","properties":{"full_id":"n702397749","osm_id":"702397749","osm_type":"node","highway":"bus_stop","temporary":null,"route_ref":null,"mapillary":null,"short_name":null,"vending_machine":null,"wheelchair":"yes","tactile_paving":"no","shelter":"yes","ref":"3048","public_transport":"platform","operator":"STAP","network:wikipedia":"fr:Transports en commun de Pau","network:wikidata":"Q3147798","network":"IDELIS","name":"Collège Clermont","lit":"no","departures_board":"timetable","check_date:shelter":null,"check_date":null,"bus":"yes","bin":"no","bench":"yes"},"geometry":{"type":"Point","coordinates":[426633.849619342421647,6251723.666544926352799]}},
{"type":"Feature","properties":{"full_id":"n766490884","osm_id":"766490884","osm_type":"node","highway":"bus_stop","temporary":null,"route_ref":null,"mapillary":null,"short_name":null,"vending_machine":null,"wheelchair":"yes","tactile_paving":"no","shelter":"yes","ref":"3014","public_transport":"platform","operator":null,"network:wikipedia":"fr:Transports en commun de Pau","network:wikidata":"Q3147798","network":"IDELIS","name":"Maison des Associations","lit":"yes","departures_board":"timetable","check_date:shelter":null,"check_date":null,"bus":"yes","bin":"yes","bench":"yes"},"geometry":{"type":"Point","coordinates":[429559.23052583396202,6251931.410605183802545]}},
{"type":"Feature","properties":{"full_id":"n878633233","osm_id":"878633233","osm_type":"node","highway":"bus_stop","temporary":null,"route_ref":null,"mapillary":null,"short_name":null,"vending_machine":null,"wheelchair":"yes","tactile_paving":"no","shelter":"yes","ref":"3247","public_transport":"platform","operator":null,"network:wikipedia":"fr:Transports en commun de Pau","network:wikidata":"Q3147798","network":"IDELIS","name":"MJC du Laü","lit":"yes","departures_board":"timetable","check_date:shelter":null,"check_date":null,"bus":"yes","bin":"yes","bench":"yes"},"geometry":{"type":"Point","coordinates":[427852.206916641211137,6251946.618012686260045]}},
{"type":"Feature","properties":{"full_id":"n878633707","osm_id":"878633707","osm_type":"node","highway":"bus_stop","temporary":null,"route_ref":null,"mapillary":null,"short_name":null,"vending_machine":null,"wheelchair":"yes","tactile_paving":"no","shelter":"yes","ref":"3246","public_transport":"platform","operator":null,"network:wikipedia":"fr:Transports en commun de Pau","network:wikidata":"Q3147798","network":"IDELIS","name":"MJC du Laü","lit":"yes","departures_board":"timetable","check_date:shelter":null,"check_date":null,"bus":"yes","bin":"yes","bench":"yes"},"geometry":{"type":"Point","coordinates":[427871.007787727983668,6251925.802675540558994]}},
{"type":"Feature","properties":{"full_id":"n1784555534","osm_id":"1784555534","osm_type":"node","highway":"bus_stop","temporary":null,"route_ref":null,"mapillary":null,"short_name":null,"vending_machine":null,"wheelchair":null,"tactile_paving":"no","shelter":"no","ref":"3331","public_transport":"platform","operator":null,"network:wikipedia":"fr:Transports en commun de Pau","network:wikidata":"Q3147798","network":"IDELIS","name":"Saumur","lit":"no","departures_board":"timetable","check_date:shelter":null,"check_date":null,"bus":"yes","bin":"no","bench":"no"},"geometry":{"type":"Point","coordinates":[426830.446273150329944,6253689.289874167181551]}},
{"type":"Feature","properties":{"full_id":"n1784557471","osm_id":"1784557471","osm_type":"node","highway":"bus_stop","temporary":null,"route_ref":null,"mapillary":null,"short_name":null,"vending_machine":null,"wheelchair":null,"tactile_paving":"no","shelter":"no","ref":"3330","public_transport":"platform","operator":null,"network:wikipedia":"fr:Transports en commun de Pau","network:wikidata":"Q3147798","network":"IDELIS","name":"Saumur","lit":"no","departures_board":"timetable","check_date:shelter":null,"check_date":null,"bus":"yes","bin":"no","bench":"no"},"geometry":{"type":"Point","coordinates":[426818.232240629091393,6253671.252340921200812]}},
{"type":"Feature","properties":{"full_id":"n1806217368","osm_id":"1806217368","osm_type":"node","highway":"bus_stop","temporary":null,"route_ref":null,"mapillary":null,"short_name":null,"vending_machine":null,"wheelchair":"yes","tactile_paving":"no","shelter":"yes","ref":"3351","public_transport":"platform","operator":null,"network:wikipedia":"fr:Transports en commun de Pau","network:wikidata":"Q3147798","network":"IDELIS","name":"Taine","lit":"yes","departures_board":"timetable","check_date:shelter":null,"check_date":null,"bus":"yes","bin":"yes","bench":"yes"},"geometry":{"type":"Point","coordinates":[425943.446365160518326,6253097.310964454896748]}},
{"type":"Feature","properties":{"full_id":"n1806217369","osm_id":"1806217369","osm_type":"node","highway":"bus_stop","temporary":null,"route_ref":null,"mapillary":null,"short_name":null,"vending_machine":null,"wheelchair":"yes","tactile_paving":"no","shelter":"yes","ref":"3059","public_transport":"platform","operator":"STAP","network:wikipedia":"fr:Transports en commun de Pau","network:wikidata":"Q3147798","network":"IDELIS","name":"Catherine de Bourbon Quai F","lit":"yes","departures_board":"timetable","check_date:shelter":null,"check_date":null,"bus":"yes","bin":"yes","bench":"yes"},"geometry":{"type":"Point","coordinates":[427305.80319157539634,6252734.590700766071677]}},
{"type":"Feature","properties":{"full_id":"n1806217374","osm_id":"1806217374","osm_type":"node","highway":"bus_stop","temporary":null,"route_ref":null,"mapillary":null,"short_name":null,"vending_machine":null,"wheelchair":"no","tactile_paving":"no","shelter":"no","ref":"3375","public_transport":"platform","operator":null,"network:wikipedia":"fr:Transports en commun de Pau","network:wikidata":"Q3147798","network":"IDELIS","name":"Velleda","lit":"no","departures_board":"timetable","check_date:shelter":null,"check_date":null,"bus":"yes","bin":"yes","bench":"no"},"geometry":{"type":"Point","coordinates":[426347.626516936346889,6252994.427515876479447]}},
{"type":"Feature","properties":{"full_id":"n1806217383","osm_id":"1806217383","osm_type":"node","highway":"bus_stop","temporary":null,"route_ref":null,"mapillary":null,"short_name":null,"vending_machine":null,"wheelchair":"no","tactile_paving":"no","shelter":"no","ref":"3376","public_transport":"platform","operator":null,"network:wikipedia":"fr:Transports en commun de Pau","network:wikidata":"Q3147798","network":"IDELIS","name":"Velleda","lit":"no","departures_board":"timetable","check_date:shelter":null,"check_date":null,"bus":"yes","bin":"no","bench":"no"},"geometry":{"type":"Point","coordinates":[426388.622229991888162,6252965.860804457217455]}},
{"type":"Feature","properties":{"full_id":"n1806217388","osm_id":"1806217388","osm_type":"node","highway":"bus_stop","temporary":null,"route_ref":null,"mapillary":null,"short_name":null,"vending_machine":null,"wheelchair":"yes","tactile_paving":"no","shelter":"yes","ref":"3056","public_transport":"platform","operator":"STAP","network:wikipedia":"fr:Transports en commun de Pau","network:wikidata":"Q3147798","network":"IDELIS","name":"Catherine de Bourbon Quai A","lit":"yes","departures_board":"timetable","check_date:shelter":null,"check_date":null,"bus":"yes","bin":"no","bench":"yes"},"geometry":{"type":"Point","coordinates":[427442.104698434763122,6252599.810450788587332]}},
{"type":"Feature","properties":{"full_id":"n1806217389","osm_id":"1806217389","osm_type":"node","highway":"bus_stop","temporary":null,"route_ref":null,"mapillary":null,"short_name":null,"vending_machine":"tickets","wheelchair":"yes","tactile_paving":"no","shelter":"yes","ref":"3057","public_transport":"platform","operator":"STAP","network:wikipedia":"fr:Transports en commun de Pau","network:wikidata":"Q3147798","network":"IDELIS","name":"Catherine de Bourbon Quai D","lit":"yes","departures_board":"timetable","check_date:shelter":null,"check_date":null,"bus":"yes","bin":"yes","bench":"yes"},"geometry":{"type":"Point","coordinates":[427414.993172275135294,6252611.189695050008595]}},
{"type":"Feature","properties":{"full_id":"n1806217390","osm_id":"1806217390","osm_type":"node","highway":"bus_stop","temporary":null,"route_ref":null,"mapillary":null,"short_name":null,"vending_machine":null,"wheelchair":"yes","tactile_paving":"no","shelter":"no","ref":"3352","public_transport":"platform","operator":null,"network:wikipedia":"fr:Transports en commun de Pau","network:wikidata":"Q3147798","network":"IDELIS","name":"Taine","lit":"no","departures_board":"timetable","check_date:shelter":null,"check_date":null,"bus":"yes","bin":"no","bench":"no"},"geometry":{"type":"Point","coordinates":[425990.261630276800133,6253109.304287117905915]}},
{"type":"Feature","properties":{"full_id":"n1806217393","osm_id":"1806217393","osm_type":"node","highway":"bus_stop","temporary":null,"route_ref":null,"mapillary":null,"short_name":null,"vending_machine":null,"wheelchair":"yes","tactile_paving":"no","shelter":"no","ref":"3009","public_transport":"platform","operator":null,"network:wikipedia":"fr:Transports en commun de Pau","network:wikidata":"Q3147798","network":"IDELIS","name":"Angot","lit":"no","departures_board":"timetable","check_date:shelter":null,"check_date":null,"bus":"yes","bin":"yes","bench":"no"},"geometry":{"type":"Point","coordinates":[426698.537194972508587,6252877.855007405392826]}},
{"type":"Feature","properties":{"full_id":"n1806217396","osm_id":"1806217396","osm_type":"node","highway":"bus_stop","temporary":null,"route_ref":null,"mapillary":null,"short_name":null,"vending_machine":null,"wheelchair":"yes","tactile_paving":"no","shelter":"yes","ref":"3058","public_transport":"platform","operator":"STAP","network:wikipedia":"fr:Transports en commun de Pau","network:wikidata":"Q3147798","network":"IDELIS","name":"Catherine de Bourbon Quai E","lit":"yes","departures_board":"timetable","check_date:shelter":null,"check_date":null,"bus":"yes","bin":"yes","bench":"yes"},"geometry":{"type":"Point","coordinates":[427300.578442900558002,6252721.016532653011382]}},
{"type":"Feature","properties":{"full_id":"n1968502958","osm_id":"1968502958","osm_type":"node","highway":"bus_stop","temporary":null,"route_ref":null,"mapillary":null,"short_name":null,"vending_machine":null,"wheelchair":"no","tactile_paving":"no","shelter":"no","ref":"3176","public_transport":"platform","operator":null,"network:wikipedia":"fr:Transports en commun de Pau","network:wikidata":"Q3147798","network":"IDELIS","name":"Géologues","lit":"no","departures_board":"timetable","check_date:shelter":null,"check_date":null,"bus":"yes","bin":"no","bench":"no"},"geometry":{"type":"Point","coordinates":[430082.835954926733393,6251635.146814136765897]}},
{"type":"Feature","properties":{"full_id":"n2439021006","osm_id":"2439021006","osm_type":"node","highway":"bus_stop","temporary":null,"route_ref":null,"mapillary":null,"short_name":null,"vending_machine":null,"wheelchair":"yes","tactile_paving":"no","shelter":"yes","ref":"3046","public_transport":"platform","operator":null,"network:wikipedia":"fr:Transports en commun de Pau","network:wikidata":"Q3147798","network":"IDELIS","name":"Carlitos","lit":"yes","departures_board":"timetable","check_date:shelter":null,"check_date":null,"bus":"yes","bin":"yes","bench":"yes"},"geometry":{"type":"Point","coordinates":[426709.90887340012705,6251541.339382312260568]}},
{"type":"Feature","properties":{"full_id":"n2439021007","osm_id":"2439021007","osm_type":"node","highway":"bus_stop","temporary":null,"route_ref":null,"mapillary":null,"short_name":null,"vending_machine":null,"wheelchair":"yes","tactile_paving":"no","shelter":"no","ref":"3045","public_transport":"platform","operator":null,"network:wikipedia":"fr:Transports en commun de Pau","network:wikidata":"Q3147798","network":"IDELIS","name":"Carlitos","lit":"no","departures_board":"timetable","check_date:shelter":"2026-05-13","check_date":null,"bus":"yes","bin":"no","bench":"no"},"geometry":{"type":"Point","coordinates":[426747.134412739134859,6251578.582365535199642]}},
{"type":"Feature","properties":{"full_id":"n2439021008","osm_id":"2439021008","osm_type":"node","highway":"bus_stop","temporary":null,"route_ref":null,"mapillary":null,"short_name":null,"vending_machine":null,"wheelchair":"yes","tactile_paving":"no","shelter":"yes","ref":"3118","public_transport":"platform","operator":"STAP","network:wikipedia":"fr:Transports en commun de Pau","network:wikidata":"Q3147798","network":"IDELIS","name":"ESPE","lit":"yes","departures_board":"timetable","check_date:shelter":null,"check_date":null,"bus":"yes","bin":"yes","bench":"yes"},"geometry":{"type":"Point","coordinates":[426440.360382145037875,6251401.538338008336723]}},
{"type":"Feature","properties":{"full_id":"n2439238220","osm_id":"2439238220","osm_type":"node","highway":"bus_stop","temporary":null,"route_ref":null,"mapillary":null,"short_name":null,"vending_machine":null,"wheelchair":"yes","tactile_paving":"no","shelter":"no","ref":"204","public_transport":"platform","operator":"STAP","network:wikipedia":"fr:Transports en commun de Pau","network:wikidata":"Q3147798","network":"IDELIS","name":"Beau Frêne","lit":"no","departures_board":"timetable","check_date:shelter":null,"check_date":null,"bus":"yes","bin":"no","bench":"no"},"geometry":{"type":"Point","coordinates":[425682.613037448260002,6251214.133945059031248]}},
{"type":"Feature","properties":{"full_id":"n2443807528","osm_id":"2443807528","osm_type":"node","highway":"bus_stop","temporary":null,"route_ref":null,"mapillary":null,"short_name":null,"vending_machine":null,"wheelchair":"yes","tactile_paving":"no","shelter":"no","ref":"3270","public_transport":"platform","operator":"STAP","network:wikipedia":"fr:Transports en commun de Pau","network:wikidata":"Q3147798","network":"IDELIS","name":"Nandina Park","lit":"no","departures_board":"timetable","check_date:shelter":null,"check_date":null,"bus":"yes","bin":"no","bench":"no"},"geometry":{"type":"Point","coordinates":[427273.859280629258137,6251186.107615710236132]}},
{"type":"Feature","properties":{"full_id":"n2443807529","osm_id":"2443807529","osm_type":"node","highway":"bus_stop","temporary":null,"route_ref":null,"mapillary":null,"short_name":null,"vending_machine":null,"wheelchair":"yes","tactile_paving":"no","shelter":"yes","ref":"3269","public_transport":"platform","operator":null,"network:wikipedia":"fr:Transports en commun de Pau","network:wikidata":"Q3147798","network":"IDELIS","name":"Nandina Park","lit":"yes","departures_board":"timetable","check_date:shelter":null,"check_date":null,"bus":"yes","bin":"yes","bench":"yes"},"geometry":{"type":"Point","coordinates":[427257.783098043466453,6251201.657199703156948]}},
{"type":"Feature","properties":{"full_id":"n2522006100","osm_id":"2522006100","osm_type":"node","highway":"bus_stop","temporary":null,"route_ref":null,"mapillary":null,"short_name":null,"vending_machine":null,"wheelchair":"yes","tactile_paving":"no","shelter":"no","ref":"3353","public_transport":"platform","operator":null,"network:wikipedia":"fr:Transports en commun de Pau","network:wikidata":"Q3147798","network":"IDELIS","name":"Tourasse - Cité Administrative Quai A","lit":"no","departures_board":"timetable","check_date:shelter":"2025-09-12","check_date":null,"bus":"yes","bin":"no","bench":"yes"},"geometry":{"type":"Point","coordinates":[427096.724463011778425,6251533.322316711768508]}},
{"type":"Feature","properties":{"full_id":"n2632673437","osm_id":"2632673437","osm_type":"node","highway":"bus_stop","temporary":null,"route_ref":null,"mapillary":null,"short_name":null,"vending_machine":null,"wheelchair":"yes","tactile_paving":"no","shelter":"yes","ref":"3295","public_transport":"platform","operator":null,"network:wikipedia":"fr:Transports en commun de Pau","network:wikidata":"Q3147798","network":"IDELIS","name":"Peyroulet","lit":"yes","departures_board":"timetable","check_date:shelter":"2025-08-20","check_date":null,"bus":"yes","bin":"yes","bench":"yes"},"geometry":{"type":"Point","coordinates":[427587.393223967810627,6250727.193100059404969]}},
{"type":"Feature","properties":{"full_id":"n2632673438","osm_id":"2632673438","osm_type":"node","highway":"bus_stop","temporary":null,"route_ref":null,"mapillary":null,"short_name":null,"vending_machine":null,"wheelchair":"yes","tactile_paving":"no","shelter":"yes","ref":"3294","public_transport":"platform","operator":null,"network:wikipedia":"fr:Transports en commun de Pau","network:wikidata":"Q3147798","network":"IDELIS","name":"Peyroulet","lit":"yes","departures_board":"timetable","check_date:shelter":"2025-08-20","check_date":null,"bus":"yes","bin":"yes","bench":"yes"},"geometry":{"type":"Point","coordinates":[427577.208946537284646,6250738.407833033241332]}},
{"type":"Feature","properties":{"full_id":"n2635148602","osm_id":"2635148602","osm_type":"node","highway":"bus_stop","temporary":null,"route_ref":null,"mapillary":null,"short_name":null,"vending_machine":null,"wheelchair":"yes","tactile_paving":"no","shelter":"no","ref":"3065","public_transport":"platform","operator":null,"network:wikipedia":"fr:Transports en commun de Pau","network:wikidata":"Q3147798","network":"IDELIS","name":"Castet de l'Array","lit":"no","departures_board":"timetable","check_date:shelter":null,"check_date":null,"bus":"yes","bin":"no","bench":"no"},"geometry":{"type":"Point","coordinates":[429294.311372321099043,6250105.25688745547086]}},
{"type":"Feature","properties":{"full_id":"n2635148606","osm_id":"2635148606","osm_type":"node","highway":"bus_stop","temporary":null,"route_ref":null,"mapillary":null,"short_name":null,"vending_machine":null,"wheelchair":"yes","tactile_paving":"no","shelter":"yes","ref":"3064","public_transport":"platform","operator":null,"network:wikipedia":"fr:Transports en commun de Pau","network:wikidata":"Q3147798","network":"IDELIS","name":"Castet de l'Array","lit":"yes","departures_board":"timetable","check_date:shelter":null,"check_date":null,"bus":"yes","bin":"yes","bench":"yes"},"geometry":{"type":"Point","coordinates":[429286.882128722558264,6250115.796026572585106]}},
{"type":"Feature","properties":{"full_id":"n2635148619","osm_id":"2635148619","osm_type":"node","highway":"bus_stop","temporary":null,"route_ref":null,"mapillary":null,"short_name":null,"vending_machine":null,"wheelchair":"yes","tactile_paving":"no","shelter":"no","ref":"3319","public_transport":"platform","operator":null,"network:wikipedia":"fr:Transports en commun de Pau","network:wikidata":"Q3147798","network":"IDELIS","name":"Régina","lit":"no","departures_board":"timetable","check_date:shelter":null,"check_date":null,"bus":"yes","bin":"no","bench":"no"},"geometry":{"type":"Point","coordinates":[428408.905567366280593,6250163.865840993821621]}},
{"type":"Feature","properties":{"full_id":"n2635148623","osm_id":"2635148623","osm_type":"node","highway":"bus_stop","temporary":null,"route_ref":null,"mapillary":null,"short_name":null,"vending_machine":null,"wheelchair":"yes","tactile_paving":"no","shelter":"yes","ref":"3318","public_transport":"platform","operator":null,"network:wikipedia":"fr:Transports en commun de Pau","network:wikidata":"Q3147798","network":"IDELIS","name":"Régina","lit":"yes","departures_board":"timetable","check_date:shelter":"2026-07-22","check_date":null,"bus":"yes","bin":"yes","bench":"yes"},"geometry":{"type":"Point","coordinates":[428375.582898721273523,6250184.86139368545264]}},
{"type":"Feature","properties":{"full_id":"n2635148628","osm_id":"2635148628","osm_type":"node","highway":"bus_stop","temporary":null,"route_ref":null,"mapillary":null,"short_name":null,"vending_machine":null,"wheelchair":"yes","tactile_paving":"no","shelter":"yes","ref":"3350","public_transport":"platform","operator":null,"network:wikipedia":"fr:Transports en commun de Pau","network:wikidata":"Q3147798","network":"IDELIS","name":"Sainte-Ursule","lit":"yes","departures_board":"timetable","check_date:shelter":null,"check_date":null,"bus":"yes","bin":"yes","bench":"yes"},"geometry":{"type":"Point","coordinates":[428113.313125609245617,6250171.643660279922187]}},
{"type":"Feature","properties":{"full_id":"n2635148632","osm_id":"2635148632","osm_type":"node","highway":"bus_stop","temporary":null,"route_ref":null,"mapillary":null,"short_name":null,"vending_machine":null,"wheelchair":"yes","tactile_paving":"no","shelter":"yes","ref":"3349","public_transport":"platform","operator":null,"network:wikipedia":"fr:Transports en commun de Pau","network:wikidata":"Q3147798","network":"IDELIS","name":"Sainte-Ursule","lit":"yes","departures_board":"timetable","check_date:shelter":null,"check_date":null,"bus":"yes","bin":"yes","bench":"yes"},"geometry":{"type":"Point","coordinates":[428099.240043860801961,6250182.800063200294971]}},
{"type":"Feature","properties":{"full_id":"n2635148638","osm_id":"2635148638","osm_type":"node","highway":"bus_stop","temporary":null,"route_ref":null,"mapillary":null,"short_name":null,"vending_machine":null,"wheelchair":"yes","tactile_paving":"no","shelter":"yes","ref":"3364","public_transport":"platform","operator":"STAP","network:wikipedia":"fr:Transports en commun de Pau","network:wikidata":"Q3147798","network":"IDELIS","name":"Trespoey","lit":"yes","departures_board":"timetable","check_date:shelter":"2026-07-22","check_date":null,"bus":"yes","bin":"yes","bench":"yes"},"geometry":{"type":"Point","coordinates":[427736.601465549902059,6250220.178671765141189]}},
{"type":"Feature","properties":{"full_id":"n2635148643","osm_id":"2635148643","osm_type":"node","highway":"bus_stop","temporary":null,"route_ref":null,"mapillary":null,"short_name":null,"vending_machine":null,"wheelchair":"yes","tactile_paving":"no","shelter":"no","ref":"3367","public_transport":"platform","operator":null,"network:wikipedia":"fr:Transports en commun de Pau","network:wikidata":"Q3147798","network":"IDELIS","name":"Tréville","lit":"no","departures_board":"timetable","check_date:shelter":null,"check_date":null,"bus":"yes","bin":"no","bench":"no"},"geometry":{"type":"Point","coordinates":[428721.653921941877343,6250095.670566599816084]}},
{"type":"Feature","properties":{"full_id":"n2635148647","osm_id":"2635148647","osm_type":"node","highway":"bus_stop","temporary":null,"route_ref":null,"mapillary":null,"short_name":null,"vending_machine":null,"wheelchair":"yes","tactile_paving":"no","shelter":"yes","ref":"3366","public_transport":"platform","operator":"STAP","network:wikipedia":"fr:Transports en commun de Pau","network:wikidata":"Q3147798","network":"IDELIS","name":"Tréville","lit":"yes","departures_board":"timetable","check_date:shelter":null,"check_date":null,"bus":"yes","bin":"yes","bench":"yes"},"geometry":{"type":"Point","coordinates":[428768.168500332976691,6250098.685456000268459]}},
{"type":"Feature","properties":{"full_id":"n2641850304","osm_id":"2641850304","osm_type":"node","highway":"bus_stop","temporary":null,"route_ref":null,"mapillary":null,"short_name":null,"vending_machine":null,"wheelchair":"yes","tactile_paving":"no","shelter":"yes","ref":"3011","public_transport":"platform","operator":null,"network:wikipedia":"fr:Transports en commun de Pau","network:wikidata":"Q3147798","network":"IDELIS","name":"ASFO","lit":"yes","departures_board":"timetable","check_date:shelter":"2026-07-22","check_date":null,"bus":"yes","bin":"yes","bench":"yes"},"geometry":{"type":"Point","coordinates":[429746.867784376256168,6252121.791774931363761]}},
{"type":"Feature","properties":{"full_id":"n2641880159","osm_id":"2641880159","osm_type":"node","highway":"bus_stop","temporary":null,"route_ref":null,"mapillary":null,"short_name":null,"vending_machine":null,"wheelchair":"yes","tactile_paving":"no","shelter":"yes","ref":"3012","public_transport":"platform","operator":null,"network:wikipedia":"fr:Transports en commun de Pau","network:wikidata":"Q3147798","network":"IDELIS","name":"ASFO","lit":"yes","departures_board":"timetable","check_date:shelter":"2026-07-22","check_date":null,"bus":"yes","bin":"yes","bench":"yes"},"geometry":{"type":"Point","coordinates":[429719.480923174705822,6252113.301235940307379]}},
{"type":"Feature","properties":{"full_id":"n2731256938","osm_id":"2731256938","osm_type":"node","highway":"bus_stop","temporary":null,"route_ref":null,"mapillary":null,"short_name":null,"vending_machine":null,"wheelchair":"yes","tactile_paving":"no","shelter":"no","ref":"3245","public_transport":"platform","operator":null,"network:wikipedia":"fr:Transports en commun de Pau","network:wikidata":"Q3147798","network":"IDELIS","name":"Mgr Campo","lit":"no","departures_board":"timetable","check_date:shelter":null,"check_date":null,"bus":"yes","bin":"no","bench":"no"},"geometry":{"type":"Point","coordinates":[428687.959853157633916,6252393.757350951433182]}},
{"type":"Feature","properties":{"full_id":"n2731286010","osm_id":"2731286010","osm_type":"node","highway":"bus_stop","temporary":null,"route_ref":null,"mapillary":null,"short_name":null,"vending_machine":null,"wheelchair":"yes","tactile_paving":"no","shelter":"yes","ref":"3244","public_transport":"platform","operator":null,"network:wikipedia":"fr:Transports en commun de Pau","network:wikidata":"Q3147798","network":"IDELIS","name":"Mgr Campo","lit":"yes","departures_board":"timetable","check_date:shelter":null,"check_date":null,"bus":"yes","bin":"yes","bench":"yes"},"geometry":{"type":"Point","coordinates":[428674.433617063623387,6252389.535061013884842]}},
{"type":"Feature","properties":{"full_id":"n2843079582","osm_id":"2843079582","osm_type":"node","highway":"bus_stop","temporary":null,"route_ref":null,"mapillary":null,"short_name":null,"vending_machine":null,"wheelchair":"yes","tactile_paving":"no","shelter":"no","ref":"3249","public_transport":"platform","operator":"STAP","network:wikipedia":"fr:Transports en commun de Pau","network:wikidata":"Q3147798","network":"IDELIS","name":"Méon","lit":"no","departures_board":"timetable","check_date:shelter":null,"check_date":null,"bus":"yes","bin":"yes","bench":"no"},"geometry":{"type":"Point","coordinates":[425849.682587171671912,6252653.785440552048385]}},
{"type":"Feature","properties":{"full_id":"n2969929027","osm_id":"2969929027","osm_type":"node","highway":"bus_stop","temporary":null,"route_ref":null,"mapillary":null,"short_name":null,"vending_machine":"public_transport_tickets","wheelchair":"yes","tactile_paving":"yes","shelter":"yes","ref":"3143","public_transport":"platform","operator":"STAP","network:wikipedia":"fr:Transports en commun de Pau","network:wikidata":"Q3147798","network":"IDELIS","name":"Pl. d'Espagne - Bosquet","lit":"yes","departures_board":"realtime","check_date:shelter":null,"check_date":null,"bus":"yes","bin":"yes","bench":"yes"},"geometry":{"type":"Point","coordinates":[426744.150353109173011,6250183.419129025191069]}},
{"type":"Feature","properties":{"full_id":"n3126848260","osm_id":"3126848260","osm_type":"node","highway":"bus_stop","temporary":null,"route_ref":null,"mapillary":null,"short_name":null,"vending_machine":null,"wheelchair":"no","tactile_paving":"no","shelter":"no","ref":"3175","public_transport":"platform","operator":"STAP","network:wikipedia":"fr:Transports en commun de Pau","network:wikidata":"Q3147798","network":"IDELIS","name":"Gare de Pau Quai D","lit":"no","departures_board":"timetable","check_date:shelter":null,"check_date":null,"bus":"yes","bin":"no","bench":"no"},"geometry":{"type":"Point","coordinates":[426538.391056230117101,6249497.73124738316983]}},
{"type":"Feature","properties":{"full_id":"n3126848261","osm_id":"3126848261","osm_type":"node","highway":"bus_stop","temporary":null,"route_ref":null,"mapillary":null,"short_name":null,"vending_machine":null,"wheelchair":"no","tactile_paving":"no","shelter":"no","ref":"3174","public_transport":"platform","operator":"STAP","network:wikipedia":"fr:Transports en commun de Pau","network:wikidata":"Q3147798","network":"IDELIS","name":"Gare de Pau Quai C","lit":"no","departures_board":"timetable","check_date:shelter":null,"check_date":null,"bus":"yes","bin":"no","bench":"no"},"geometry":{"type":"Point","coordinates":[426517.602251634933054,6249518.713455318473279]}},
{"type":"Feature","properties":{"full_id":"n3249962320","osm_id":"3249962320","osm_type":"node","highway":"bus_stop","temporary":null,"route_ref":null,"mapillary":null,"short_name":null,"vending_machine":null,"wheelchair":"yes","tactile_paving":"no","shelter":"no","ref":"3342","public_transport":"platform","operator":null,"network:wikipedia":"fr:Transports en commun de Pau","network:wikidata":"Q3147798","network":"IDELIS","name":"Sainte Jeanne Elisabeth","lit":"no","departures_board":"timetable","check_date:shelter":null,"check_date":null,"bus":"yes","bin":"no","bench":"no"},"geometry":{"type":"Point","coordinates":[429510.887120829138439,6251366.368611752986908]}},
{"type":"Feature","properties":{"full_id":"n3249962321","osm_id":"3249962321","osm_type":"node","highway":"bus_stop","temporary":null,"route_ref":null,"mapillary":null,"short_name":null,"vending_machine":null,"wheelchair":"yes","tactile_paving":"no","shelter":"yes","ref":"3341","public_transport":"platform","operator":null,"network:wikipedia":"fr:Transports en commun de Pau","network:wikidata":"Q3147798","network":"IDELIS","name":"Sainte Jeanne Elisabeth","lit":"yes","departures_board":"timetable","check_date:shelter":null,"check_date":null,"bus":"yes","bin":"yes","bench":"yes"},"geometry":{"type":"Point","coordinates":[429510.062078863382339,6251378.57562205940485]}},
{"type":"Feature","properties":{"full_id":"n3249981968","osm_id":"3249981968","osm_type":"node","highway":"bus_stop","temporary":null,"route_ref":null,"mapillary":null,"short_name":null,"vending_machine":null,"wheelchair":"yes","tactile_paving":"no","shelter":"yes","ref":"3328","public_transport":"platform","operator":null,"network:wikipedia":"fr:Transports en commun de Pau","network:wikidata":"Q3147798","network":"IDELIS","name":"Rond-point","lit":"yes","departures_board":"timetable","check_date:shelter":null,"check_date":null,"bus":"yes","bin":"yes","bench":"yes"},"geometry":{"type":"Point","coordinates":[428997.259111033228692,6251190.323260742239654]}},
{"type":"Feature","properties":{"full_id":"n3249981969","osm_id":"3249981969","osm_type":"node","highway":"bus_stop","temporary":null,"route_ref":null,"mapillary":null,"short_name":null,"vending_machine":null,"wheelchair":"yes","tactile_paving":"no","shelter":"yes","ref":"3217","public_transport":"platform","operator":null,"network:wikipedia":"fr:Transports en commun de Pau","network:wikidata":"Q3147798","network":"IDELIS","name":"Lapuyade","lit":"yes","departures_board":"timetable","check_date:shelter":null,"check_date":null,"bus":"yes","bin":"yes","bench":"yes"},"geometry":{"type":"Point","coordinates":[428714.394506604468916,6251282.008182812482119]}},
{"type":"Feature","properties":{"full_id":"n3249981970","osm_id":"3249981970","osm_type":"node","highway":"bus_stop","temporary":null,"route_ref":null,"mapillary":null,"short_name":null,"vending_machine":null,"wheelchair":"yes","tactile_paving":"no","shelter":"no","ref":"3218","public_transport":"platform","operator":null,"network:wikipedia":"fr:Transports en commun de Pau","network:wikidata":"Q3147798","network":"IDELIS","name":"Lapuyade","lit":"no","departures_board":"timetable","check_date:shelter":null,"check_date":null,"bus":"yes","bin":"no","bench":"no"},"geometry":{"type":"Point","coordinates":[428740.408376994833816,6251264.483790055848658]}},
{"type":"Feature","properties":{"full_id":"n3249981971","osm_id":"3249981971","osm_type":"node","highway":"bus_stop","temporary":null,"route_ref":null,"mapillary":null,"short_name":null,"vending_machine":null,"wheelchair":"yes","tactile_paving":"no","shelter":"yes","ref":"3324","public_transport":"platform","operator":null,"network:wikipedia":"fr:Transports en commun de Pau","network:wikidata":"Q3147798","network":"IDELIS","name":"Rousse","lit":"yes","departures_board":"timetable","check_date:shelter":null,"check_date":null,"bus":"yes","bin":"yes","bench":"yes"},"geometry":{"type":"Point","coordinates":[428473.75038170942571,6251194.783733612857759]}},
{"type":"Feature","properties":{"full_id":"n3249981972","osm_id":"3249981972","osm_type":"node","highway":"bus_stop","temporary":null,"route_ref":null,"mapillary":null,"short_name":null,"vending_machine":null,"wheelchair":"yes","tactile_paving":"no","shelter":"no","ref":"3098","public_transport":"platform","operator":null,"network:wikipedia":"fr:Transports en commun de Pau","network:wikidata":"Q3147798","network":"IDELIS","name":"CPAM","lit":"no","departures_board":"timetable","check_date:shelter":null,"check_date":null,"bus":"yes","bin":"no","bench":"no"},"geometry":{"type":"Point","coordinates":[428195.759711898630485,6250981.888868140988052]}},
{"type":"Feature","properties":{"full_id":"n3249981973","osm_id":"3249981973","osm_type":"node","highway":"bus_stop","temporary":null,"route_ref":null,"mapillary":null,"short_name":null,"vending_machine":null,"wheelchair":"yes","tactile_paving":"no","shelter":"yes","ref":"3097","public_transport":"platform","operator":null,"network:wikipedia":"fr:Transports en commun de Pau","network:wikidata":"Q3147798","network":"IDELIS","name":"CPAM","lit":"yes","departures_board":"realtime","check_date:shelter":null,"check_date":null,"bus":"yes","bin":"yes","bench":"yes"},"geometry":{"type":"Point","coordinates":[428135.132478702173103,6250961.163358002901077]}},
{"type":"Feature","properties":{"full_id":"n3249981974","osm_id":"3249981974","osm_type":"node","highway":"bus_stop","temporary":null,"route_ref":null,"mapillary":null,"short_name":null,"vending_machine":null,"wheelchair":"yes","tactile_paving":"no","shelter":"no","ref":"3002","public_transport":"platform","operator":"STAP","network:wikipedia":"fr:Transports en commun de Pau","network:wikidata":"Q3147798","network":"IDELIS","name":"11 Novembre 1918","lit":"no","departures_board":"timetable","check_date:shelter":null,"check_date":null,"bus":"yes","bin":"no","bench":"no"},"geometry":{"type":"Point","coordinates":[427820.862694970273878,6250802.206890617497265]}},
{"type":"Feature","properties":{"full_id":"n3249981975","osm_id":"3249981975","osm_type":"node","highway":"bus_stop","temporary":null,"route_ref":null,"mapillary":null,"short_name":null,"vending_machine":null,"wheelchair":"yes","tactile_paving":"no","shelter":"no","ref":"3001","public_transport":"platform","operator":null,"network:wikipedia":"fr:Transports en commun de Pau","network:wikidata":"Q3147798","network":"IDELIS","name":"11 Novembre 1918","lit":"no","departures_board":"timetable","check_date:shelter":null,"check_date":null,"bus":"yes","bin":"no","bench":"no"},"geometry":{"type":"Point","coordinates":[427783.374480491504073,6250796.768174296244979]}},
{"type":"Feature","properties":{"full_id":"n3249981978","osm_id":"3249981978","osm_type":"node","highway":"bus_stop","temporary":null,"route_ref":null,"mapillary":null,"short_name":null,"vending_machine":null,"wheelchair":"yes","tactile_paving":"no","shelter":"yes","ref":"3264","public_transport":"platform","operator":null,"network:wikipedia":"fr:Transports en commun de Pau","network:wikidata":"Q3147798","network":"IDELIS","name":"Notre Dame","lit":"yes","departures_board":"timetable","check_date:shelter":null,"check_date":null,"bus":"yes","bin":"yes","bench":"yes"},"geometry":{"type":"Point","coordinates":[427344.393556615686975,6250636.137099457904696]}},
{"type":"Feature","properties":{"full_id":"n3249981979","osm_id":"3249981979","osm_type":"node","highway":"bus_stop","temporary":null,"route_ref":null,"mapillary":null,"short_name":null,"vending_machine":null,"wheelchair":"yes","tactile_paving":"no","shelter":"yes","ref":"3263","public_transport":"platform","operator":null,"network:wikipedia":"fr:Transports en commun de Pau","network:wikidata":"Q3147798","network":"IDELIS","name":"Notre Dame","lit":"yes","departures_board":"realtime","check_date:shelter":null,"check_date":null,"bus":"yes","bin":"yes","bench":"yes"},"geometry":{"type":"Point","coordinates":[427313.387317950313445,6250637.735252695158124]}},
{"type":"Feature","properties":{"full_id":"n3249981980","osm_id":"3249981980","osm_type":"node","highway":"bus_stop","temporary":null,"route_ref":null,"mapillary":null,"short_name":null,"vending_machine":null,"wheelchair":"yes","tactile_paving":"no","shelter":"no","ref":"3161","public_transport":"platform","operator":null,"network:wikipedia":"fr:Transports en commun de Pau","network:wikidata":"Q3147798","network":"IDELIS","name":"Garet","lit":"no","departures_board":"timetable","check_date:shelter":"2025-08-19","check_date":null,"bus":"yes","bin":"no","bench":"no"},"geometry":{"type":"Point","coordinates":[427155.912488034460694,6250470.467073813080788]}},
{"type":"Feature","properties":{"full_id":"n3249981981","osm_id":"3249981981","osm_type":"node","highway":"bus_stop","temporary":null,"route_ref":null,"mapillary":null,"short_name":null,"vending_machine":null,"wheelchair":"yes","tactile_paving":"no","shelter":"no","ref":"3162","public_transport":"platform","operator":null,"network:wikipedia":"fr:Transports en commun de Pau","network:wikidata":"Q3147798","network":"IDELIS","name":"Garet","lit":"no","departures_board":"timetable","check_date:shelter":"2025-08-19","check_date":null,"bus":"yes","bin":"no","bench":"no"},"geometry":{"type":"Point","coordinates":[427177.262277562287636,6250485.201570776291192]}},
{"type":"Feature","properties":{"full_id":"n3666344268","osm_id":"3666344268","osm_type":"node","highway":"bus_stop","temporary":null,"route_ref":null,"mapillary":null,"short_name":null,"vending_machine":null,"wheelchair":"no","tactile_paving":"no","shelter":"no","ref":"3030","public_transport":"platform","operator":null,"network:wikipedia":"fr:Transports en commun de Pau","network:wikidata":"Q3147798","network":"IDELIS","name":"Bonaparte","lit":"no","departures_board":"timetable","check_date:shelter":null,"check_date":null,"bus":"yes","bin":"no","bench":"no"},"geometry":{"type":"Point","coordinates":[426809.346816628298257,6249646.883644485846162]}},
{"type":"Feature","properties":{"full_id":"n3666344269","osm_id":"3666344269","osm_type":"node","highway":"bus_stop","temporary":null,"route_ref":null,"mapillary":null,"short_name":null,"vending_machine":null,"wheelchair":"yes","tactile_paving":"no","shelter":"yes","ref":"3032","public_transport":"platform","operator":"STAP","network:wikipedia":"fr:Transports en commun de Pau","network:wikidata":"Q3147798","network":"IDELIS","name":"Bosquet Quai C","lit":"yes","departures_board":"realtime","check_date:shelter":null,"check_date":null,"bus":"yes","bin":"yes","bench":"yes"},"geometry":{"type":"Point","coordinates":[426803.83878062752774,6250100.472343362867832]}},
{"type":"Feature","properties":{"full_id":"n3666344270","osm_id":"3666344270","osm_type":"node","highway":"bus_stop","temporary":null,"route_ref":null,"mapillary":null,"short_name":null,"vending_machine":null,"wheelchair":"yes","tactile_paving":"no","shelter":"yes","ref":"3172","public_transport":"platform","operator":"STAP","network:wikipedia":"fr:Transports en commun de Pau","network:wikidata":"Q3147798","network":"IDELIS","name":"Gare de Pau Quai A","lit":"yes","departures_board":"timetable","check_date:shelter":"2025-09-04","check_date":null,"bus":"yes","bin":"yes","bench":"yes"},"geometry":{"type":"Point","coordinates":[426458.751899929193314,6249513.615466361865401]}},
{"type":"Feature","properties":{"full_id":"n3666344272","osm_id":"3666344272","osm_type":"node","highway":"bus_stop","temporary":null,"route_ref":null,"mapillary":null,"short_name":null,"vending_machine":null,"wheelchair":"yes","tactile_paving":"no","shelter":"yes","ref":"3253","public_transport":"platform","operator":null,"network:wikipedia":"fr:Transports en commun de Pau","network:wikidata":"Q3147798","network":"IDELIS","name":"Pl. de la Monnaie","lit":"yes","departures_board":"timetable","check_date:shelter":null,"check_date":null,"bus":"yes","bin":"yes","bench":"yes"},"geometry":{"type":"Point","coordinates":[426007.75692816497758,6249634.865075340494514]}},
{"type":"Feature","properties":{"full_id":"n3678126606","osm_id":"3678126606","osm_type":"node","highway":"bus_stop","temporary":null,"route_ref":null,"mapillary":null,"short_name":null,"vending_machine":null,"wheelchair":"no","tactile_paving":"no","shelter":"no","ref":"3031","public_transport":"platform","operator":null,"network:wikipedia":"fr:Transports en commun de Pau","network:wikidata":"Q3147798","network":"IDELIS","name":"Bonaparte","lit":"no","departures_board":"timetable","check_date:shelter":null,"check_date":null,"bus":"yes","bin":"no","bench":"no"},"geometry":{"type":"Point","coordinates":[426780.543631764070597,6249650.704563228413463]}},
{"type":"Feature","properties":{"full_id":"n3678126616","osm_id":"3678126616","osm_type":"node","highway":"bus_stop","temporary":null,"route_ref":null,"mapillary":null,"short_name":null,"vending_machine":null,"wheelchair":"yes","tactile_paving":"no","shelter":"yes","ref":"3069","public_transport":"platform","operator":null,"network:wikipedia":"fr:Transports en commun de Pau","network:wikidata":"Q3147798","network":"IDELIS","name":"Croix du Prince","lit":"yes","departures_board":"timetable","check_date:shelter":null,"check_date":null,"bus":"yes","bin":"yes","bench":"yes"},"geometry":{"type":"Point","coordinates":[425587.161487901059445,6249108.247659084387124]}},
{"type":"Feature","properties":{"full_id":"n3678126622","osm_id":"3678126622","osm_type":"node","highway":"bus_stop","temporary":null,"route_ref":null,"mapillary":null,"short_name":null,"vending_machine":null,"wheelchair":"yes","tactile_paving":"no","shelter":"yes","ref":"3173","public_transport":"platform","operator":"STAP","network:wikipedia":"fr:Transports en commun de Pau","network:wikidata":"Q3147798","network":"IDELIS","name":"Gare de Pau Quai B","lit":"yes","departures_board":"timetable","check_date:shelter":null,"check_date":null,"bus":"yes","bin":"yes","bench":"yes"},"geometry":{"type":"Point","coordinates":[426432.076991310692392,6249532.457070800475776]}},
{"type":"Feature","properties":{"full_id":"n3678126729","osm_id":"3678126729","osm_type":"node","highway":"bus_stop","temporary":null,"route_ref":null,"mapillary":null,"short_name":null,"vending_machine":null,"wheelchair":"yes","tactile_paving":"no","shelter":"no","ref":"3252","public_transport":"platform","operator":null,"network:wikipedia":"fr:Transports en commun de Pau","network:wikidata":"Q3147798","network":"IDELIS","name":"Pl. de la Monnaie","lit":"no","departures_board":"timetable","check_date:shelter":null,"check_date":null,"bus":"yes","bin":"no","bench":"no"},"geometry":{"type":"Point","coordinates":[425970.290164915029891,6249669.091152150183916]}},
{"type":"Feature","properties":{"full_id":"n3678126732","osm_id":"3678126732","osm_type":"node","highway":"bus_stop","temporary":null,"route_ref":null,"mapillary":null,"short_name":null,"vending_machine":null,"wheelchair":"yes","tactile_paving":"no","shelter":"yes","ref":"3326","public_transport":"platform","operator":null,"network:wikipedia":"fr:Transports en commun de Pau","network:wikidata":"Q3147798","network":"IDELIS","name":"Roussille","lit":"yes","departures_board":"realtime","check_date:shelter":null,"check_date":null,"bus":"yes","bin":"yes","bench":"yes"},"geometry":{"type":"Point","coordinates":[425770.071865389996674,6249544.984202144667506]}},
{"type":"Feature","properties":{"full_id":"n3681877134","osm_id":"3681877134","osm_type":"node","highway":"bus_stop","temporary":null,"route_ref":null,"mapillary":null,"short_name":null,"vending_machine":null,"wheelchair":"yes","tactile_paving":"yes","shelter":"yes","ref":"3125","public_transport":"platform","operator":"STAP","network:wikipedia":"fr:Transports en commun de Pau","network:wikidata":"Q3147798","network":"IDELIS","name":"Alliés - Alsace Lorraine","lit":"yes","departures_board":"realtime","check_date:shelter":"2026-05-14","check_date":null,"bus":"yes","bin":"yes","bench":"yes"},"geometry":{"type":"Point","coordinates":[426686.512866854376625,6250803.058178975246847]}},
{"type":"Feature","properties":{"full_id":"n3681877152","osm_id":"3681877152","osm_type":"node","highway":"bus_stop","temporary":null,"route_ref":null,"mapillary":null,"short_name":null,"vending_machine":null,"wheelchair":"yes","tactile_paving":"no","shelter":"yes","ref":"3067","public_transport":"platform","operator":null,"network:wikipedia":"fr:Transports en commun de Pau","network:wikidata":"Q3147798","network":"IDELIS","name":"Commune de Paris","lit":"yes","departures_board":"timetable","check_date:shelter":"2024-11-30","check_date":null,"bus":"yes","bin":"yes","bench":"yes"},"geometry":{"type":"Point","coordinates":[427123.670757007843349,6251772.138340691104531]}},
{"type":"Feature","properties":{"full_id":"n3681877153","osm_id":"3681877153","osm_type":"node","highway":"bus_stop","temporary":null,"route_ref":null,"mapillary":null,"short_name":null,"vending_machine":null,"wheelchair":"yes","tactile_paving":"no","shelter":"yes","ref":"3066","public_transport":"platform","operator":null,"network:wikipedia":"fr:Transports en commun de Pau","network:wikidata":"Q3147798","network":"IDELIS","name":"Commune de Paris","lit":"yes","departures_board":"timetable","check_date:shelter":"2024-11-30","check_date":null,"bus":"yes","bin":"yes","bench":"yes"},"geometry":{"type":"Point","coordinates":[427164.675903767521959,6251778.235329332761467]}},
{"type":"Feature","properties":{"full_id":"n3681877168","osm_id":"3681877168","osm_type":"node","highway":"bus_stop","temporary":null,"route_ref":null,"mapillary":null,"short_name":null,"vending_machine":null,"wheelchair":"yes","tactile_paving":"no","shelter":"yes","ref":"3103","public_transport":"platform","operator":null,"network:wikipedia":"fr:Transports en commun de Pau","network:wikidata":"Q3147798","network":"IDELIS","name":"Condorcet - Université Quai A","lit":"yes","departures_board":"realtime","check_date:shelter":"2024-11-30","check_date":null,"bus":"yes","bin":"yes","bench":"yes"},"geometry":{"type":"Point","coordinates":[427294.292790889798198,6252211.3844222612679]}},
{"type":"Feature","properties":{"full_id":"n3681877171","osm_id":"3681877171","osm_type":"node","highway":"bus_stop","temporary":null,"route_ref":null,"mapillary":null,"short_name":null,"vending_machine":null,"wheelchair":"yes","tactile_paving":"no","shelter":"yes","ref":"3104","public_transport":"platform","operator":null,"network:wikipedia":"fr:Transports en commun de Pau","network:wikidata":"Q3147798","network":"IDELIS","name":"Condorcet - Université Quai D","lit":"yes","departures_board":"timetable","check_date:shelter":"2024-11-30","check_date":null,"bus":"yes","bin":"yes","bench":"yes"},"geometry":{"type":"Point","coordinates":[427213.910556505667046,6252116.172591584734619]}},
{"type":"Feature","properties":{"full_id":"n3686569375","osm_id":"3686569375","osm_type":"node","highway":"bus_stop","temporary":null,"route_ref":null,"mapillary":null,"short_name":null,"vending_machine":null,"wheelchair":"yes","tactile_paving":"no","shelter":"no","ref":"3036","public_transport":"platform","operator":null,"network:wikipedia":"fr:Transports en commun de Pau","network:wikidata":"Q3147798","network":"IDELIS","name":"Bosquet Quai H","lit":"no","departures_board":"timetable","check_date:shelter":null,"check_date":null,"bus":"yes","bin":"yes","bench":"yes"},"geometry":{"type":"Point","coordinates":[426750.782961653429084,6249988.554201874881983]}},
{"type":"Feature","properties":{"full_id":"n3686569378","osm_id":"3686569378","osm_type":"node","highway":"bus_stop","temporary":null,"route_ref":null,"mapillary":null,"short_name":null,"vending_machine":null,"wheelchair":"yes","tactile_paving":"no","shelter":"yes","ref":"3047","public_transport":"platform","operator":null,"network:wikipedia":"fr:Transports en commun de Pau","network:wikidata":"Q3147798","network":"IDELIS","name":"Carnot","lit":"yes","departures_board":"timetable","check_date:shelter":null,"check_date":null,"bus":"yes","bin":"yes","bench":"yes"},"geometry":{"type":"Point","coordinates":[426598.273815190419555,6250768.815899709239602]}},
{"type":"Feature","properties":{"full_id":"n3686569386","osm_id":"3686569386","osm_type":"node","highway":"bus_stop","temporary":null,"route_ref":null,"mapillary":null,"short_name":null,"vending_machine":null,"wheelchair":"yes","tactile_paving":"no","shelter":"no","ref":"3236","public_transport":"platform","operator":null,"network:wikipedia":"fr:Transports en commun de Pau","network:wikidata":"Q3147798","network":"IDELIS","name":"Manoir","lit":"no","departures_board":"timetable","check_date:shelter":null,"check_date":null,"bus":"yes","bin":"no","bench":"no"},"geometry":{"type":"Point","coordinates":[426725.180733235611115,6251036.456377003341913]}},
{"type":"Feature","properties":{"full_id":"n3686569388","osm_id":"3686569388","osm_type":"node","highway":"bus_stop","temporary":null,"route_ref":null,"mapillary":null,"short_name":null,"vending_machine":null,"wheelchair":"no","tactile_paving":"no","shelter":"no","ref":"3275","public_transport":"platform","operator":null,"network:wikipedia":"fr:Transports en commun de Pau","network:wikidata":"Q3147798","network":"IDELIS","name":"Pasteur","lit":"no","departures_board":"timetable","check_date:shelter":null,"check_date":null,"bus":"yes","bin":"no","bench":"no"},"geometry":{"type":"Point","coordinates":[426536.559908889175858,6250573.998396174050868]}},
{"type":"Feature","properties":{"full_id":"n3695643263","osm_id":"3695643263","osm_type":"node","highway":"bus_stop","temporary":null,"route_ref":null,"mapillary":null,"short_name":null,"vending_machine":null,"wheelchair":"yes","tactile_paving":"no","shelter":"no","ref":"3037","public_transport":"platform","operator":null,"network:wikipedia":null,"network:wikidata":null,"network":null,"name":"Buisson","lit":"no","departures_board":"timetable","check_date:shelter":null,"check_date":null,"bus":"yes","bin":"no","bench":"no"},"geometry":{"type":"Point","coordinates":[427421.835679935000371,6249556.547696095891297]}},
{"type":"Feature","properties":{"full_id":"n3695643264","osm_id":"3695643264","osm_type":"node","highway":"bus_stop","temporary":null,"route_ref":null,"mapillary":null,"short_name":null,"vending_machine":null,"wheelchair":"yes","tactile_paving":"no","shelter":"no","ref":"3038","public_transport":"platform","operator":null,"network:wikipedia":null,"network:wikidata":null,"network":null,"name":"Buisson","lit":"no","departures_board":"timetable","check_date:shelter":null,"check_date":null,"bus":"yes","bin":"no","bench":"no"},"geometry":{"type":"Point","coordinates":[427418.964393604488578,6249533.381919684819877]}},
{"type":"Feature","properties":{"full_id":"n3695643274","osm_id":"3695643274","osm_type":"node","highway":"bus_stop","temporary":null,"route_ref":null,"mapillary":null,"short_name":null,"vending_machine":null,"wheelchair":"yes","tactile_paving":"no","shelter":"yes","ref":"3119","public_transport":"platform","operator":"STAP","network:wikipedia":"fr:Transports en commun de Pau","network:wikidata":"Q3147798","network":"Idelis","name":"Étigny","lit":"yes","departures_board":"timetable","check_date:shelter":"2025-03-14","check_date":null,"bus":"yes","bin":"yes","bench":"yes"},"geometry":{"type":"Point","coordinates":[425377.15635296452092,6249996.025629030540586]}},
{"type":"Feature","properties":{"full_id":"n3695643276","osm_id":"3695643276","osm_type":"node","highway":"bus_stop","temporary":null,"route_ref":null,"mapillary":null,"short_name":null,"vending_machine":null,"wheelchair":"yes","tactile_paving":"no","shelter":"yes","ref":"3120","public_transport":"platform","operator":"STAP","network:wikipedia":"fr:Transports en commun de Pau","network:wikidata":"Q3147798","network":"Idelis","name":"Étigny","lit":"yes","departures_board":"timetable","check_date:shelter":"2025-03-14","check_date":null,"bus":"yes","bin":"yes","bench":"yes"},"geometry":{"type":"Point","coordinates":[425370.221575472387485,6250009.430210179649293]}},
{"type":"Feature","properties":{"full_id":"n3695643277","osm_id":"3695643277","osm_type":"node","highway":"bus_stop","temporary":null,"route_ref":null,"mapillary":null,"short_name":null,"vending_machine":null,"wheelchair":"yes","tactile_paving":"no","shelter":"no","ref":"3180","public_transport":"platform","operator":null,"network:wikipedia":"fr:Transports en commun de Pau","network:wikidata":"Q3147798","network":"IDELIS","name":"Pl. Gramont","lit":"no","departures_board":"timetable","check_date:shelter":null,"check_date":null,"bus":"yes","bin":"yes","bench":"yes"},"geometry":{"type":"Point","coordinates":[426076.672001225291751,6249978.535979931242764]}},
{"type":"Feature","properties":{"full_id":"n3695643279","osm_id":"3695643279","osm_type":"node","highway":"bus_stop","temporary":null,"route_ref":null,"mapillary":null,"short_name":null,"vending_machine":null,"wheelchair":"yes","tactile_paving":"no","shelter":"yes","ref":"3182","public_transport":"platform","operator":"STAP","network:wikipedia":"fr:Transports en commun de Pau","network:wikidata":"Q3147798","network":"IDELIS","name":"Guichenné","lit":"yes","departures_board":"realtime","check_date:shelter":"2025-09-18","check_date":null,"bus":"yes","bin":"yes","bench":"yes"},"geometry":{"type":"Point","coordinates":[426578.370873358449899,6250225.074924099259079]}},
{"type":"Feature","properties":{"full_id":"n3695643297","osm_id":"3695643297","osm_type":"node","highway":"bus_stop","temporary":null,"route_ref":null,"mapillary":null,"short_name":null,"vending_machine":null,"wheelchair":"yes","tactile_paving":"no","shelter":"yes","ref":"3261","public_transport":"platform","operator":null,"network:wikipedia":"fr:Transports en commun de Pau","network:wikidata":"Q3147798","network":"IDELIS","name":"Mulot","lit":"yes","departures_board":"timetable","check_date:shelter":"2025-03-14","check_date":null,"bus":"yes","bin":"yes","bench":"yes"},"geometry":{"type":"Point","coordinates":[425713.932839572778903,6249953.623653151094913]}},
{"type":"Feature","properties":{"full_id":"n3695643300","osm_id":"3695643300","osm_type":"node","highway":"bus_stop","temporary":null,"route_ref":null,"mapillary":null,"short_name":null,"vending_machine":null,"wheelchair":"yes","tactile_paving":"no","shelter":"yes","ref":"3262","public_transport":"platform","operator":null,"network:wikipedia":"fr:Transports en commun de Pau","network:wikidata":"Q3147798","network":"IDELIS","name":"Mulot","lit":"yes","departures_board":"realtime","check_date:shelter":"2025-03-14","check_date":null,"bus":"yes","bin":"yes","bench":"yes"},"geometry":{"type":"Point","coordinates":[425696.201132156769745,6249962.205001722089946]}},
{"type":"Feature","properties":{"full_id":"n3695643301","osm_id":"3695643301","osm_type":"node","highway":"bus_stop","temporary":null,"route_ref":null,"mapillary":null,"short_name":null,"vending_machine":null,"wheelchair":"yes","tactile_paving":"no","shelter":"yes","ref":"3284","public_transport":"platform","operator":"STAP","network:wikipedia":"fr:Transports en commun de Pau","network:wikidata":"Q3147798","network":"IDELIS","name":"Palais de Justice","lit":"yes","departures_board":"realtime","check_date:shelter":"2025-09-03","check_date":null,"bus":"yes","bin":"yes","bench":"yes"},"geometry":{"type":"Point","coordinates":[426260.409642341255676,6250269.320366943255067]}},
{"type":"Feature","properties":{"full_id":"n3695643310","osm_id":"3695643310","osm_type":"node","highway":"bus_stop","temporary":null,"route_ref":null,"mapillary":null,"short_name":null,"vending_machine":null,"wheelchair":"yes","tactile_paving":"no","shelter":"no","ref":"3379","public_transport":"platform","operator":"STAP","network:wikipedia":"fr:Transports en commun de Pau","network:wikidata":"Q3147798","network":"IDELIS","name":"Pl. Verdun","lit":"no","departures_board":"timetable","check_date:shelter":null,"check_date":null,"bus":"yes","bin":"no","bench":"no"},"geometry":{"type":"Point","coordinates":[426072.399186299124267,6250234.186608311720192]}},
{"type":"Feature","properties":{"full_id":"n3698828908","osm_id":"3698828908","osm_type":"node","highway":"bus_stop","temporary":null,"route_ref":null,"mapillary":null,"short_name":null,"vending_machine":null,"wheelchair":"yes","tactile_paving":"yes","shelter":"yes","ref":"3142","public_transport":"platform","operator":"STAP","network:wikipedia":"fr:Transports en commun de Pau","network:wikidata":"Q3147798","network":"IDELIS","name":"Pl. d'Espagne - Bosquet","lit":"yes","departures_board":"realtime","check_date:shelter":null,"check_date":null,"bus":"yes","bin":"yes","bench":"yes"},"geometry":{"type":"Point","coordinates":[426734.811489353422076,6250177.675652099773288]}},
{"type":"Feature","properties":{"full_id":"n3698828909","osm_id":"3698828909","osm_type":"node","highway":"bus_stop","temporary":null,"route_ref":null,"mapillary":null,"short_name":null,"vending_machine":null,"wheelchair":"yes","tactile_paving":"no","shelter":"yes","ref":"3223","public_transport":"platform","operator":"STAP","network:wikipedia":"fr:Transports en commun de Pau","network:wikidata":"Q3147798","network":"IDELIS","name":"Les Halles Médiathèque","lit":"yes","departures_board":"realtime","check_date:shelter":"2025-11-29","check_date":null,"bus":"yes","bin":"yes","bench":"yes"},"geometry":{"type":"Point","coordinates":[426597.529324922303203,6250390.232576515525579]}},
{"type":"Feature","properties":{"full_id":"n3698828910","osm_id":"3698828910","osm_type":"node","highway":"bus_stop","temporary":null,"route_ref":null,"mapillary":null,"short_name":null,"vending_machine":null,"wheelchair":"yes","tactile_paving":"no","shelter":"yes","ref":"3285","public_transport":"platform","operator":"STAP","network:wikipedia":"fr:Transports en commun de Pau","network:wikidata":"Q3147798","network":"IDELIS","name":"Palais de Justice","lit":"yes","departures_board":"realtime","check_date:shelter":"2025-09-03","check_date":null,"bus":"yes","bin":"yes","bench":"yes"},"geometry":{"type":"Point","coordinates":[426249.89129037456587,6250285.0467449137941]}},
{"type":"Feature","properties":{"full_id":"n3698828918","osm_id":"3698828918","osm_type":"node","highway":"bus_stop","temporary":null,"route_ref":null,"mapillary":null,"short_name":null,"vending_machine":null,"wheelchair":"yes","tactile_paving":"no","shelter":"yes","ref":"3381","public_transport":"platform","operator":null,"network:wikipedia":"fr:Transports en commun de Pau","network:wikidata":"Q3147798","network":"IDELIS","name":"Pl. Verdun Quai E","lit":"yes","departures_board":"timetable","check_date:shelter":null,"check_date":null,"bus":"yes","bin":"yes","bench":"yes"},"geometry":{"type":"Point","coordinates":[425949.785494768177159,6250258.38007441163063]}},
{"type":"Feature","properties":{"full_id":"n3704604902","osm_id":"3704604902","osm_type":"node","highway":"bus_stop","temporary":null,"route_ref":null,"mapillary":null,"short_name":null,"vending_machine":null,"wheelchair":"yes","tactile_paving":"no","shelter":"yes","ref":"3212","public_transport":"platform","operator":null,"network:wikipedia":"fr:Transports en commun de Pau","network:wikidata":"Q3147798","network":"IDELIS","name":"La Lande","lit":"yes","departures_board":"timetable","check_date:shelter":null,"check_date":null,"bus":"yes","bin":"yes","bench":"yes"},"geometry":{"type":"Point","coordinates":[431012.981990477244835,6251891.309499933384359]}},
{"type":"Feature","properties":{"full_id":"n3704604904","osm_id":"3704604904","osm_type":"node","highway":"bus_stop","temporary":null,"route_ref":null,"mapillary":null,"short_name":null,"vending_machine":null,"wheelchair":"yes","tactile_paving":"no","shelter":"yes","ref":"3211","public_transport":"platform","operator":null,"network:wikipedia":"fr:Transports en commun de Pau","network:wikidata":"Q3147798","network":"IDELIS","name":"La Lande","lit":"yes","departures_board":"timetable","check_date:shelter":null,"check_date":null,"bus":"yes","bin":"yes","bench":"yes"},"geometry":{"type":"Point","coordinates":[431030.817562654730864,6251920.589788507670164]}},
{"type":"Feature","properties":{"full_id":"n3704604921","osm_id":"3704604921","osm_type":"node","highway":"bus_stop","temporary":null,"route_ref":null,"mapillary":null,"short_name":null,"vending_machine":null,"wheelchair":"yes","tactile_paving":"no","shelter":"no","ref":"3266","public_transport":"platform","operator":"STAP","network:wikipedia":"fr:Transports en commun de Pau","network:wikidata":"Q3147798","network":"Idelis","name":"Nobel","lit":"no","departures_board":"timetable","check_date:shelter":null,"check_date":null,"bus":"yes","bin":"no","bench":"no"},"geometry":{"type":"Point","coordinates":[431851.285086855234113,6252393.429067286662757]}},
{"type":"Feature","properties":{"full_id":"n3704604923","osm_id":"3704604923","osm_type":"node","highway":"bus_stop","temporary":null,"route_ref":null,"mapillary":null,"short_name":null,"vending_machine":null,"wheelchair":"yes","tactile_paving":"no","shelter":"yes","ref":"3265","public_transport":"platform","operator":"STAP","network:wikipedia":"fr:Transports en commun de Pau","network:wikidata":"Q3147798","network":"Idelis","name":"Nobel","lit":"yes","departures_board":"timetable","check_date:shelter":null,"check_date":null,"bus":"yes","bin":"yes","bench":"yes"},"geometry":{"type":"Point","coordinates":[431779.366425876098219,6252374.956830466166139]}},
{"type":"Feature","properties":{"full_id":"n3705277519","osm_id":"3705277519","osm_type":"node","highway":"bus_stop","temporary":null,"route_ref":null,"mapillary":null,"short_name":null,"vending_machine":null,"wheelchair":"yes","tactile_paving":"no","shelter":"no","ref":"3073","public_transport":"platform","operator":null,"network:wikipedia":"fr:Transports en commun de Pau","network:wikidata":"Q3147798","network":"IDELIS","name":"CHP","lit":"no","departures_board":"timetable","check_date:shelter":"2025-03-14","check_date":null,"bus":"yes","bin":"no","bench":"no"},"geometry":{"type":"Point","coordinates":[428951.223193274869118,6250836.706291684880853]}},
{"type":"Feature","properties":{"full_id":"n3705277521","osm_id":"3705277521","osm_type":"node","highway":"bus_stop","temporary":null,"route_ref":null,"mapillary":null,"short_name":null,"vending_machine":null,"wheelchair":"yes","tactile_paving":"no","shelter":"yes","ref":"3072","public_transport":"platform","operator":null,"network:wikipedia":"fr:Transports en commun de Pau","network:wikidata":"Q3147798","network":"IDELIS","name":"CHP","lit":"yes","departures_board":"realtime","check_date:shelter":"2025-03-14","check_date":null,"bus":"yes","bin":"yes","bench":"yes"},"geometry":{"type":"Point","coordinates":[428932.159819774795324,6250847.63808028306812]}},
{"type":"Feature","properties":{"full_id":"n3705277522","osm_id":"3705277522","osm_type":"node","highway":"bus_stop","temporary":null,"route_ref":null,"mapillary":null,"short_name":null,"vending_machine":null,"wheelchair":"yes","tactile_paving":"no","shelter":"yes","ref":"3053","public_transport":"platform","operator":"STAP","network:wikipedia":"fr:Transports en commun de Pau","network:wikidata":"Q3147798","network":"IDELIS","name":"Porte des Pyrénées Quai D","lit":"yes","departures_board":"timetable","check_date:shelter":null,"check_date":null,"bus":"yes","bin":"yes","bench":"yes"},"geometry":{"type":"Point","coordinates":[429394.281739756057505,6250937.635261613875628]}},
{"type":"Feature","properties":{"full_id":"n3705277525","osm_id":"3705277525","osm_type":"node","highway":"bus_stop","temporary":null,"route_ref":null,"mapillary":null,"short_name":null,"vending_machine":null,"wheelchair":"yes","tactile_paving":"no","shelter":"yes","ref":"3052","public_transport":"platform","operator":"STAP","network:wikipedia":"fr:Transports en commun de Pau","network:wikidata":"Q3147798","network":"IDELIS","name":"Porte des Pyrénées Quai C","lit":"yes","departures_board":"realtime","check_date:shelter":null,"check_date":null,"bus":"yes","bin":"yes","bench":"yes"},"geometry":{"type":"Point","coordinates":[429345.867774946091231,6250946.045261767692864]}},
{"type":"Feature","properties":{"full_id":"n3705277526","osm_id":"3705277526","osm_type":"node","highway":"bus_stop","temporary":null,"route_ref":null,"mapillary":null,"short_name":null,"vending_machine":null,"wheelchair":"yes","tactile_paving":"no","shelter":"yes","ref":"3079","public_transport":"platform","operator":null,"network:wikipedia":"fr:Transports en commun de Pau","network:wikidata":"Q3147798","network":"IDELIS","name":"Collège J. d'Albret","lit":"yes","departures_board":"timetable","check_date:shelter":null,"check_date":null,"bus":"yes","bin":"yes","bench":"yes"},"geometry":{"type":"Point","coordinates":[428728.465955747582484,6250783.773776555433869]}},
{"type":"Feature","properties":{"full_id":"n3705277529","osm_id":"3705277529","osm_type":"node","highway":"bus_stop","temporary":null,"route_ref":null,"mapillary":null,"short_name":null,"vending_machine":null,"wheelchair":"yes","tactile_paving":"no","shelter":"yes","ref":"3078","public_transport":"platform","operator":null,"network:wikipedia":"fr:Transports en commun de Pau","network:wikidata":"Q3147798","network":"IDELIS","name":"Collège J. d'Albret","lit":"yes","departures_board":"timetable","check_date:shelter":null,"check_date":null,"bus":"yes","bin":"yes","bench":"yes"},"geometry":{"type":"Point","coordinates":[428693.043542012397666,6250791.972255328670144]}},
{"type":"Feature","properties":{"full_id":"n3705277530","osm_id":"3705277530","osm_type":"node","highway":"bus_stop","temporary":null,"route_ref":null,"mapillary":null,"short_name":null,"vending_machine":null,"wheelchair":"yes","tactile_paving":"no","shelter":"yes","ref":"3129","public_transport":"platform","operator":"STAP","network:wikipedia":"fr:Transports en commun de Pau","network:wikidata":"Q3147798","network":"IDELIS","name":"Faisans","lit":"yes","departures_board":"realtime","check_date:shelter":null,"check_date":null,"bus":"yes","bin":"yes","bench":"yes"},"geometry":{"type":"Point","coordinates":[427138.400762155011762,6250316.153493288904428]}},
{"type":"Feature","properties":{"full_id":"n3705277531","osm_id":"3705277531","osm_type":"node","highway":"bus_stop","temporary":null,"route_ref":null,"mapillary":null,"short_name":null,"vending_machine":null,"wheelchair":"yes","tactile_paving":"no","shelter":"yes","ref":"3128","public_transport":"platform","operator":null,"network:wikipedia":"fr:Transports en commun de Pau","network:wikidata":"Q3147798","network":"IDELIS","name":"Faisans","lit":"yes","departures_board":"realtime","check_date:shelter":null,"check_date":null,"bus":"yes","bin":"yes","bench":"yes"},"geometry":{"type":"Point","coordinates":[427123.749931792845018,6250316.566221756860614]}},
{"type":"Feature","properties":{"full_id":"n3705277532","osm_id":"3705277532","osm_type":"node","highway":"bus_stop","temporary":null,"route_ref":null,"mapillary":null,"short_name":null,"vending_machine":null,"wheelchair":"yes","tactile_paving":"no","shelter":"yes","ref":"3272","public_transport":"platform","operator":null,"network:wikipedia":"fr:Transports en commun de Pau","network:wikidata":"Q3147798","network":"IDELIS","name":"Norman Prince","lit":"yes","departures_board":"timetable","check_date:shelter":null,"check_date":null,"bus":"yes","bin":"yes","bench":"yes"},"geometry":{"type":"Point","coordinates":[428171.46405421604868,6250653.532974147237837]}},
{"type":"Feature","properties":{"full_id":"n3705277534","osm_id":"3705277534","osm_type":"node","highway":"bus_stop","temporary":null,"route_ref":null,"mapillary":null,"short_name":null,"vending_machine":null,"wheelchair":"yes","tactile_paving":"no","shelter":"yes","ref":"3271","public_transport":"platform","operator":null,"network:wikipedia":"fr:Transports en commun de Pau","network:wikidata":"Q3147798","network":"IDELIS","name":"Norman Prince","lit":"yes","departures_board":"timetable","check_date:shelter":null,"check_date":null,"bus":"yes","bin":"yes","bench":"yes"},"geometry":{"type":"Point","coordinates":[428200.991861197515391,6250676.079339140094817]}},
{"type":"Feature","properties":{"full_id":"n3705277535","osm_id":"3705277535","osm_type":"node","highway":"bus_stop","temporary":null,"route_ref":null,"mapillary":null,"short_name":null,"vending_machine":null,"wheelchair":"no","tactile_paving":"no","shelter":"no","ref":"3309","public_transport":"platform","operator":null,"network:wikipedia":"fr:Transports en commun de Pau","network:wikidata":"Q3147798","network":"IDELIS","name":"Pissard Santarelli","lit":"no","departures_board":"timetable","check_date:shelter":null,"check_date":null,"bus":"yes","bin":"no","bench":"no"},"geometry":{"type":"Point","coordinates":[430226.798052781319711,6251415.156710632145405]}},
{"type":"Feature","properties":{"full_id":"n3705277537","osm_id":"3705277537","osm_type":"node","highway":"bus_stop","temporary":null,"route_ref":null,"mapillary":null,"short_name":null,"vending_machine":null,"wheelchair":"no","tactile_paving":"no","shelter":"no","ref":"3308","public_transport":"platform","operator":null,"network:wikipedia":"fr:Transports en commun de Pau","network:wikidata":"Q3147798","network":"IDELIS","name":"Pissard Santarelli","lit":"no","departures_board":"timetable","check_date:shelter":null,"check_date":null,"bus":"yes","bin":"no","bench":"no"},"geometry":{"type":"Point","coordinates":[430221.05050911125727,6251429.929687304422259]}},
{"type":"Feature","properties":{"full_id":"n3705277538","osm_id":"3705277538","osm_type":"node","highway":"bus_stop","temporary":null,"route_ref":null,"mapillary":null,"short_name":null,"vending_machine":null,"wheelchair":"no","tactile_paving":"no","shelter":"no","ref":"3071","public_transport":"platform","operator":"STAP","network:wikipedia":"fr:Transports en commun de Pau","network:wikidata":"Q3147798","network":"Idelis","name":"Char","lit":"no","departures_board":"timetable","check_date:shelter":null,"check_date":null,"bus":"yes","bin":"no","bench":"no"},"geometry":{"type":"Point","coordinates":[429739.001606608217116,6251116.221157961525023]}},
{"type":"Feature","properties":{"full_id":"n3705277540","osm_id":"3705277540","osm_type":"node","highway":"bus_stop","temporary":null,"route_ref":null,"mapillary":null,"short_name":null,"vending_machine":null,"wheelchair":"no","tactile_paving":"no","shelter":"no","ref":"3070","public_transport":"platform","operator":"STAP","network:wikipedia":"fr:Transports en commun de Pau","network:wikidata":"Q3147798","network":"Idelis","name":"Char","lit":"no","departures_board":"timetable","check_date:shelter":null,"check_date":null,"bus":"yes","bin":"no","bench":"no"},"geometry":{"type":"Point","coordinates":[429734.324854544305708,6251131.127472477033734]}},
{"type":"Feature","properties":{"full_id":"n3705277541","osm_id":"3705277541","osm_type":"node","highway":"bus_stop","temporary":null,"route_ref":null,"mapillary":null,"short_name":"St Jammes","vending_machine":null,"wheelchair":"yes","tactile_paving":"no","shelter":"no","ref":"3338","public_transport":"platform","operator":null,"network:wikipedia":"fr:Transports en commun de Pau","network:wikidata":"Q3147798","network":"IDELIS","name":"Saint-Jammes","lit":"no","departures_board":"timetable","check_date:shelter":null,"check_date":null,"bus":"yes","bin":"yes","bench":"no"},"geometry":{"type":"Point","coordinates":[427762.313463834521826,6250555.718073791824281]}},
{"type":"Feature","properties":{"full_id":"n3705277543","osm_id":"3705277543","osm_type":"node","highway":"bus_stop","temporary":null,"route_ref":null,"mapillary":null,"short_name":"St Jammes","vending_machine":null,"wheelchair":"yes","tactile_paving":"yes","shelter":"yes","ref":"3337","public_transport":"platform","operator":null,"network:wikipedia":"fr:Transports en commun de Pau","network:wikidata":"Q3147798","network":"IDELIS","name":"Saint-Jammes","lit":"yes","departures_board":"timetable","check_date:shelter":null,"check_date":null,"bus":"yes","bin":"yes","bench":"yes"},"geometry":{"type":"Point","coordinates":[427716.589074012066703,6250564.548984056338668]}},
{"type":"Feature","properties":{"full_id":"n3705277544","osm_id":"3705277544","osm_type":"node","highway":"bus_stop","temporary":null,"route_ref":null,"mapillary":"180594460611895","short_name":null,"vending_machine":null,"wheelchair":"yes","tactile_paving":"no","shelter":"no","ref":"3124","public_transport":"platform","operator":null,"network:wikipedia":"fr:Transports en commun de Pau","network:wikidata":"Q3147798","network":"IDELIS","name":"Edouard VII","lit":"no","departures_board":"timetable","check_date:shelter":null,"check_date":null,"bus":"yes","bin":"no","bench":"no"},"geometry":{"type":"Point","coordinates":[427429.846309856453445,6250478.564698690548539]}},
{"type":"Feature","properties":{"full_id":"n3705277546","osm_id":"3705277546","osm_type":"node","highway":"bus_stop","temporary":null,"route_ref":null,"mapillary":null,"short_name":null,"vending_machine":null,"wheelchair":"yes","tactile_paving":"no","shelter":"no","ref":"3123","public_transport":"platform","operator":null,"network:wikipedia":"fr:Transports en commun de Pau","network:wikidata":"Q3147798","network":"IDELIS","name":"Edouard VII","lit":"no","departures_board":"timetable","check_date:shelter":null,"check_date":null,"bus":"yes","bin":"no","bench":"no"},"geometry":{"type":"Point","coordinates":[427359.097149327106308,6250475.856784017756581]}},
{"type":"Feature","properties":{"full_id":"n3706263270","osm_id":"3706263270","osm_type":"node","highway":"bus_stop","temporary":null,"route_ref":null,"mapillary":null,"short_name":null,"vending_machine":null,"wheelchair":"yes","tactile_paving":"no","shelter":"yes","ref":"3033","public_transport":"platform","operator":null,"network:wikipedia":"fr:Transports en commun de Pau","network:wikidata":"Q3147798","network":"IDELIS","name":"Bosquet Quai D","lit":"yes","departures_board":"realtime","check_date:shelter":null,"check_date":null,"bus":"yes","bin":"yes","bench":"yes"},"geometry":{"type":"Point","coordinates":[426847.921550275117625,6250109.874721226282418]}},
{"type":"Feature","properties":{"full_id":"n3706263275","osm_id":"3706263275","osm_type":"node","highway":"bus_stop","temporary":null,"route_ref":null,"mapillary":null,"short_name":null,"vending_machine":null,"wheelchair":"yes","tactile_paving":"no","shelter":"yes","ref":"3102","public_transport":"platform","operator":"STAP","network:wikipedia":"fr:Transports en commun de Pau","network:wikidata":"Q3147798","network":"IDELIS","name":"PAU CST Jean Feger","lit":"yes","departures_board":"realtime","check_date:shelter":null,"check_date":null,"bus":"yes","bin":"yes","bench":"yes"},"geometry":{"type":"Point","coordinates":[431132.262748482229654,6252453.030892796814442]}},
{"type":"Feature","properties":{"full_id":"n3706263279","osm_id":"3706263279","osm_type":"node","highway":"bus_stop","temporary":null,"route_ref":null,"mapillary":null,"short_name":null,"vending_machine":null,"wheelchair":"no","tactile_paving":"no","shelter":"no","ref":"3177","public_transport":"platform","operator":null,"network:wikipedia":"fr:Transports en commun de Pau","network:wikidata":"Q3147798","network":"IDELIS","name":"Géologues","lit":"no","departures_board":"timetable","check_date:shelter":null,"check_date":null,"bus":"yes","bin":"no","bench":"no"},"geometry":{"type":"Point","coordinates":[430073.424687020073179,6251618.498105577193201]}},
{"type":"Feature","properties":{"full_id":"n3706263285","osm_id":"3706263285","osm_type":"node","highway":"bus_stop","temporary":null,"route_ref":null,"mapillary":null,"short_name":null,"vending_machine":null,"wheelchair":"yes","tactile_paving":"no","shelter":"yes","ref":"3219","public_transport":"platform","operator":null,"network:wikipedia":"fr:Transports en commun de Pau","network:wikidata":"Q3147798","network":"IDELIS","name":"Larribau","lit":"yes","departures_board":"timetable","check_date:shelter":null,"check_date":null,"bus":"yes","bin":"yes","bench":"yes"},"geometry":{"type":"Point","coordinates":[430268.438596075749956,6251880.62586996331811]}},
{"type":"Feature","properties":{"full_id":"n3706263286","osm_id":"3706263286","osm_type":"node","highway":"bus_stop","temporary":null,"route_ref":null,"mapillary":null,"short_name":null,"vending_machine":null,"wheelchair":"yes","tactile_paving":"no","shelter":"no","ref":"3220","public_transport":"platform","operator":null,"network:wikipedia":"fr:Transports en commun de Pau","network:wikidata":"Q3147798","network":"IDELIS","name":"Larribau","lit":"no","departures_board":"timetable","check_date:shelter":null,"check_date":null,"bus":"yes","bin":"no","bench":"no"},"geometry":{"type":"Point","coordinates":[430296.049128894461319,6251884.781267388723791]}},
{"type":"Feature","properties":{"full_id":"n3706263291","osm_id":"3706263291","osm_type":"node","highway":"bus_stop","temporary":null,"route_ref":null,"mapillary":null,"short_name":null,"vending_machine":null,"wheelchair":"yes","tactile_paving":"no","shelter":"no","ref":"3287","public_transport":"platform","operator":null,"network:wikipedia":"fr:Transports en commun de Pau","network:wikidata":"Q3147798","network":"IDELIS","name":"Péboué","lit":"no","departures_board":"timetable","check_date:shelter":null,"check_date":null,"bus":"yes","bin":"yes","bench":"yes"},"geometry":{"type":"Point","coordinates":[429698.760699026810471,6251450.884585373103619]}},
{"type":"Feature","properties":{"full_id":"n3706263294","osm_id":"3706263294","osm_type":"node","highway":"bus_stop","temporary":null,"route_ref":null,"mapillary":null,"short_name":null,"vending_machine":null,"wheelchair":"yes","tactile_paving":"no","shelter":"yes","ref":"3286","public_transport":"platform","operator":null,"network:wikipedia":"fr:Transports en commun de Pau","network:wikidata":"Q3147798","network":"IDELIS","name":"Péboué","lit":"yes","departures_board":"timetable","check_date:shelter":"2026-07-22","check_date":null,"bus":"yes","bin":"yes","bench":"yes"},"geometry":{"type":"Point","coordinates":[429685.881586533098016,6251457.592143831774592]}},
{"type":"Feature","properties":{"full_id":"n3706263295","osm_id":"3706263295","osm_type":"node","highway":"bus_stop","temporary":null,"route_ref":null,"mapillary":null,"short_name":null,"vending_machine":null,"wheelchair":"yes","tactile_paving":"no","shelter":"no","ref":"3329","public_transport":"platform","operator":null,"network:wikipedia":"fr:Transports en commun de Pau","network:wikidata":"Q3147798","network":"IDELIS","name":"Rond-point","lit":"no","departures_board":"timetable","check_date:shelter":null,"check_date":null,"bus":"yes","bin":"yes","bench":"no"},"geometry":{"type":"Point","coordinates":[428975.908672957564704,6251168.306462955661118]}},
{"type":"Feature","properties":{"full_id":"n3706263297","osm_id":"3706263297","osm_type":"node","highway":"bus_stop","temporary":null,"route_ref":null,"mapillary":null,"short_name":null,"vending_machine":null,"wheelchair":"yes","tactile_paving":"no","shelter":"no","ref":"3325","public_transport":"platform","operator":null,"network:wikipedia":"fr:Transports en commun de Pau","network:wikidata":"Q3147798","network":"IDELIS","name":"Rousse","lit":"no","departures_board":"timetable","check_date:shelter":null,"check_date":null,"bus":"yes","bin":"no","bench":"no"},"geometry":{"type":"Point","coordinates":[428508.377403413120192,6251212.731291550211608]}},
{"type":"Feature","properties":{"full_id":"n3706263300","osm_id":"3706263300","osm_type":"node","highway":"bus_stop","temporary":null,"route_ref":null,"mapillary":"1200845220358374","short_name":null,"vending_machine":null,"wheelchair":"yes","tactile_paving":"no","shelter":"no","ref":"3348","public_transport":"platform","operator":"STAP","network:wikipedia":"fr:Transports en commun de Pau","network:wikidata":"Q3147798","network":"Idelis","name":"STAP","lit":"no","departures_board":"timetable","check_date:shelter":null,"check_date":null,"bus":"yes","bin":"no","bench":"no"},"geometry":{"type":"Point","coordinates":[431007.03486480913125,6252392.957960179075599]}},
{"type":"Feature","properties":{"full_id":"n3706569997","osm_id":"3706569997","osm_type":"node","highway":"bus_stop","temporary":null,"route_ref":null,"mapillary":null,"short_name":null,"vending_machine":null,"wheelchair":"yes","tactile_paving":"no","shelter":"yes","ref":"1008","public_transport":"platform","operator":"STAP","network:wikipedia":"fr:Transports en commun de Pau","network:wikidata":"Q3147798","network":"IDELIS","name":"Le Mail","lit":"yes","departures_board":"timetable","check_date:shelter":null,"check_date":null,"bus":"yes","bin":"yes","bench":"yes"},"geometry":{"type":"Point","coordinates":[425830.471374151064083,6253575.733195165172219]}},
{"type":"Feature","properties":{"full_id":"n3706570001","osm_id":"3706570001","osm_type":"node","highway":"bus_stop","temporary":null,"route_ref":null,"mapillary":null,"short_name":null,"vending_machine":null,"wheelchair":"yes","tactile_paving":"no","shelter":"no","ref":"3145","public_transport":"platform","operator":null,"network:wikipedia":"fr:Transports en commun de Pau","network:wikidata":"Q3147798","network":"IDELIS","name":"Feuillage","lit":"no","departures_board":"timetable","check_date:shelter":null,"check_date":null,"bus":"yes","bin":"yes","bench":"no"},"geometry":{"type":"Point","coordinates":[425837.535088529519271,6253841.574249693192542]}},
{"type":"Feature","properties":{"full_id":"n3706570005","osm_id":"3706570005","osm_type":"node","highway":"bus_stop","temporary":null,"route_ref":null,"mapillary":null,"short_name":null,"vending_machine":null,"wheelchair":"yes","tactile_paving":"no","shelter":"yes","ref":"3154","public_transport":"platform","operator":"STAP","network:wikipedia":"fr:Transports en commun de Pau","network:wikidata":"Q3147798","network":"IDELIS","name":"Fouchet","lit":"yes","departures_board":"timetable","check_date:shelter":null,"check_date":null,"bus":"yes","bin":"yes","bench":"yes"},"geometry":{"type":"Point","coordinates":[425912.234572625427973,6251984.35202294960618]}},
{"type":"Feature","properties":{"full_id":"n3706570009","osm_id":"3706570009","osm_type":"node","highway":"bus_stop","temporary":null,"route_ref":null,"mapillary":null,"short_name":null,"vending_machine":null,"wheelchair":"yes","tactile_paving":"no","shelter":"no","ref":"3192","public_transport":"platform","operator":"STAP","network:wikipedia":"fr:Transports en commun de Pau","network:wikidata":"Q3147798","network":"IDELIS","name":"Daurat","lit":"no","departures_board":"timetable","check_date:shelter":null,"check_date":null,"bus":"yes","bin":"yes","bench":"no"},"geometry":{"type":"Point","coordinates":[425843.836014637665357,6254053.373304144479334]}},
{"type":"Feature","properties":{"full_id":"n3706570012","osm_id":"3706570012","osm_type":"node","highway":"bus_stop","temporary":null,"route_ref":null,"mapillary":null,"short_name":null,"vending_machine":null,"wheelchair":"yes","tactile_paving":"no","shelter":"no","ref":"3204","public_transport":"platform","operator":"STAP","network:wikipedia":"fr:Transports en commun de Pau","network:wikidata":"Q3147798","network":"IDELIS","name":"Labourdette","lit":"no","departures_board":"timetable","check_date:shelter":"2025-08-18","check_date":null,"bus":"yes","bin":"yes","bench":"yes"},"geometry":{"type":"Point","coordinates":[425941.745870362385176,6251673.259499524720013]}},
{"type":"Feature","properties":{"full_id":"n3706570015","osm_id":"3706570015","osm_type":"node","highway":"bus_stop","temporary":null,"route_ref":null,"mapillary":null,"short_name":null,"vending_machine":null,"wheelchair":"yes","tactile_paving":"no","shelter":"no","ref":"3207","public_transport":"platform","operator":null,"network:wikipedia":"fr:Transports en commun de Pau","network:wikidata":"Q3147798","network":"IDELIS","name":"Laffitte","lit":"no","departures_board":"timetable","check_date:shelter":null,"check_date":null,"bus":"yes","bin":"yes","bench":"yes"},"geometry":{"type":"Point","coordinates":[425876.144998995179776,6252356.888157242909074]}},
{"type":"Feature","properties":{"full_id":"n3706570016","osm_id":"3706570016","osm_type":"node","highway":"bus_stop","temporary":null,"route_ref":null,"mapillary":null,"short_name":null,"vending_machine":null,"wheelchair":"yes","tactile_paving":"no","shelter":"no","ref":"3222","public_transport":"platform","operator":null,"network:wikipedia":"fr:Transports en commun de Pau","network:wikidata":"Q3147798","network":"IDELIS","name":"Lartigue","lit":"no","departures_board":"timetable","check_date:shelter":null,"check_date":null,"bus":"yes","bin":"no","bench":"no"},"geometry":{"type":"Point","coordinates":[425817.485911649418995,6253197.211910442449152]}},
{"type":"Feature","properties":{"full_id":"n3706570021","osm_id":"3706570021","osm_type":"node","highway":"bus_stop","temporary":null,"route_ref":null,"mapillary":null,"short_name":null,"vending_machine":null,"wheelchair":"yes","tactile_paving":"no","shelter":"no","ref":"3255","public_transport":"platform","operator":null,"network:wikipedia":"fr:Transports en commun de Pau","network:wikidata":"Q3147798","network":"IDELIS","name":"Montardon","lit":"no","departures_board":"timetable","check_date:shelter":"2025-08-21","check_date":null,"bus":"yes","bin":"yes","bench":"no"},"geometry":{"type":"Point","coordinates":[425968.677042851399165,6251378.488401881419122]}},
{"type":"Feature","properties":{"full_id":"n3706570023","osm_id":"3706570023","osm_type":"node","highway":"bus_stop","temporary":null,"route_ref":null,"mapillary":null,"short_name":null,"vending_machine":null,"wheelchair":"yes","tactile_paving":"no","shelter":"yes","ref":"3254","public_transport":"platform","operator":null,"network:wikipedia":"fr:Transports en commun de Pau","network:wikidata":"Q3147798","network":"IDELIS","name":"Montardon","lit":"yes","departures_board":"timetable","check_date:shelter":"2025-08-18","check_date":null,"bus":"yes","bin":"yes","bench":"yes"},"geometry":{"type":"Point","coordinates":[425948.66428928024834,6251463.361438163556159]}},
{"type":"Feature","properties":{"full_id":"n3706570627","osm_id":"3706570627","osm_type":"node","highway":"bus_stop","temporary":null,"route_ref":null,"mapillary":null,"short_name":null,"vending_machine":null,"wheelchair":"yes","tactile_paving":"no","shelter":"yes","ref":"3298","public_transport":"platform","operator":null,"network:wikipedia":"fr:Transports en commun de Pau","network:wikidata":"Q3147798","network":"IDELIS","name":"Parc Lawrance","lit":"yes","departures_board":"realtime","check_date:shelter":null,"check_date":null,"bus":"yes","bin":"yes","bench":"yes"},"geometry":{"type":"Point","coordinates":[425997.303505412710365,6250935.794294936582446]}},
{"type":"Feature","properties":{"full_id":"n3706570633","osm_id":"3706570633","osm_type":"node","highway":"bus_stop","temporary":null,"route_ref":null,"mapillary":null,"short_name":null,"vending_machine":null,"wheelchair":"yes","tactile_paving":"no","shelter":"no","ref":"3296","public_transport":"platform","operator":null,"network:wikipedia":"fr:Transports en commun de Pau","network:wikidata":"Q3147798","network":"IDELIS","name":"Gaston Phoebus","lit":"no","departures_board":"timetable","check_date:shelter":"2025-09-13","check_date":null,"bus":"yes","bin":"yes","bench":"yes"},"geometry":{"type":"Point","coordinates":[426024.739112240204122,6250637.228734040632844]}},
{"type":"Feature","properties":{"full_id":"n3706570635","osm_id":"3706570635","osm_type":"node","highway":"bus_stop","temporary":null,"route_ref":null,"mapillary":null,"short_name":null,"vending_machine":null,"wheelchair":"yes","tactile_paving":"no","shelter":"no","ref":"3297","public_transport":"platform","operator":"STAP","network:wikipedia":"fr:Transports en commun de Pau","network:wikidata":"Q3147798","network":"IDELIS","name":"Gaston Phoebus","lit":"no","departures_board":"timetable","check_date:shelter":null,"check_date":null,"bus":"yes","bin":"yes","bench":"no"},"geometry":{"type":"Point","coordinates":[426042.153622055775486,6250602.269503387622535]}},
{"type":"Feature","properties":{"full_id":"n3706570641","osm_id":"3706570641","osm_type":"node","highway":"bus_stop","temporary":null,"route_ref":null,"mapillary":null,"short_name":null,"vending_machine":null,"wheelchair":"yes","tactile_paving":"no","shelter":"yes","ref":"3335","public_transport":"platform","operator":null,"network:wikipedia":"fr:Transports en commun de Pau","network:wikidata":"Q3147798","network":"IDELIS","name":"Saint Dominique","lit":"yes","departures_board":"timetable","check_date:shelter":null,"check_date":null,"bus":"yes","bin":"yes","bench":"yes"},"geometry":{"type":"Point","coordinates":[426083.719398219021969,6252070.766394142992795]}},
{"type":"Feature","properties":{"full_id":"n3706570643","osm_id":"3706570643","osm_type":"node","highway":"bus_stop","temporary":null,"route_ref":null,"mapillary":null,"short_name":null,"vending_machine":null,"wheelchair":"yes","tactile_paving":"no","shelter":"no","ref":"3334","public_transport":"platform","operator":null,"network:wikipedia":"fr:Transports en commun de Pau","network:wikidata":"Q3147798","network":"IDELIS","name":"Saint Dominique","lit":"no","departures_board":"timetable","check_date:shelter":null,"check_date":null,"bus":"yes","bin":"yes","bench":"yes"},"geometry":{"type":"Point","coordinates":[426092.523083082749508,6252124.253211474977434]}},
{"type":"Feature","properties":{"full_id":"n3706570646","osm_id":"3706570646","osm_type":"node","highway":"bus_stop","temporary":null,"route_ref":null,"mapillary":null,"short_name":null,"vending_machine":null,"wheelchair":"yes","tactile_paving":"no","shelter":"yes","ref":"731","public_transport":"platform","operator":null,"network:wikipedia":"fr:Transports en commun de Pau","network:wikidata":"Q3147798","network":"IDELIS","name":"Saint Joseph","lit":"yes","departures_board":"realtime","check_date:shelter":null,"check_date":null,"bus":"yes","bin":"yes","bench":"yes"},"geometry":{"type":"Point","coordinates":[425986.357056828623172,6251206.983576480299234]}},
{"type":"Feature","properties":{"full_id":"n3706570649","osm_id":"3706570649","osm_type":"node","highway":"bus_stop","temporary":null,"route_ref":null,"mapillary":null,"short_name":null,"vending_machine":null,"wheelchair":"yes","tactile_paving":"no","shelter":"yes","ref":"3344","public_transport":"platform","operator":null,"network:wikipedia":"fr:Transports en commun de Pau","network:wikidata":"Q3147798","network":"IDELIS","name":"Saint Julien","lit":"yes","departures_board":"timetable","check_date:shelter":null,"check_date":null,"bus":"yes","bin":"yes","bench":"yes"},"geometry":{"type":"Point","coordinates":[425820.545308789471164,6252976.154102765955031]}},
{"type":"Feature","properties":{"full_id":"n3706570650","osm_id":"3706570650","osm_type":"node","highway":"bus_stop","temporary":null,"route_ref":null,"mapillary":null,"short_name":null,"vending_machine":null,"wheelchair":"yes","tactile_paving":"no","shelter":"yes","ref":"3377","public_transport":"platform","operator":null,"network:wikipedia":"fr:Transports en commun de Pau","network:wikidata":"Q3147798","network":"IDELIS","name":"Pl. Verdun","lit":"yes","departures_board":"realtime","check_date:shelter":null,"check_date":null,"bus":"yes","bin":"yes","bench":"yes"},"geometry":{"type":"Point","coordinates":[426050.159863865468651,6250344.479200362227857]}},
{"type":"Feature","properties":{"full_id":"n3706570653","osm_id":"3706570653","osm_type":"node","highway":"bus_stop","temporary":null,"route_ref":null,"mapillary":null,"short_name":null,"vending_machine":null,"wheelchair":"yes","tactile_paving":"no","shelter":"yes","ref":"3378","public_transport":"platform","operator":"STAP","network:wikipedia":"fr:Transports en commun de Pau","network:wikidata":"Q3147798","network":"IDELIS","name":"Place Verdun","lit":"yes","departures_board":"realtime","check_date:shelter":null,"check_date":null,"bus":"yes","bin":"yes","bench":"yes"},"geometry":{"type":"Point","coordinates":[426063.224541910283733,6250334.529564969241619]}},
{"type":"Feature","properties":{"full_id":"n3708972842","osm_id":"3708972842","osm_type":"node","highway":"bus_stop","temporary":null,"route_ref":null,"mapillary":null,"short_name":null,"vending_machine":null,"wheelchair":"no","tactile_paving":"no","shelter":"no","ref":"3006","public_transport":"platform","operator":null,"network:wikipedia":"fr:Transports en commun de Pau","network:wikidata":"Q3147798","network":"IDELIS","name":"Abbé Brémond","lit":"no","departures_board":"timetable","check_date:shelter":null,"check_date":null,"bus":"yes","bin":"no","bench":"no"},"geometry":{"type":"Point","coordinates":[426482.495066967443563,6251047.78407144639641]}},
{"type":"Feature","properties":{"full_id":"n3708972844","osm_id":"3708972844","osm_type":"node","highway":"bus_stop","temporary":null,"route_ref":null,"mapillary":null,"short_name":null,"vending_machine":null,"wheelchair":"no","tactile_paving":"no","shelter":"no","ref":"3005","public_transport":"platform","operator":null,"network:wikipedia":"fr:Transports en commun de Pau","network:wikidata":"Q3147798","network":"IDELIS","name":"Abbé Brémond","lit":"no","departures_board":"timetable","check_date:shelter":null,"check_date":null,"bus":"yes","bin":"no","bench":"no"},"geometry":{"type":"Point","coordinates":[426465.375476719811559,6251019.27463679201901]}},
{"type":"Feature","properties":{"full_id":"n3708972853","osm_id":"3708972853","osm_type":"node","highway":"bus_stop","temporary":null,"route_ref":null,"mapillary":null,"short_name":null,"vending_machine":null,"wheelchair":"yes","tactile_paving":"no","shelter":"no","ref":"3044","public_transport":"platform","operator":null,"network:wikipedia":"fr:Transports en commun de Pau","network:wikidata":"Q3147798","network":"IDELIS","name":"Centre AFPA","lit":"no","departures_board":"timetable","check_date:shelter":null,"check_date":null,"bus":"yes","bin":"no","bench":"no"},"geometry":{"type":"Point","coordinates":[426228.030071983172093,6253627.035946182906628]}},
{"type":"Feature","properties":{"full_id":"n3708972855","osm_id":"3708972855","osm_type":"node","highway":"bus_stop","temporary":null,"route_ref":null,"mapillary":null,"short_name":null,"vending_machine":null,"wheelchair":"yes","tactile_paving":"no","shelter":"yes","ref":"3043","public_transport":"platform","operator":null,"network:wikipedia":"fr:Transports en commun de Pau","network:wikidata":"Q3147798","network":"IDELIS","name":"Centre AFPA","lit":"yes","departures_board":"timetable","check_date:shelter":null,"check_date":null,"bus":"yes","bin":"yes","bench":"yes"},"geometry":{"type":"Point","coordinates":[426266.035586105077527,6253613.561215681023896]}},
{"type":"Feature","properties":{"full_id":"n3708972870","osm_id":"3708972870","osm_type":"node","highway":"bus_stop","temporary":null,"route_ref":null,"mapillary":null,"short_name":null,"vending_machine":null,"wheelchair":"yes","tactile_paving":"no","shelter":"no","ref":"3200","public_transport":"platform","operator":null,"network:wikipedia":"fr:Transports en commun de Pau","network:wikidata":"Q3147798","network":"IDELIS","name":"Jaï Alaï","lit":"no","departures_board":"timetable","check_date:shelter":null,"check_date":null,"bus":"yes","bin":"no","bench":"no"},"geometry":{"type":"Point","coordinates":[426870.632556946598925,6253927.759029580280185]}},
{"type":"Feature","properties":{"full_id":"n3708972872","osm_id":"3708972872","osm_type":"node","highway":"bus_stop","temporary":null,"route_ref":null,"mapillary":null,"short_name":null,"vending_machine":null,"wheelchair":"yes","tactile_paving":"no","shelter":"no","ref":"3199","public_transport":"platform","operator":null,"network:wikipedia":"fr:Transports en commun de Pau","network:wikidata":"Q3147798","network":"IDELIS","name":"Jaï Alaï","lit":"no","departures_board":"timetable","check_date:shelter":null,"check_date":null,"bus":"yes","bin":"no","bench":"no"},"geometry":{"type":"Point","coordinates":[426851.375035557022784,6253895.012609730474651]}},
{"type":"Feature","properties":{"full_id":"n3708972880","osm_id":"3708972880","osm_type":"node","highway":"bus_stop","temporary":null,"route_ref":null,"mapillary":null,"short_name":null,"vending_machine":null,"wheelchair":"yes","tactile_paving":"no","shelter":"yes","ref":"3268","public_transport":"platform","operator":null,"network:wikipedia":"fr:Transports en commun de Pau","network:wikidata":"Q3147798","network":"IDELIS","name":"Nelson Paillou","lit":"yes","departures_board":"timetable","check_date:shelter":null,"check_date":null,"bus":"yes","bin":"yes","bench":"yes"},"geometry":{"type":"Point","coordinates":[426510.094254380790517,6252487.842478342354298]}},
{"type":"Feature","properties":{"full_id":"n3708972882","osm_id":"3708972882","osm_type":"node","highway":"bus_stop","temporary":null,"route_ref":null,"mapillary":null,"short_name":null,"vending_machine":null,"wheelchair":"yes","tactile_paving":"no","shelter":"no","ref":"3267","public_transport":"platform","operator":null,"network:wikipedia":"fr:Transports en commun de Pau","network:wikidata":"Q3147798","network":"IDELIS","name":"Nelson Paillou","lit":"no","departures_board":"timetable","check_date:shelter":null,"check_date":null,"bus":"yes","bin":"no","bench":"no"},"geometry":{"type":"Point","coordinates":[426525.119296245451551,6252509.620521252043545]}},
{"type":"Feature","properties":{"full_id":"n3708972883","osm_id":"3708972883","osm_type":"node","highway":"bus_stop","temporary":null,"route_ref":null,"mapillary":null,"short_name":null,"vending_machine":null,"wheelchair":"yes","tactile_paving":"no","shelter":"no","ref":"3277","public_transport":"platform","operator":null,"network:wikipedia":"fr:Transports en commun de Pau","network:wikidata":"Q3147798","network":"IDELIS","name":"Plein Ciel","lit":"no","departures_board":"timetable","check_date:shelter":null,"check_date":null,"bus":"yes","bin":"no","bench":"no"},"geometry":{"type":"Point","coordinates":[426499.893546983134001,6252636.63807565625757]}},
{"type":"Feature","properties":{"full_id":"n3708972885","osm_id":"3708972885","osm_type":"node","highway":"bus_stop","temporary":null,"route_ref":null,"mapillary":null,"short_name":null,"vending_machine":null,"wheelchair":"yes","tactile_paving":"no","shelter":"yes","ref":"3276","public_transport":"platform","operator":null,"network:wikipedia":"fr:Transports en commun de Pau","network:wikidata":"Q3147798","network":"IDELIS","name":"Plein Ciel","lit":"yes","departures_board":"timetable","check_date:shelter":null,"check_date":null,"bus":"yes","bin":"yes","bench":"yes"},"geometry":{"type":"Point","coordinates":[426484.190857944777235,6252639.689884333871305]}},
{"type":"Feature","properties":{"full_id":"n3708972895","osm_id":"3708972895","osm_type":"node","highway":"bus_stop","temporary":null,"route_ref":null,"mapillary":null,"short_name":null,"vending_machine":null,"wheelchair":"yes","tactile_paving":"no","shelter":"no","ref":"3358","public_transport":"platform","operator":null,"network:wikipedia":"fr:Transports en commun de Pau","network:wikidata":"Q3147798","network":"IDELIS","name":"Touquet","lit":"no","departures_board":"timetable","check_date:shelter":null,"check_date":null,"bus":"yes","bin":"no","bench":"no"},"geometry":{"type":"Point","coordinates":[426571.782703386270441,6252872.585443917661905]}},
{"type":"Feature","properties":{"full_id":"n3708972897","osm_id":"3708972897","osm_type":"node","highway":"bus_stop","temporary":null,"route_ref":null,"mapillary":null,"short_name":null,"vending_machine":null,"wheelchair":"yes","tactile_paving":"no","shelter":"yes","ref":"3357","public_transport":"platform","operator":null,"network:wikipedia":"fr:Transports en commun de Pau","network:wikidata":"Q3147798","network":"IDELIS","name":"Touquet","lit":"yes","departures_board":"timetable","check_date:shelter":null,"check_date":null,"bus":"yes","bin":"yes","bench":"yes"},"geometry":{"type":"Point","coordinates":[426556.641152065247297,6252871.073556686751544]}},
{"type":"Feature","properties":{"full_id":"n3708972904","osm_id":"3708972904","osm_type":"node","highway":"bus_stop","temporary":null,"route_ref":null,"mapillary":null,"short_name":null,"vending_machine":null,"wheelchair":"no","tactile_paving":"no","shelter":"no","ref":"3384","public_transport":"platform","operator":null,"network:wikipedia":"fr:Transports en commun de Pau","network:wikidata":"Q3147798","network":"IDELIS","name":"PAU Zénith","lit":"no","departures_board":"timetable","check_date:shelter":null,"check_date":null,"bus":"yes","bin":"yes","bench":"no"},"geometry":{"type":"Point","coordinates":[427094.566860463412013,6254164.633617907762527]}},
{"type":"Feature","properties":{"full_id":"n3877146262","osm_id":"3877146262","osm_type":"node","highway":"bus_stop","temporary":null,"route_ref":null,"mapillary":null,"short_name":null,"vending_machine":null,"wheelchair":"yes","tactile_paving":"no","shelter":"no","ref":"3074","public_transport":"platform","operator":null,"network:wikipedia":"fr:Transports en commun de Pau","network:wikidata":"Q3147798","network":"IDELIS","name":"Cimetière","lit":"no","departures_board":"timetable","check_date:shelter":null,"check_date":null,"bus":"yes","bin":"yes","bench":"yes"},"geometry":{"type":"Point","coordinates":[425710.099464806553442,6250092.804603856056929]}},
{"type":"Feature","properties":{"full_id":"n3877146264","osm_id":"3877146264","osm_type":"node","highway":"bus_stop","temporary":null,"route_ref":null,"mapillary":null,"short_name":null,"vending_machine":null,"wheelchair":"yes","tactile_paving":"no","shelter":"yes","ref":"3075","public_transport":"platform","operator":null,"network:wikipedia":"fr:Transports en commun de Pau","network:wikidata":"Q3147798","network":"IDELIS","name":"Cimetière","lit":"no","departures_board":"timetable","check_date:shelter":null,"check_date":null,"bus":"yes","bin":"yes","bench":"yes"},"geometry":{"type":"Point","coordinates":[425728.058821400569286,6250084.803252389654517]}},
{"type":"Feature","properties":{"full_id":"n3877146280","osm_id":"3877146280","osm_type":"node","highway":"bus_stop","temporary":null,"route_ref":null,"mapillary":null,"short_name":null,"vending_machine":null,"wheelchair":"yes","tactile_paving":"no","shelter":"no","ref":"3194","public_transport":"platform","operator":null,"network:wikipedia":"fr:Transports en commun de Pau","network:wikidata":"Q3147798","network":"IDELIS","name":"Hutton","lit":"no","departures_board":"timetable","check_date:shelter":null,"check_date":null,"bus":"yes","bin":"no","bench":"no"},"geometry":{"type":"Point","coordinates":[425395.568620039091911,6250574.669805808924139]}},
{"type":"Feature","properties":{"full_id":"n3877146282","osm_id":"3877146282","osm_type":"node","highway":"bus_stop","temporary":null,"route_ref":null,"mapillary":null,"short_name":null,"vending_machine":null,"wheelchair":"yes","tactile_paving":"no","shelter":"no","ref":"3196","public_transport":"platform","operator":null,"network:wikipedia":"fr:Transports en commun de Pau","network:wikidata":"Q3147798","network":"IDELIS","name":"Hutton","lit":"no","departures_board":"timetable","check_date:shelter":null,"check_date":null,"bus":"yes","bin":"no","bench":"no"},"geometry":{"type":"Point","coordinates":[425425.126138464082032,6250576.607128752395511]}},
{"type":"Feature","properties":{"full_id":"n3877146295","osm_id":"3877146295","osm_type":"node","highway":"bus_stop","temporary":null,"route_ref":null,"mapillary":null,"short_name":null,"vending_machine":null,"wheelchair":"yes","tactile_paving":"no","shelter":"yes","ref":"3233","public_transport":"platform","operator":null,"network:wikipedia":"fr:Transports en commun de Pau","network:wikidata":"Q3147798","network":"IDELIS","name":"Lycée St Cricq","lit":"yes","departures_board":"timetable","check_date:shelter":null,"check_date":null,"bus":"yes","bin":"yes","bench":"yes"},"geometry":{"type":"Point","coordinates":[427337.185457843355834,6250139.788921600207686]}},
{"type":"Feature","properties":{"full_id":"n3877146297","osm_id":"3877146297","osm_type":"node","highway":"bus_stop","temporary":null,"route_ref":null,"mapillary":null,"short_name":null,"vending_machine":null,"wheelchair":"yes","tactile_paving":"no","shelter":"no","ref":"3232","public_transport":"platform","operator":null,"network:wikipedia":"fr:Transports en commun de Pau","network:wikidata":"Q3147798","network":"IDELIS","name":"Lycée St Cricq","lit":"no","departures_board":"timetable","check_date:shelter":null,"check_date":null,"bus":"yes","bin":"no","bench":"no"},"geometry":{"type":"Point","coordinates":[427337.462021852261387,6250149.913436528295279]}},
{"type":"Feature","properties":{"full_id":"n3877146326","osm_id":"3877146326","osm_type":"node","highway":"bus_stop","temporary":null,"route_ref":null,"mapillary":null,"short_name":null,"vending_machine":null,"wheelchair":"yes","tactile_paving":"no","shelter":"no","ref":"3365","public_transport":"platform","operator":"STAP","network:wikipedia":"fr:Transports en commun de Pau","network:wikidata":"Q3147798","network":"IDELIS","name":"Trespoey","lit":"no","departures_board":"timetable","check_date:shelter":null,"check_date":null,"bus":"yes","bin":"no","bench":"no"},"geometry":{"type":"Point","coordinates":[427796.124543721554801,6250190.055153178051114]}},
{"type":"Feature","properties":{"full_id":"n3877146331","osm_id":"3877146331","osm_type":"node","highway":"bus_stop","temporary":null,"route_ref":null,"mapillary":null,"short_name":"218e RI","vending_machine":null,"wheelchair":"yes","tactile_paving":"no","shelter":"yes","ref":"3004","public_transport":"platform","operator":null,"network:wikipedia":"fr:Transports en commun de Pau","network:wikidata":"Q3147798","network":"IDELIS","name":"218e RI","lit":"yes","departures_board":"timetable","check_date:shelter":null,"check_date":null,"bus":"yes","bin":"yes","bench":"yes"},"geometry":{"type":"Point","coordinates":[425638.149934178509284,6250380.027848914265633]}},
{"type":"Feature","properties":{"full_id":"n3877146333","osm_id":"3877146333","osm_type":"node","highway":"bus_stop","temporary":null,"route_ref":null,"mapillary":null,"short_name":"218e RI","vending_machine":null,"wheelchair":"yes","tactile_paving":"no","shelter":"yes","ref":"3003","public_transport":"platform","operator":null,"network:wikipedia":"fr:Transports en commun de Pau","network:wikidata":"Q3147798","network":"IDELIS","name":"218e RI","lit":"yes","departures_board":"timetable","check_date:shelter":null,"check_date":null,"bus":"yes","bin":"yes","bench":"yes"},"geometry":{"type":"Point","coordinates":[425640.604385523125529,6250395.210751224309206]}},
{"type":"Feature","properties":{"full_id":"n3883883432","osm_id":"3883883432","osm_type":"node","highway":"bus_stop","temporary":null,"route_ref":null,"mapillary":null,"short_name":null,"vending_machine":null,"wheelchair":"yes","tactile_paving":"no","shelter":"yes","ref":"3042","public_transport":"platform","operator":null,"network:wikipedia":"fr:Transports en commun de Pau","network:wikidata":"Q3147798","network":"IDELIS","name":"Pasteur Cadier","lit":"yes","departures_board":"timetable","check_date:shelter":null,"check_date":null,"bus":"yes","bin":"yes","bench":"yes"},"geometry":{"type":"Point","coordinates":[427234.163860074710101,6251019.487757669761777]}},
{"type":"Feature","properties":{"full_id":"n3883883434","osm_id":"3883883434","osm_type":"node","highway":"bus_stop","temporary":null,"route_ref":null,"mapillary":null,"short_name":null,"vending_machine":null,"wheelchair":"yes","tactile_paving":"no","shelter":"yes","ref":"3041","public_transport":"platform","operator":null,"network:wikipedia":"fr:Transports en commun de Pau","network:wikidata":"Q3147798","network":"IDELIS","name":"Pasteur Cadier","lit":"yes","departures_board":"timetable","check_date:shelter":null,"check_date":null,"bus":"yes","bin":"yes","bench":"yes"},"geometry":{"type":"Point","coordinates":[427221.812501080916263,6251052.10260909050703]}},
{"type":"Feature","properties":{"full_id":"n3883883435","osm_id":"3883883435","osm_type":"node","highway":"bus_stop","temporary":null,"route_ref":null,"mapillary":null,"short_name":null,"vending_machine":null,"wheelchair":"yes","tactile_paving":"no","shelter":"yes","ref":"3082","public_transport":"platform","operator":null,"network:wikipedia":"fr:Transports en commun de Pau","network:wikidata":"Q3147798","network":"IDELIS","name":"Clinique Marzet","lit":"yes","departures_board":"timetable","check_date:shelter":null,"check_date":null,"bus":"yes","bin":"yes","bench":"yes"},"geometry":{"type":"Point","coordinates":[426843.103852506319527,6250877.067510943859816]}},
{"type":"Feature","properties":{"full_id":"n3883883437","osm_id":"3883883437","osm_type":"node","highway":"bus_stop","temporary":null,"route_ref":null,"mapillary":null,"short_name":null,"vending_machine":null,"wheelchair":"yes","tactile_paving":"no","shelter":"yes","ref":"3081","public_transport":"platform","operator":null,"network:wikipedia":"fr:Transports en commun de Pau","network:wikidata":"Q3147798","network":"IDELIS","name":"Clinique Marzet","lit":"yes","departures_board":"realtime","check_date:shelter":null,"check_date":null,"bus":"yes","bin":"yes","bench":"yes"},"geometry":{"type":"Point","coordinates":[426859.500982134602964,6250892.290275151841342]}},
{"type":"Feature","properties":{"full_id":"n3883883438","osm_id":"3883883438","osm_type":"node","highway":"bus_stop","temporary":null,"route_ref":null,"mapillary":null,"short_name":null,"vending_machine":null,"wheelchair":"yes","tactile_paving":"no","shelter":"yes","ref":"3092","public_transport":"platform","operator":null,"network:wikipedia":"fr:Transports en commun de Pau","network:wikidata":"Q3147798","network":"IDELIS","name":"Corisande","lit":"yes","departures_board":"realtime","check_date:shelter":null,"check_date":null,"bus":"yes","bin":"yes","bench":"yes"},"geometry":{"type":"Point","coordinates":[427736.641401526750997,6251174.250263825058937]}},
{"type":"Feature","properties":{"full_id":"n3883883440","osm_id":"3883883440","osm_type":"node","highway":"bus_stop","temporary":null,"route_ref":null,"mapillary":null,"short_name":null,"vending_machine":null,"wheelchair":"yes","tactile_paving":"no","shelter":"yes","ref":"3091","public_transport":"platform","operator":null,"network:wikipedia":"fr:Transports en commun de Pau","network:wikidata":"Q3147798","network":"IDELIS","name":"Corisande","lit":"yes","departures_board":"timetable","check_date:shelter":null,"check_date":null,"bus":"yes","bin":"yes","bench":"yes"},"geometry":{"type":"Point","coordinates":[427731.470757846313063,6251240.694656234234571]}},
{"type":"Feature","properties":{"full_id":"n3883883441","osm_id":"3883883441","osm_type":"node","highway":"bus_stop","temporary":null,"route_ref":null,"mapillary":null,"short_name":null,"vending_machine":null,"wheelchair":"yes","tactile_paving":"no","shelter":"no","ref":"3340","public_transport":"platform","operator":null,"network:wikipedia":"fr:Transports en commun de Pau","network:wikidata":"Q3147798","network":"IDELIS","name":"Saint Jean-Baptiste","lit":"no","departures_board":"timetable","check_date:shelter":null,"check_date":null,"bus":"yes","bin":"yes","bench":"yes"},"geometry":{"type":"Point","coordinates":[428576.388177988119423,6252318.821507224813104]}},
{"type":"Feature","properties":{"full_id":"n3883883443","osm_id":"3883883443","osm_type":"node","highway":"bus_stop","temporary":null,"route_ref":null,"mapillary":null,"short_name":null,"vending_machine":null,"wheelchair":"yes","tactile_paving":"no","shelter":"yes","ref":"3339","public_transport":"platform","operator":null,"network:wikipedia":"fr:Transports en commun de Pau","network:wikidata":"Q3147798","network":"IDELIS","name":"Saint Jean-Baptiste","lit":"yes","departures_board":"realtime","check_date:shelter":null,"check_date":null,"bus":"yes","bin":"yes","bench":"yes"},"geometry":{"type":"Point","coordinates":[428535.512366983573884,6252359.718847042880952]}},
{"type":"Feature","properties":{"full_id":"n3883883444","osm_id":"3883883444","osm_type":"node","highway":"bus_stop","temporary":null,"route_ref":null,"mapillary":null,"short_name":null,"vending_machine":null,"wheelchair":"yes","tactile_paving":"no","shelter":"no","ref":"3197","public_transport":"platform","operator":null,"network:wikipedia":"fr:Transports en commun de Pau","network:wikidata":"Q3147798","network":"IDELIS","name":"Iris","lit":"no","departures_board":"timetable","check_date:shelter":null,"check_date":null,"bus":"yes","bin":"no","bench":"no"},"geometry":{"type":"Point","coordinates":[428186.734830993285868,6252384.472766362130642]}},
{"type":"Feature","properties":{"full_id":"n3883883446","osm_id":"3883883446","osm_type":"node","highway":"bus_stop","temporary":null,"route_ref":null,"mapillary":null,"short_name":null,"vending_machine":null,"wheelchair":"yes","tactile_paving":"no","shelter":"yes","ref":"3198","public_transport":"platform","operator":null,"network:wikipedia":"fr:Transports en commun de Pau","network:wikidata":"Q3147798","network":"IDELIS","name":"Iris","lit":"yes","departures_board":"timetable","check_date:shelter":null,"check_date":null,"bus":"yes","bin":"yes","bench":"yes"},"geometry":{"type":"Point","coordinates":[428108.50061652821023,6252342.721493464894593]}},
{"type":"Feature","properties":{"full_id":"n3883883447","osm_id":"3883883447","osm_type":"node","highway":"bus_stop","temporary":null,"route_ref":null,"mapillary":null,"short_name":null,"vending_machine":null,"wheelchair":"yes","tactile_paving":"no","shelter":"yes","ref":"3202","public_transport":"platform","operator":null,"network:wikipedia":"fr:Transports en commun de Pau","network:wikidata":"Q3147798","network":"IDELIS","name":"Jules Verne","lit":"yes","departures_board":"timetable","check_date:shelter":null,"check_date":null,"bus":"yes","bin":"yes","bench":"yes"},"geometry":{"type":"Point","coordinates":[427504.272962510935031,6251190.719722135923803]}},
{"type":"Feature","properties":{"full_id":"n3883883449","osm_id":"3883883449","osm_type":"node","highway":"bus_stop","temporary":null,"route_ref":null,"mapillary":null,"short_name":null,"vending_machine":null,"wheelchair":"yes","tactile_paving":"no","shelter":"yes","ref":"3201","public_transport":"platform","operator":null,"network:wikipedia":"fr:Transports en commun de Pau","network:wikidata":"Q3147798","network":"IDELIS","name":"Jules Verne","lit":"yes","departures_board":"realtime","check_date:shelter":null,"check_date":null,"bus":"yes","bin":"yes","bench":"yes"},"geometry":{"type":"Point","coordinates":[427499.376376355125103,6251200.530199155211449]}},
{"type":"Feature","properties":{"full_id":"n3883883450","osm_id":"3883883450","osm_type":"node","highway":"bus_stop","temporary":null,"route_ref":null,"mapillary":null,"short_name":null,"vending_machine":null,"wheelchair":"yes","tactile_paving":"no","shelter":"no","ref":"3231","public_transport":"platform","operator":null,"network:wikipedia":"fr:Transports en commun de Pau","network:wikidata":"Q3147798","network":"IDELIS","name":"LP H. Baradat","lit":"no","departures_board":"timetable","check_date:shelter":null,"check_date":null,"bus":"yes","bin":"no","bench":"no"},"geometry":{"type":"Point","coordinates":[427929.03182670858223,6252167.293822388164699]}},
{"type":"Feature","properties":{"full_id":"n3883883452","osm_id":"3883883452","osm_type":"node","highway":"bus_stop","temporary":null,"route_ref":null,"mapillary":null,"short_name":null,"vending_machine":null,"wheelchair":"yes","tactile_paving":"no","shelter":"yes","ref":"3230","public_transport":"platform","operator":null,"network:wikipedia":"fr:Transports en commun de Pau","network:wikidata":"Q3147798","network":"IDELIS","name":"LP H. Baradat","lit":"yes","departures_board":"timetable","check_date:shelter":null,"check_date":null,"bus":"yes","bin":"yes","bench":"yes"},"geometry":{"type":"Point","coordinates":[427902.970714787545148,6252147.817404313012958]}},
{"type":"Feature","properties":{"full_id":"n3883883454","osm_id":"3883883454","osm_type":"node","highway":"bus_stop","temporary":null,"route_ref":null,"mapillary":null,"short_name":null,"vending_machine":null,"wheelchair":"yes","tactile_paving":"no","shelter":"no","ref":"3238","public_transport":"platform","operator":null,"network:wikipedia":"fr:Transports en commun de Pau","network:wikidata":"Q3147798","network":"IDELIS","name":"Marcadau","lit":"no","departures_board":"timetable","check_date:shelter":null,"check_date":null,"bus":"yes","bin":"no","bench":"no"},"geometry":{"type":"Point","coordinates":[427769.158916846092325,6251514.48269571736455]}},
{"type":"Feature","properties":{"full_id":"n3883883456","osm_id":"3883883456","osm_type":"node","highway":"bus_stop","temporary":null,"route_ref":null,"mapillary":null,"short_name":null,"vending_machine":null,"wheelchair":"yes","tactile_paving":"no","shelter":"yes","ref":"3240","public_transport":"platform","operator":null,"network:wikipedia":"fr:Transports en commun de Pau","network:wikidata":"Q3147798","network":"IDELIS","name":"Marcadau","lit":"yes","departures_board":"timetable","check_date:shelter":null,"check_date":null,"bus":"yes","bin":"yes","bench":"yes"},"geometry":{"type":"Point","coordinates":[427762.474802100856323,6251521.809854405932128]}},
{"type":"Feature","properties":{"full_id":"n3883888461","osm_id":"3883888461","osm_type":"node","highway":"bus_stop","temporary":null,"route_ref":null,"mapillary":null,"short_name":null,"vending_machine":null,"wheelchair":"yes","tactile_paving":"no","shelter":"no","ref":"3293","public_transport":"platform","operator":null,"network:wikipedia":"fr:Transports en commun de Pau","network:wikidata":"Q3147798","network":"IDELIS","name":"Pesquidoux","lit":"no","departures_board":"timetable","check_date:shelter":null,"check_date":null,"bus":"yes","bin":"no","bench":"no"},"geometry":{"type":"Point","coordinates":[427885.384531747782603,6251770.468276247382164]}},
{"type":"Feature","properties":{"full_id":"n3883888463","osm_id":"3883888463","osm_type":"node","highway":"bus_stop","temporary":null,"route_ref":null,"mapillary":null,"short_name":null,"vending_machine":null,"wheelchair":"yes","tactile_paving":"no","shelter":"yes","ref":"3292","public_transport":"platform","operator":null,"network:wikipedia":"fr:Transports en commun de Pau","network:wikidata":"Q3147798","network":"IDELIS","name":"Pesquidoux","lit":"yes","departures_board":"timetable","check_date:shelter":null,"check_date":null,"bus":"yes","bin":"yes","bench":"yes"},"geometry":{"type":"Point","coordinates":[427881.674529929296114,6251786.02484420593828]}},
{"type":"Feature","properties":{"full_id":"n3883888464","osm_id":"3883888464","osm_type":"node","highway":"bus_stop","temporary":null,"route_ref":null,"mapillary":null,"short_name":null,"vending_machine":null,"wheelchair":"yes","tactile_paving":"no","shelter":"yes","ref":"3355","public_transport":"platform","operator":null,"network:wikipedia":"fr:Transports en commun de Pau","network:wikidata":"Q3147798","network":"IDELIS","name":"Trait d'Union","lit":"yes","departures_board":"timetable","check_date:shelter":null,"check_date":null,"bus":"yes","bin":"yes","bench":"yes"},"geometry":{"type":"Point","coordinates":[428585.365957819332834,6252752.732940068468451]}},
{"type":"Feature","properties":{"full_id":"n3883888466","osm_id":"3883888466","osm_type":"node","highway":"bus_stop","temporary":null,"route_ref":null,"mapillary":null,"short_name":null,"vending_machine":null,"wheelchair":"yes","tactile_paving":"yes","shelter":"no","ref":"3356","public_transport":"platform","operator":null,"network:wikipedia":"fr:Transports en commun de Pau","network:wikidata":"Q3147798","network":"IDELIS","name":"Trait d'Union","lit":"no","departures_board":"timetable","check_date:shelter":null,"check_date":null,"bus":"yes","bin":"no","bench":"no"},"geometry":{"type":"Point","coordinates":[428532.792061057582032,6252788.373912879265845]}},
{"type":"Feature","properties":{"full_id":"n3888927019","osm_id":"3888927019","osm_type":"node","highway":"bus_stop","temporary":null,"route_ref":null,"mapillary":null,"short_name":null,"vending_machine":null,"wheelchair":"yes","tactile_paving":"no","shelter":"yes","ref":"3020","public_transport":"platform","operator":null,"network:wikipedia":"fr:Transports en commun de Pau","network:wikidata":"Q3147798","network":"IDELIS","name":"Bidassoa","lit":"yes","departures_board":"timetable","check_date:shelter":null,"check_date":null,"bus":"yes","bin":"yes","bench":"yes"},"geometry":{"type":"Point","coordinates":[426229.140551632561255,6252324.873897447250783]}},
{"type":"Feature","properties":{"full_id":"n3888927020","osm_id":"3888927020","osm_type":"node","highway":"bus_stop","temporary":null,"route_ref":null,"mapillary":null,"short_name":null,"vending_machine":null,"wheelchair":"yes","tactile_paving":"no","shelter":"no","ref":"3021","public_transport":"platform","operator":null,"network:wikipedia":"fr:Transports en commun de Pau","network:wikidata":"Q3147798","network":"IDELIS","name":"Bidassoa","lit":"no","departures_board":"timetable","check_date:shelter":null,"check_date":null,"bus":"yes","bin":"no","bench":"no"},"geometry":{"type":"Point","coordinates":[426217.26005603588419,6252324.992429316043854]}},
{"type":"Feature","properties":{"full_id":"n3888927022","osm_id":"3888927022","osm_type":"node","highway":"bus_stop","temporary":null,"route_ref":null,"mapillary":null,"short_name":null,"vending_machine":null,"wheelchair":"yes","tactile_paving":"no","shelter":"yes","ref":"3063","public_transport":"platform","operator":null,"network:wikipedia":"fr:Transports en commun de Pau","network:wikidata":"Q3147798","network":"IDELIS","name":"Cité des Fleurs","lit":"yes","departures_board":"timetable","check_date:shelter":null,"check_date":null,"bus":"yes","bin":"yes","bench":"yes"},"geometry":{"type":"Point","coordinates":[427811.930257105908822,6251097.559913381002843]}},
{"type":"Feature","properties":{"full_id":"n3888927024","osm_id":"3888927024","osm_type":"node","highway":"bus_stop","temporary":null,"route_ref":null,"mapillary":null,"short_name":null,"vending_machine":null,"wheelchair":"yes","tactile_paving":"no","shelter":"yes","ref":"3062","public_transport":"platform","operator":null,"network:wikipedia":"fr:Transports en commun de Pau","network:wikidata":"Q3147798","network":"IDELIS","name":"Cité des Fleurs","lit":"yes","departures_board":"timetable","check_date:shelter":null,"check_date":null,"bus":"yes","bin":"yes","bench":"yes"},"geometry":{"type":"Point","coordinates":[427755.855513787711971,6251123.920794542878866]}},
{"type":"Feature","properties":{"full_id":"n3888927025","osm_id":"3888927025","osm_type":"node","highway":"bus_stop","temporary":null,"route_ref":null,"mapillary":null,"short_name":null,"vending_machine":null,"wheelchair":"yes","tactile_paving":"no","shelter":"yes","ref":"3110","public_transport":"platform","operator":null,"network:wikipedia":"fr:Transports en commun de Pau","network:wikidata":"Q3147798","network":"IDELIS","name":"D'Arsonval","lit":"yes","departures_board":"timetable","check_date:shelter":null,"check_date":null,"bus":"yes","bin":"yes","bench":"yes"},"geometry":{"type":"Point","coordinates":[427100.764866119949147,6251286.832242242991924]}},
{"type":"Feature","properties":{"full_id":"n3888927027","osm_id":"3888927027","osm_type":"node","highway":"bus_stop","temporary":null,"route_ref":null,"mapillary":null,"short_name":null,"vending_machine":null,"wheelchair":"yes","tactile_paving":"no","shelter":"yes","ref":"3109","public_transport":"platform","operator":null,"network:wikipedia":"fr:Transports en commun de Pau","network:wikidata":"Q3147798","network":"IDELIS","name":"D'Arsonval","lit":"yes","departures_board":"timetable","check_date:shelter":null,"check_date":null,"bus":"yes","bin":"yes","bench":"yes"},"geometry":{"type":"Point","coordinates":[427153.211003938864451,6251281.426591042429209]}},
{"type":"Feature","properties":{"full_id":"n3888927031","osm_id":"3888927031","osm_type":"node","highway":"bus_stop","temporary":null,"route_ref":null,"mapillary":null,"short_name":null,"vending_machine":null,"wheelchair":"yes","tactile_paving":"no","shelter":"yes","ref":"3210","public_transport":"platform","operator":null,"network:wikipedia":"fr:Transports en commun de Pau","network:wikidata":"Q3147798","network":"IDELIS","name":"Laffitte","lit":"yes","departures_board":"timetable","check_date:shelter":null,"check_date":null,"bus":"yes","bin":"yes","bench":"yes"},"geometry":{"type":"Point","coordinates":[426005.205137374810874,6252309.061465253122151]}},
{"type":"Feature","properties":{"full_id":"n3888927033","osm_id":"3888927033","osm_type":"node","highway":"bus_stop","temporary":null,"route_ref":null,"mapillary":null,"short_name":null,"vending_machine":null,"wheelchair":"yes","tactile_paving":"no","shelter":"yes","ref":"3208","public_transport":"platform","operator":null,"network:wikipedia":"fr:Transports en commun de Pau","network:wikidata":"Q3147798","network":"IDELIS","name":"Laffitte","lit":"yes","departures_board":"timetable","check_date:shelter":null,"check_date":null,"bus":"yes","bin":"yes","bench":"yes"},"geometry":{"type":"Point","coordinates":[426013.944969295756891,6252320.982270810753107]}},
{"type":"Feature","properties":{"full_id":"n3888927034","osm_id":"3888927034","osm_type":"node","highway":"bus_stop","temporary":null,"route_ref":null,"mapillary":null,"short_name":null,"vending_machine":null,"wheelchair":"no","tactile_paving":"no","shelter":"no","ref":"3235","public_transport":"platform","operator":null,"network:wikipedia":"fr:Transports en commun de Pau","network:wikidata":"Q3147798","network":"IDELIS","name":"Lycée St John Perse","lit":"no","departures_board":"timetable","check_date:shelter":null,"check_date":null,"bus":"yes","bin":"no","bench":"no"},"geometry":{"type":"Point","coordinates":[427089.69626477046404,6252452.553875982761383]}},
{"type":"Feature","properties":{"full_id":"n3888927036","osm_id":"3888927036","osm_type":"node","highway":"bus_stop","temporary":null,"route_ref":null,"mapillary":null,"short_name":null,"vending_machine":null,"wheelchair":"yes","tactile_paving":"no","shelter":"yes","ref":"3234","public_transport":"platform","operator":null,"network:wikipedia":"fr:Transports en commun de Pau","network:wikidata":"Q3147798","network":"IDELIS","name":"Lycée St John Perse","lit":"yes","departures_board":"timetable","check_date:shelter":null,"check_date":null,"bus":"yes","bin":"yes","bench":"yes"},"geometry":{"type":"Point","coordinates":[426997.351666880364064,6252482.069983783178031]}},
{"type":"Feature","properties":{"full_id":"n3888927048","osm_id":"3888927048","osm_type":"node","highway":"bus_stop","temporary":null,"route_ref":null,"mapillary":null,"short_name":null,"vending_machine":null,"wheelchair":"yes","tactile_paving":"no","shelter":"no","ref":"3362","public_transport":"platform","operator":null,"network:wikipedia":"fr:Transports en commun de Pau","network:wikidata":"Q3147798","network":"IDELIS","name":"Tourasse","lit":"no","departures_board":"timetable","check_date:shelter":null,"check_date":null,"bus":"yes","bin":"no","bench":"no"},"geometry":{"type":"Point","coordinates":[428370.847537973953877,6251442.002878466621041]}},
{"type":"Feature","properties":{"full_id":"n3888927050","osm_id":"3888927050","osm_type":"node","highway":"bus_stop","temporary":null,"route_ref":null,"mapillary":null,"short_name":null,"vending_machine":null,"wheelchair":"yes","tactile_paving":"no","shelter":"yes","ref":"3360","public_transport":"platform","operator":null,"network:wikipedia":"fr:Transports en commun de Pau","network:wikidata":"Q3147798","network":"IDELIS","name":"Tourasse","lit":"yes","departures_board":"timetable","check_date:shelter":null,"check_date":null,"bus":"yes","bin":"yes","bench":"yes"},"geometry":{"type":"Point","coordinates":[428385.456174415361602,6251453.878195241093636]}},
{"type":"Feature","properties":{"full_id":"n3888927051","osm_id":"3888927051","osm_type":"node","highway":"bus_stop","temporary":null,"route_ref":null,"mapillary":null,"short_name":null,"vending_machine":null,"wheelchair":"yes","tactile_paving":"no","shelter":"yes","ref":"3383","public_transport":"platform","operator":null,"network:wikipedia":"fr:Transports en commun de Pau","network:wikidata":"Q3147798","network":"IDELIS","name":"Wagner","lit":"yes","departures_board":"timetable","check_date:shelter":null,"check_date":null,"bus":"yes","bin":"yes","bench":"yes"},"geometry":{"type":"Point","coordinates":[428154.102678195224144,6251503.771846315823495]}},
{"type":"Feature","properties":{"full_id":"n3888927053","osm_id":"3888927053","osm_type":"node","highway":"bus_stop","temporary":null,"route_ref":null,"mapillary":null,"short_name":null,"vending_machine":null,"wheelchair":"yes","tactile_paving":"no","shelter":"yes","ref":"3382","public_transport":"platform","operator":null,"network:wikipedia":"fr:Transports en commun de Pau","network:wikidata":"Q3147798","network":"IDELIS","name":"Wagner","lit":"yes","departures_board":"timetable","check_date:shelter":null,"check_date":null,"bus":"yes","bin":"yes","bench":"yes"},"geometry":{"type":"Point","coordinates":[428151.353804232901894,6251524.572484692558646]}},
{"type":"Feature","properties":{"full_id":"n3889026494","osm_id":"3889026494","osm_type":"node","highway":"bus_stop","temporary":null,"route_ref":null,"mapillary":null,"short_name":null,"vending_machine":null,"wheelchair":"yes","tactile_paving":"no","shelter":"yes","ref":"3051","public_transport":"platform","operator":"STAP","network:wikipedia":"fr:Transports en commun de Pau","network:wikidata":"Q3147798","network":"IDELIS","name":"PAU Porte des Pyrénées Quai B","lit":"yes","departures_board":"timetable","check_date:shelter":null,"check_date":null,"bus":"yes","bin":"yes","bench":"yes"},"geometry":{"type":"Point","coordinates":[429301.575171806791332,6251028.316081925295293]}},
{"type":"Feature","properties":{"full_id":"n3889026495","osm_id":"3889026495","osm_type":"node","highway":"bus_stop","temporary":null,"route_ref":null,"mapillary":null,"short_name":null,"vending_machine":null,"wheelchair":"yes","tactile_paving":"no","shelter":"yes","ref":"3050","public_transport":"platform","operator":"STAP","network:wikipedia":"fr:Transports en commun de Pau","network:wikidata":"Q3147798","network":"IDELIS","name":"Porte des Pyrénées Quai A","lit":"yes","departures_board":"timetable","check_date:shelter":null,"check_date":null,"bus":"yes","bin":"yes","bench":"yes"},"geometry":{"type":"Point","coordinates":[429237.837502425711136,6251076.127654780633748]}},
{"type":"Feature","properties":{"full_id":"n3904621244","osm_id":"3904621244","osm_type":"node","highway":"bus_stop","temporary":null,"route_ref":null,"mapillary":null,"short_name":null,"vending_machine":null,"wheelchair":"yes","tactile_paving":"no","shelter":"yes","ref":"3013","public_transport":"platform","operator":null,"network:wikipedia":"fr:Transports en commun de Pau","network:wikidata":"Q3147798","network":"IDELIS","name":"Maison des Associations","lit":"yes","departures_board":"timetable","check_date:shelter":null,"check_date":null,"bus":"yes","bin":"yes","bench":"yes"},"geometry":{"type":"Point","coordinates":[429552.777182452497073,6251879.022607048973441]}},
{"type":"Feature","properties":{"full_id":"n3904621246","osm_id":"3904621246","osm_type":"node","highway":"bus_stop","temporary":null,"route_ref":null,"mapillary":null,"short_name":null,"vending_machine":null,"wheelchair":"yes","tactile_paving":"no","shelter":"no","ref":"3023","public_transport":"platform","operator":null,"network:wikipedia":"fr:Transports en commun de Pau","network:wikidata":"Q3147798","network":"IDELIS","name":"Blaise","lit":"no","departures_board":"timetable","check_date:shelter":null,"check_date":null,"bus":"yes","bin":"no","bench":"no"},"geometry":{"type":"Point","coordinates":[429162.14849830447929,6252004.39135080948472]}},
{"type":"Feature","properties":{"full_id":"n3904621248","osm_id":"3904621248","osm_type":"node","highway":"bus_stop","temporary":null,"route_ref":null,"mapillary":null,"short_name":null,"vending_machine":null,"wheelchair":"yes","tactile_paving":"no","shelter":"yes","ref":"3022","public_transport":"platform","operator":null,"network:wikipedia":"fr:Transports en commun de Pau","network:wikidata":"Q3147798","network":"IDELIS","name":"Blaise","lit":"yes","departures_board":"timetable","check_date:shelter":null,"check_date":null,"bus":"yes","bin":"yes","bench":"yes"},"geometry":{"type":"Point","coordinates":[429225.546319744142238,6251982.217059392482042]}},
{"type":"Feature","properties":{"full_id":"n3904621255","osm_id":"3904621255","osm_type":"node","highway":"bus_stop","temporary":null,"route_ref":null,"mapillary":null,"short_name":null,"vending_machine":null,"wheelchair":"yes","tactile_paving":"no","shelter":"yes","ref":"3055","public_transport":"platform","operator":"STAP","network:wikipedia":"fr:Transports en commun de Pau","network:wikidata":"Q3147798","network":"IDELIS","name":"Chambre d'Agriculture","lit":"yes","departures_board":"timetable","check_date:shelter":null,"check_date":null,"bus":"yes","bin":"yes","bench":"yes"},"geometry":{"type":"Point","coordinates":[427207.374883361393586,6251575.572790450416505]}},
{"type":"Feature","properties":{"full_id":"n3904624058","osm_id":"3904624058","osm_type":"node","highway":"bus_stop","temporary":null,"route_ref":null,"mapillary":null,"short_name":null,"vending_machine":null,"wheelchair":"yes","tactile_paving":"no","shelter":"yes","ref":"3054","public_transport":"platform","operator":"STAP","network:wikipedia":"fr:Transports en commun de Pau","network:wikidata":"Q3147798","network":"IDELIS","name":"Chambre d'Agriculture","lit":"yes","departures_board":"timetable","check_date:shelter":null,"check_date":null,"bus":"yes","bin":"yes","bench":"yes"},"geometry":{"type":"Point","coordinates":[427187.23074222530704,6251610.800519678741693]}},
{"type":"Feature","properties":{"full_id":"n3904624066","osm_id":"3904624066","osm_type":"node","highway":"bus_stop","temporary":null,"route_ref":null,"mapillary":null,"short_name":null,"vending_machine":null,"wheelchair":"yes","tactile_paving":"no","shelter":"yes","ref":"3090","public_transport":"platform","operator":"STAP","network:wikipedia":"fr:Transports en commun de Pau","network:wikidata":"Q3147798","network":"IDELIS","name":"Copernic","lit":"yes","departures_board":"timetable","check_date:shelter":null,"check_date":null,"bus":"yes","bin":"yes","bench":"yes"},"geometry":{"type":"Point","coordinates":[429503.75297829817282,6252917.222169050946832]}},
{"type":"Feature","properties":{"full_id":"n3904624068","osm_id":"3904624068","osm_type":"node","highway":"bus_stop","temporary":null,"route_ref":null,"mapillary":null,"short_name":null,"vending_machine":null,"wheelchair":"yes","tactile_paving":"no","shelter":"yes","ref":"3089","public_transport":"platform","operator":"STAP","network:wikipedia":"fr:Transports en commun de Pau","network:wikidata":"Q3147798","network":"IDELIS","name":"Copernic","lit":"yes","departures_board":"timetable","check_date:shelter":null,"check_date":null,"bus":"yes","bin":"yes","bench":"yes"},"geometry":{"type":"Point","coordinates":[429502.094860077893827,6252932.57958903349936]}},
{"type":"Feature","properties":{"full_id":"n3904624069","osm_id":"3904624069","osm_type":"node","highway":"bus_stop","temporary":null,"route_ref":null,"mapillary":null,"short_name":null,"vending_machine":null,"wheelchair":"yes","tactile_paving":"no","shelter":"yes","ref":"3096","public_transport":"platform","operator":null,"network:wikipedia":"fr:Transports en commun de Pau","network:wikidata":"Q3147798","network":"IDELIS","name":"Courteault","lit":"no","departures_board":"timetable","check_date:shelter":null,"check_date":null,"bus":"yes","bin":"yes","bench":"yes"},"geometry":{"type":"Point","coordinates":[427473.540399997204076,6251570.248758567497134]}},
{"type":"Feature","properties":{"full_id":"n3904624071","osm_id":"3904624071","osm_type":"node","highway":"bus_stop","temporary":null,"route_ref":null,"mapillary":null,"short_name":null,"vending_machine":null,"wheelchair":"yes","tactile_paving":"no","shelter":"yes","ref":"3095","public_transport":"platform","operator":null,"network:wikipedia":"fr:Transports en commun de Pau","network:wikidata":"Q3147798","network":"IDELIS","name":"Courteault","lit":"yes","departures_board":"timetable","check_date:shelter":"2026-01-17","check_date":null,"bus":"yes","bin":"yes","bench":"yes"},"geometry":{"type":"Point","coordinates":[427481.297940267657395,6251583.3816221607849]}},
{"type":"Feature","properties":{"full_id":"n3904624089","osm_id":"3904624089","osm_type":"node","highway":"bus_stop","temporary":null,"route_ref":null,"mapillary":null,"short_name":null,"vending_machine":null,"wheelchair":"yes","tactile_paving":"no","shelter":"no","ref":"3241","public_transport":"platform","operator":null,"network:wikipedia":"fr:Transports en commun de Pau","network:wikidata":"Q3147798","network":"IDELIS","name":"Marcadau","lit":"no","departures_board":"timetable","check_date:shelter":null,"check_date":null,"bus":"yes","bin":"yes","bench":"yes"},"geometry":{"type":"Point","coordinates":[427701.011293699441012,6251562.553196730092168]}},
{"type":"Feature","properties":{"full_id":"n3904624091","osm_id":"3904624091","osm_type":"node","highway":"bus_stop","temporary":null,"route_ref":null,"mapillary":null,"short_name":null,"vending_machine":null,"wheelchair":"yes","tactile_paving":"no","shelter":"yes","ref":"3239","public_transport":"platform","operator":null,"network:wikipedia":"fr:Transports en commun de Pau","network:wikidata":"Q3147798","network":"IDELIS","name":"Marcadau","lit":"yes","departures_board":"timetable","check_date:shelter":null,"check_date":null,"bus":"yes","bin":"yes","bench":"yes"},"geometry":{"type":"Point","coordinates":[427706.344183247128967,6251580.584894300438464]}},
{"type":"Feature","properties":{"full_id":"n3904624092","osm_id":"3904624092","osm_type":"node","highway":"bus_stop","temporary":null,"route_ref":null,"mapillary":null,"short_name":null,"vending_machine":null,"wheelchair":"yes","tactile_paving":"no","shelter":"no","ref":"3243","public_transport":"platform","operator":null,"network:wikipedia":"fr:Transports en commun de Pau","network:wikidata":"Q3147798","network":"IDELIS","name":"Marguerites","lit":"no","departures_board":"timetable","check_date:shelter":null,"check_date":null,"bus":"yes","bin":"no","bench":"no"},"geometry":{"type":"Point","coordinates":[428933.418002791586332,6252122.383886475116014]}},
{"type":"Feature","properties":{"full_id":"n3904624094","osm_id":"3904624094","osm_type":"node","highway":"bus_stop","temporary":null,"route_ref":null,"mapillary":null,"short_name":null,"vending_machine":null,"wheelchair":"yes","tactile_paving":"no","shelter":"no","ref":"3242","public_transport":"platform","operator":null,"network:wikipedia":"fr:Transports en commun de Pau","network:wikidata":"Q3147798","network":"IDELIS","name":"Marguerites","lit":"no","departures_board":"timetable","check_date:shelter":null,"check_date":null,"bus":"yes","bin":"no","bench":"no"},"geometry":{"type":"Point","coordinates":[428918.110970562789589,6252148.644567203707993]}},
{"type":"Feature","properties":{"full_id":"n3904624098","osm_id":"3904624098","osm_type":"node","highway":"bus_stop","temporary":null,"route_ref":null,"mapillary":null,"short_name":null,"vending_machine":null,"wheelchair":"yes","tactile_paving":"no","shelter":"no","ref":"3258","public_transport":"platform","operator":null,"network:wikipedia":"fr:Transports en commun de Pau","network:wikidata":"Q3147798","network":"IDELIS","name":"Mozart","lit":"no","departures_board":"timetable","check_date:shelter":null,"check_date":null,"bus":"yes","bin":"no","bench":"no"},"geometry":{"type":"Point","coordinates":[428542.205198508454487,6251799.514472840353847]}},
{"type":"Feature","properties":{"full_id":"n3904624100","osm_id":"3904624100","osm_type":"node","highway":"bus_stop","temporary":null,"route_ref":null,"mapillary":null,"short_name":null,"vending_machine":null,"wheelchair":"yes","tactile_paving":"no","shelter":"yes","ref":"3259","public_transport":"platform","operator":null,"network:wikipedia":"fr:Transports en commun de Pau","network:wikidata":"Q3147798","network":"IDELIS","name":"Mozart","lit":"yes","departures_board":"timetable","check_date:shelter":null,"check_date":null,"bus":"yes","bin":"yes","bench":"yes"},"geometry":{"type":"Point","coordinates":[428527.781373889942188,6251792.548880448564887]}},
{"type":"Feature","properties":{"full_id":"n3904624105","osm_id":"3904624105","osm_type":"node","highway":"bus_stop","temporary":null,"route_ref":null,"mapillary":null,"short_name":null,"vending_machine":null,"wheelchair":"yes","tactile_paving":"no","shelter":"no","ref":"3291","public_transport":"platform","operator":null,"network:wikipedia":"fr:Transports en commun de Pau","network:wikidata":"Q3147798","network":"IDELIS","name":"Pôle Emploi","lit":"no","departures_board":"timetable","check_date:shelter":null,"check_date":null,"bus":"yes","bin":"no","bench":"no"},"geometry":{"type":"Point","coordinates":[429972.308746059658006,6252436.398280845955014]}},
{"type":"Feature","properties":{"full_id":"n3904624107","osm_id":"3904624107","osm_type":"node","highway":"bus_stop","temporary":null,"route_ref":null,"mapillary":null,"short_name":null,"vending_machine":null,"wheelchair":"yes","tactile_paving":"no","shelter":"yes","ref":"3290","public_transport":"platform","operator":null,"network:wikipedia":"fr:Transports en commun de Pau","network:wikidata":"Q3147798","network":"IDELIS","name":"Pôle Emploi","lit":"yes","departures_board":"timetable","check_date:shelter":"2026-07-22","check_date":null,"bus":"yes","bin":"yes","bench":"yes"},"geometry":{"type":"Point","coordinates":[429959.128668362565804,6252447.868891658261418]}},
{"type":"Feature","properties":{"full_id":"n3904624108","osm_id":"3904624108","osm_type":"node","highway":"bus_stop","temporary":null,"route_ref":null,"mapillary":null,"short_name":null,"vending_machine":null,"wheelchair":"yes","tactile_paving":"no","shelter":"no","ref":"3312","public_transport":"platform","operator":null,"network:wikipedia":"fr:Transports en commun de Pau","network:wikidata":"Q3147798","network":"IDELIS","name":"Rameau","lit":"no","departures_board":"timetable","check_date:shelter":null,"check_date":null,"bus":"yes","bin":"no","bench":"yes"},"geometry":{"type":"Point","coordinates":[428654.736721716122702,6252196.750019337981939]}},
{"type":"Feature","properties":{"full_id":"n3904624110","osm_id":"3904624110","osm_type":"node","highway":"bus_stop","temporary":null,"route_ref":null,"mapillary":null,"short_name":null,"vending_machine":null,"wheelchair":"yes","tactile_paving":"no","shelter":"yes","ref":"3313","public_transport":"platform","operator":null,"network:wikipedia":"fr:Transports en commun de Pau","network:wikidata":"Q3147798","network":"IDELIS","name":"Rameau","lit":"yes","departures_board":"timetable","check_date:shelter":null,"check_date":null,"bus":"yes","bin":"yes","bench":"yes"},"geometry":{"type":"Point","coordinates":[428640.76450687693432,6252211.728410925716162]}},
{"type":"Feature","properties":{"full_id":"n3904624111","osm_id":"3904624111","osm_type":"node","highway":"bus_stop","temporary":null,"route_ref":null,"mapillary":null,"short_name":null,"vending_machine":null,"wheelchair":"yes","tactile_paving":"no","shelter":"no","ref":"3315","public_transport":"platform","operator":null,"network:wikipedia":"fr:Transports en commun de Pau","network:wikidata":"Q3147798","network":"IDELIS","name":"Ravel","lit":"no","departures_board":"timetable","check_date:shelter":null,"check_date":null,"bus":"yes","bin":"no","bench":"no"},"geometry":{"type":"Point","coordinates":[428715.197217851760797,6252232.073307685554028]}},
{"type":"Feature","properties":{"full_id":"n3904624113","osm_id":"3904624113","osm_type":"node","highway":"bus_stop","temporary":null,"route_ref":null,"mapillary":null,"short_name":null,"vending_machine":null,"wheelchair":"yes","tactile_paving":"no","shelter":"yes","ref":"3314","public_transport":"platform","operator":null,"network:wikipedia":"fr:Transports en commun de Pau","network:wikidata":"Q3147798","network":"IDELIS","name":"Ravel","lit":"yes","departures_board":"timetable","check_date:shelter":null,"check_date":null,"bus":"yes","bin":"yes","bench":"yes"},"geometry":{"type":"Point","coordinates":[428750.623748090059962,6252229.916078930720687]}},
{"type":"Feature","properties":{"full_id":"n3904624120","osm_id":"3904624120","osm_type":"node","highway":"bus_stop","temporary":null,"route_ref":null,"mapillary":null,"short_name":null,"vending_machine":null,"wheelchair":"yes","tactile_paving":"no","shelter":"no","ref":"3363","public_transport":"platform","operator":null,"network:wikipedia":"fr:Transports en commun de Pau","network:wikidata":"Q3147798","network":"IDELIS","name":"Tourterelles","lit":"no","departures_board":"timetable","check_date:shelter":null,"check_date":null,"bus":"yes","bin":"no","bench":"no"},"geometry":{"type":"Point","coordinates":[429177.892150014464278,6253145.988659017719328]}},
{"type":"Feature","properties":{"full_id":"n3904624122","osm_id":"3904624122","osm_type":"node","highway":"bus_stop","temporary":null,"route_ref":null,"mapillary":null,"short_name":null,"vending_machine":null,"wheelchair":"yes","tactile_paving":"no","shelter":"no","ref":"1724","public_transport":"platform","operator":null,"network:wikipedia":"fr:Transports en commun de Pau","network:wikidata":"Q3147798","network":"IDELIS","name":"Tourterelles","lit":"no","departures_board":"timetable","check_date:shelter":null,"check_date":null,"bus":"yes","bin":"yes","bench":"no"},"geometry":{"type":"Point","coordinates":[429155.042074427765328,6253097.966634701006114]}},
{"type":"Feature","properties":{"full_id":"n3904624123","osm_id":"3904624123","osm_type":"node","highway":"bus_stop","temporary":null,"route_ref":null,"mapillary":null,"short_name":null,"vending_machine":null,"wheelchair":"yes","tactile_paving":"no","shelter":"no","ref":"3369","public_transport":"platform","operator":null,"network:wikipedia":"fr:Transports en commun de Pau","network:wikidata":"Q3147798","network":"IDELIS","name":"Trianon","lit":"no","departures_board":"timetable","check_date:shelter":null,"check_date":null,"bus":"yes","bin":"no","bench":"no"},"geometry":{"type":"Point","coordinates":[429972.527812300482765,6252849.180817577987909]}},
{"type":"Feature","properties":{"full_id":"n3904624125","osm_id":"3904624125","osm_type":"node","highway":"bus_stop","temporary":null,"route_ref":null,"mapillary":null,"short_name":null,"vending_machine":null,"wheelchair":"yes","tactile_paving":"no","shelter":"yes","ref":"3368","public_transport":"platform","operator":null,"network:wikipedia":"fr:Transports en commun de Pau","network:wikidata":"Q3147798","network":"IDELIS","name":"Trianon","lit":"yes","departures_board":"timetable","check_date:shelter":null,"check_date":null,"bus":"yes","bin":"yes","bench":"yes"},"geometry":{"type":"Point","coordinates":[429978.290894207893871,6252861.599325536750257]}},
{"type":"Feature","properties":{"full_id":"n3905242958","osm_id":"3905242958","osm_type":"node","highway":"bus_stop","temporary":null,"route_ref":null,"mapillary":null,"short_name":null,"vending_machine":null,"wheelchair":"yes","tactile_paving":"no","shelter":"no","ref":"3029","public_transport":"platform","operator":null,"network:wikipedia":"fr:Transports en commun de Pau","network:wikidata":"Q3147798","network":"IDELIS","name":"Boileau","lit":"no","departures_board":"timetable","check_date:shelter":null,"check_date":null,"bus":"yes","bin":"no","bench":"no"},"geometry":{"type":"Point","coordinates":[426727.051657187112141,6253290.305608944967389]}},
{"type":"Feature","properties":{"full_id":"n3905242960","osm_id":"3905242960","osm_type":"node","highway":"bus_stop","temporary":null,"route_ref":null,"mapillary":null,"short_name":null,"vending_machine":null,"wheelchair":"yes","tactile_paving":"no","shelter":"yes","ref":"3028","public_transport":"platform","operator":null,"network:wikipedia":"fr:Transports en commun de Pau","network:wikidata":"Q3147798","network":"IDELIS","name":"Boileau","lit":"yes","departures_board":"timetable","check_date:shelter":null,"check_date":null,"bus":"yes","bin":"yes","bench":"yes"},"geometry":{"type":"Point","coordinates":[426700.251226313062944,6253255.978737724944949]}},
{"type":"Feature","properties":{"full_id":"n3905242964","osm_id":"3905242964","osm_type":"node","highway":"bus_stop","temporary":null,"route_ref":null,"mapillary":null,"short_name":null,"vending_machine":null,"wheelchair":"yes","tactile_paving":"no","shelter":"no","ref":"3107","public_transport":"platform","operator":null,"network:wikipedia":"fr:Transports en commun de Pau","network:wikidata":"Q3147798","network":"IDELIS","name":"Chemin Vert","lit":"no","departures_board":"timetable","check_date:shelter":null,"check_date":null,"bus":"yes","bin":"no","bench":"no"},"geometry":{"type":"Point","coordinates":[427014.23608336324105,6253524.290956350043416]}},
{"type":"Feature","properties":{"full_id":"n3905242965","osm_id":"3905242965","osm_type":"node","highway":"bus_stop","temporary":null,"route_ref":null,"mapillary":null,"short_name":null,"vending_machine":null,"wheelchair":"yes","tactile_paving":"no","shelter":"yes","ref":"3108","public_transport":"platform","operator":null,"network:wikipedia":"fr:Transports en commun de Pau","network:wikidata":"Q3147798","network":"IDELIS","name":"Chemin Vert","lit":"yes","departures_board":"timetable","check_date:shelter":null,"check_date":null,"bus":"yes","bin":"yes","bench":"yes"},"geometry":{"type":"Point","coordinates":[427034.044811847968958,6253529.576944896019995]}},
{"type":"Feature","properties":{"full_id":"n3905242969","osm_id":"3905242969","osm_type":"node","highway":"bus_stop","temporary":null,"route_ref":null,"mapillary":null,"short_name":null,"vending_machine":null,"wheelchair":"no","tactile_paving":"no","shelter":"no","ref":"3094","public_transport":"platform","operator":null,"network:wikipedia":"fr:Transports en commun de Pau","network:wikidata":"Q3147798","network":"IDELIS","name":"Couettes","lit":"no","departures_board":"timetable","check_date:shelter":null,"check_date":null,"bus":"yes","bin":"no","bench":"no"},"geometry":{"type":"Point","coordinates":[427325.786015359102748,6252963.465447120368481]}},
{"type":"Feature","properties":{"full_id":"n3905242970","osm_id":"3905242970","osm_type":"node","highway":"bus_stop","temporary":null,"route_ref":null,"mapillary":null,"short_name":null,"vending_machine":null,"wheelchair":"no","tactile_paving":"no","shelter":"no","ref":"3093","public_transport":"platform","operator":null,"network:wikipedia":"fr:Transports en commun de Pau","network:wikidata":"Q3147798","network":"IDELIS","name":"Couettes","lit":"no","departures_board":"timetable","check_date:shelter":null,"check_date":null,"bus":"yes","bin":"no","bench":"no"},"geometry":{"type":"Point","coordinates":[427302.312187111238018,6252961.22742085903883]}},
{"type":"Feature","properties":{"full_id":"n3905242975","osm_id":"3905242975","osm_type":"node","highway":"bus_stop","temporary":null,"route_ref":null,"mapillary":null,"short_name":null,"vending_machine":null,"wheelchair":"no","tactile_paving":"no","shelter":"no","ref":"3164","public_transport":"platform","operator":null,"network:wikipedia":"fr:Transports en commun de Pau","network:wikidata":"Q3147798","network":"IDELIS","name":"Gavarnie","lit":"no","departures_board":"timetable","check_date:shelter":null,"check_date":null,"bus":"yes","bin":"no","bench":"no"},"geometry":{"type":"Point","coordinates":[426865.502839245367795,6253146.686587506905198]}},
{"type":"Feature","properties":{"full_id":"n3905242977","osm_id":"3905242977","osm_type":"node","highway":"bus_stop","temporary":null,"route_ref":null,"mapillary":null,"short_name":null,"vending_machine":null,"wheelchair":"no","tactile_paving":"no","shelter":"no","ref":"3165","public_transport":"platform","operator":null,"network:wikipedia":"fr:Transports en commun de Pau","network:wikidata":"Q3147798","network":"IDELIS","name":"Gavarnie","lit":"no","departures_board":"timetable","check_date:shelter":null,"check_date":null,"bus":"yes","bin":"no","bench":"no"},"geometry":{"type":"Point","coordinates":[426877.632660948729608,6253153.212118805386126]}},
{"type":"Feature","properties":{"full_id":"n3905242981","osm_id":"3905242981","osm_type":"node","highway":"bus_stop","temporary":null,"route_ref":null,"mapillary":null,"short_name":null,"vending_machine":null,"wheelchair":"yes","tactile_paving":"no","shelter":"no","ref":"3168","public_transport":"platform","operator":null,"network:wikipedia":"fr:Transports en commun de Pau","network:wikidata":"Q3147798","network":"IDELIS","name":"Grands Chênes","lit":"no","departures_board":"timetable","check_date:shelter":null,"check_date":null,"bus":"yes","bin":"no","bench":"no"},"geometry":{"type":"Point","coordinates":[426802.408119789673947,6253513.80010627489537]}},
{"type":"Feature","properties":{"full_id":"n3905242983","osm_id":"3905242983","osm_type":"node","highway":"bus_stop","temporary":null,"route_ref":null,"mapillary":null,"short_name":null,"vending_machine":null,"wheelchair":"yes","tactile_paving":"no","shelter":"yes","ref":"3170","public_transport":"platform","operator":null,"network:wikipedia":"fr:Transports en commun de Pau","network:wikidata":"Q3147798","network":"IDELIS","name":"Grands Chênes","lit":"yes","departures_board":"timetable","check_date:shelter":null,"check_date":null,"bus":"yes","bin":"yes","bench":"yes"},"geometry":{"type":"Point","coordinates":[426772.408637556887697,6253465.579232944175601]}},
{"type":"Feature","properties":{"full_id":"n3905242984","osm_id":"3905242984","osm_type":"node","highway":"bus_stop","temporary":null,"route_ref":null,"mapillary":null,"short_name":null,"vending_machine":null,"wheelchair":"yes","tactile_paving":"no","shelter":"yes","ref":"3215","public_transport":"platform","operator":null,"network:wikipedia":"fr:Transports en commun de Pau","network:wikidata":"Q3147798","network":"IDELIS","name":"Laperrine","lit":"yes","departures_board":"timetable","check_date:shelter":null,"check_date":null,"bus":"yes","bin":"yes","bench":"yes"},"geometry":{"type":"Point","coordinates":[427097.81726923113456,6253050.951414936222136]}},
{"type":"Feature","properties":{"full_id":"n3905242986","osm_id":"3905242986","osm_type":"node","highway":"bus_stop","temporary":null,"route_ref":null,"mapillary":null,"short_name":null,"vending_machine":null,"wheelchair":"no","tactile_paving":"no","shelter":"no","ref":"3216","public_transport":"platform","operator":null,"network:wikipedia":"fr:Transports en commun de Pau","network:wikidata":"Q3147798","network":"IDELIS","name":"Laperrine","lit":"no","departures_board":"timetable","check_date:shelter":null,"check_date":null,"bus":"yes","bin":"no","bench":"no"},"geometry":{"type":"Point","coordinates":[427108.15068076341413,6253057.832112965174019]}},
{"type":"Feature","properties":{"full_id":"n3905243005","osm_id":"3905243005","osm_type":"node","highway":"bus_stop","temporary":null,"route_ref":null,"mapillary":null,"short_name":null,"vending_machine":null,"wheelchair":"yes","tactile_paving":"no","shelter":"yes","ref":"3060","public_transport":"platform","operator":"STAP","network:wikipedia":"fr:Transports en commun de Pau","network:wikidata":"Q3147798","network":"IDELIS","name":"Catherine de Bourbon Quai G","lit":"yes","departures_board":"timetable","check_date:shelter":null,"check_date":null,"bus":"yes","bin":"yes","bench":"yes"},"geometry":{"type":"Point","coordinates":[427343.031023803108837,6252772.314719662070274]}},
{"type":"Feature","properties":{"full_id":"n3905243006","osm_id":"3905243006","osm_type":"node","highway":"bus_stop","temporary":null,"route_ref":null,"mapillary":null,"short_name":null,"vending_machine":null,"wheelchair":"no","tactile_paving":"no","shelter":"no","ref":"3061","public_transport":"platform","operator":"STAP","network:wikipedia":"fr:Transports en commun de Pau","network:wikidata":"Q3147798","network":"IDELIS","name":"Catherine de Bourbon Quai H","lit":"no","departures_board":"timetable","check_date:shelter":null,"check_date":null,"bus":"yes","bin":"no","bench":"no"},"geometry":{"type":"Point","coordinates":[427361.177146835834719,6252807.379997298121452]}},
{"type":"Feature","properties":{"full_id":"n3926923812","osm_id":"3926923812","osm_type":"node","highway":"bus_stop","temporary":null,"route_ref":null,"mapillary":null,"short_name":null,"vending_machine":null,"wheelchair":"yes","tactile_paving":"no","shelter":"no","ref":"3257","public_transport":"platform","operator":null,"network:wikipedia":"fr:Transports en commun de Pau","network:wikidata":"Q3147798","network":"IDELIS","name":"Cdt Mouchotte","lit":"no","departures_board":"timetable","check_date:shelter":null,"check_date":null,"bus":"yes","bin":"no","bench":"no"},"geometry":{"type":"Point","coordinates":[429925.477239702595398,6250923.758631189353764]}},
{"type":"Feature","properties":{"full_id":"n3928272386","osm_id":"3928272386","osm_type":"node","highway":"bus_stop","temporary":null,"route_ref":null,"mapillary":null,"short_name":null,"vending_machine":null,"wheelchair":"yes","tactile_paving":"no","shelter":"yes","ref":"502","public_transport":"platform","operator":null,"network:wikipedia":"fr:Transports en commun de Pau","network:wikidata":"Q3147798","network":"IDELIS","name":"Concorde","lit":"yes","departures_board":"timetable","check_date:shelter":null,"check_date":null,"bus":"yes","bin":"yes","bench":"yes"},"geometry":{"type":"Point","coordinates":[425609.933098374400288,6248914.200622589327395]}},
{"type":"Feature","properties":{"full_id":"n3934812109","osm_id":"3934812109","osm_type":"node","highway":"bus_stop","temporary":null,"route_ref":null,"mapillary":null,"short_name":null,"vending_machine":null,"wheelchair":"no","tactile_paving":"no","shelter":"no","ref":"3122","public_transport":"platform","operator":null,"network:wikipedia":"fr:Transports en commun de Pau","network:wikidata":"Q3147798","network":"IDELIS","name":"Europe","lit":"no","departures_board":"timetable","check_date:shelter":null,"check_date":null,"bus":"yes","bin":"no","bench":"no"},"geometry":{"type":"Point","coordinates":[427732.049696593021508,6253520.448918430134654]}},
{"type":"Feature","properties":{"full_id":"n3934812111","osm_id":"3934812111","osm_type":"node","highway":"bus_stop","temporary":null,"route_ref":null,"mapillary":null,"short_name":null,"vending_machine":null,"wheelchair":"yes","tactile_paving":"no","shelter":"no","ref":"3121","public_transport":"platform","operator":null,"network:wikipedia":"fr:Transports en commun de Pau","network:wikidata":"Q3147798","network":"IDELIS","name":"Europe","lit":"no","departures_board":"timetable","check_date:shelter":null,"check_date":null,"bus":"yes","bin":"no","bench":"no"},"geometry":{"type":"Point","coordinates":[427720.24493638437707,6253570.418355088680983]}},
{"type":"Feature","properties":{"full_id":"n3935833137","osm_id":"3935833137","osm_type":"node","highway":"bus_stop","temporary":null,"route_ref":null,"mapillary":null,"short_name":null,"vending_machine":null,"wheelchair":"no","tactile_paving":"no","shelter":"no","ref":"3179","public_transport":"platform","operator":null,"network:wikipedia":"fr:Transports en commun de Pau","network:wikidata":"Q3147798","network":"IDELIS","name":"Ginot","lit":"no","departures_board":"timetable","check_date:shelter":"2026-01-17","check_date":null,"bus":"yes","bin":"no","bench":"yes"},"geometry":{"type":"Point","coordinates":[427429.723450168559793,6249682.521040262654424]}},
{"type":"Feature","properties":{"full_id":"n3935833139","osm_id":"3935833139","osm_type":"node","highway":"bus_stop","temporary":null,"route_ref":null,"mapillary":null,"short_name":null,"vending_machine":null,"wheelchair":"no","tactile_paving":"no","shelter":"no","ref":"3178","public_transport":"platform","operator":null,"network:wikipedia":"fr:Transports en commun de Pau","network:wikidata":"Q3147798","network":"IDELIS","name":"Ginot","lit":"no","departures_board":"timetable","check_date:shelter":"2026-01-17","check_date":null,"bus":"yes","bin":"no","bench":"no"},"geometry":{"type":"Point","coordinates":[427420.81981277273735,6249690.44371341727674]}},
{"type":"Feature","properties":{"full_id":"n3935833146","osm_id":"3935833146","osm_type":"node","highway":"bus_stop","temporary":null,"route_ref":null,"mapillary":null,"short_name":null,"vending_machine":null,"wheelchair":"no","tactile_paving":"no","shelter":"no","ref":"3206","public_transport":"platform","operator":null,"network:wikipedia":null,"network:wikidata":null,"network":null,"name":"Lacoste","lit":"no","departures_board":"timetable","check_date:shelter":null,"check_date":null,"bus":"yes","bin":"no","bench":"no"},"geometry":{"type":"Point","coordinates":[426912.442301677947398,6249496.62889370135963]}},
{"type":"Feature","properties":{"full_id":"n3935833148","osm_id":"3935833148","osm_type":"node","highway":"bus_stop","temporary":null,"route_ref":null,"mapillary":null,"short_name":null,"vending_machine":null,"wheelchair":"no","tactile_paving":"no","shelter":"no","ref":"3205","public_transport":"platform","operator":null,"network:wikipedia":null,"network:wikidata":null,"network":null,"name":"Lacoste","lit":"no","departures_board":"timetable","check_date:shelter":null,"check_date":null,"bus":"yes","bin":"no","bench":"no"},"geometry":{"type":"Point","coordinates":[426904.255300180462655,6249511.631678090430796]}},
{"type":"Feature","properties":{"full_id":"n3935833561","osm_id":"3935833561","osm_type":"node","highway":"bus_stop","temporary":null,"route_ref":null,"mapillary":null,"short_name":null,"vending_machine":null,"wheelchair":"yes","tactile_paving":"no","shelter":"yes","ref":"3346","public_transport":"platform","operator":null,"network:wikipedia":"fr:Transports en commun de Pau","network:wikidata":"Q3147798","network":"IDELIS","name":"Stade Nautique","lit":"yes","departures_board":"timetable","check_date:shelter":"2026-01-17","check_date":null,"bus":"yes","bin":"yes","bench":"yes"},"geometry":{"type":"Point","coordinates":[427683.195054213167168,6249714.578173677437007]}},
{"type":"Feature","properties":{"full_id":"n3935833563","osm_id":"3935833563","osm_type":"node","highway":"bus_stop","temporary":null,"route_ref":null,"mapillary":null,"short_name":null,"vending_machine":null,"wheelchair":"yes","tactile_paving":"no","shelter":"no","ref":"3347","public_transport":"platform","operator":null,"network:wikipedia":"fr:Transports en commun de Pau","network:wikidata":"Q3147798","network":"IDELIS","name":"Stade Nautique","lit":"no","departures_board":"timetable","check_date:shelter":"2026-01-17","check_date":null,"bus":"yes","bin":"no","bench":"no"},"geometry":{"type":"Point","coordinates":[427716.469658812857233,6249707.73398772161454]}},
{"type":"Feature","properties":{"full_id":"n3938159357","osm_id":"3938159357","osm_type":"node","highway":"bus_stop","temporary":null,"route_ref":null,"mapillary":null,"short_name":null,"vending_machine":null,"wheelchair":"no","tactile_paving":"no","shelter":"no","ref":"310","public_transport":"platform","operator":null,"network:wikipedia":"fr:Transports en commun de Pau","network:wikidata":"Q3147798","network":"IDELIS","name":"Cambets","lit":"no","departures_board":"timetable","check_date:shelter":null,"check_date":null,"bus":"yes","bin":"no","bench":"no"},"geometry":{"type":"Point","coordinates":[429179.604935559211299,6249687.368094902485609]}},
{"type":"Feature","properties":{"full_id":"n3938159389","osm_id":"3938159389","osm_type":"node","highway":"bus_stop","temporary":null,"route_ref":null,"mapillary":null,"short_name":null,"vending_machine":null,"wheelchair":"yes","tactile_paving":"no","shelter":"yes","ref":"3278","public_transport":"platform","operator":null,"network:wikipedia":"fr:Transports en commun de Pau","network:wikidata":"Q3147798","network":"IDELIS","name":"Pont d'Espagne","lit":"yes","departures_board":"timetable","check_date:shelter":null,"check_date":null,"bus":"yes","bin":"yes","bench":"yes"},"geometry":{"type":"Point","coordinates":[425154.786536184314173,6250325.522878801450133]}},
{"type":"Feature","properties":{"full_id":"n3938159392","osm_id":"3938159392","osm_type":"node","highway":"bus_stop","temporary":null,"route_ref":null,"mapillary":null,"short_name":null,"vending_machine":null,"wheelchair":"yes","tactile_paving":"no","shelter":"yes","ref":"3323","public_transport":"platform","operator":null,"network:wikipedia":"fr:Transports en commun de Pau","network:wikidata":"Q3147798","network":"IDELIS","name":"Rousseau","lit":"yes","departures_board":"timetable","check_date:shelter":null,"check_date":null,"bus":"yes","bin":"yes","bench":"yes"},"geometry":{"type":"Point","coordinates":[425645.367283596016932,6250683.031254649162292]}},
{"type":"Feature","properties":{"full_id":"n5085267611","osm_id":"5085267611","osm_type":"node","highway":"bus_stop","temporary":null,"route_ref":null,"mapillary":null,"short_name":null,"vending_machine":null,"wheelchair":"no","tactile_paving":"no","shelter":"no","ref":"3188","public_transport":"platform","operator":null,"network:wikipedia":"fr:Transports en commun de Pau","network:wikidata":"Q3147798","network":"IDELIS","name":"Hélioparc","lit":"no","departures_board":"timetable","check_date:shelter":null,"check_date":null,"bus":"yes","bin":"no","bench":"no"},"geometry":{"type":"Point","coordinates":[426810.254448484512977,6252721.089642392471433]}},
{"type":"Feature","properties":{"full_id":"n5540532053","osm_id":"5540532053","osm_type":"node","highway":"bus_stop","temporary":null,"route_ref":"Flixbus N765","mapillary":null,"short_name":null,"vending_machine":null,"wheelchair":null,"tactile_paving":null,"shelter":"yes","ref":null,"public_transport":"platform","operator":null,"network:wikipedia":null,"network:wikidata":null,"network":null,"name":"Pau, Boulevard Lucien Favre","lit":"yes","departures_board":null,"check_date:shelter":null,"check_date":null,"bus":"yes","bin":null,"bench":"yes"},"geometry":{"type":"Point","coordinates":[427162.799917249009013,6252460.876460730098188]}},
{"type":"Feature","properties":{"full_id":"n5904500068","osm_id":"5904500068","osm_type":"node","highway":"bus_stop","temporary":null,"route_ref":null,"mapillary":null,"short_name":null,"vending_machine":null,"wheelchair":"yes","tactile_paving":"no","shelter":"no","ref":"3101","public_transport":"platform","operator":"STAP","network:wikipedia":"fr:Transports en commun de Pau","network:wikidata":"Q3147798","network":"IDELIS","name":"Hippodrome","lit":"no","departures_board":"timetable","check_date:shelter":null,"check_date":null,"bus":"yes","bin":"no","bench":"no"},"geometry":{"type":"Point","coordinates":[425859.418416133674327,6254531.951615586876869]}},
{"type":"Feature","properties":{"full_id":"n5904500070","osm_id":"5904500070","osm_type":"node","highway":"bus_stop","temporary":null,"route_ref":null,"mapillary":null,"short_name":null,"vending_machine":null,"wheelchair":"no","tactile_paving":"no","shelter":"no","ref":"3007","public_transport":"platform","operator":null,"network:wikipedia":"fr:Transports en commun de Pau","network:wikidata":"Q3147798","network":"IDELIS","name":"Ader","lit":"no","departures_board":"timetable","check_date:shelter":null,"check_date":null,"bus":"yes","bin":"no","bench":"no"},"geometry":{"type":"Point","coordinates":[425917.707727043540217,6253734.532323791645467]}},
{"type":"Feature","properties":{"full_id":"n5904500071","osm_id":"5904500071","osm_type":"node","highway":"bus_stop","temporary":null,"route_ref":null,"mapillary":null,"short_name":null,"vending_machine":null,"wheelchair":"no","tactile_paving":"no","shelter":"no","ref":"3008","public_transport":"platform","operator":null,"network:wikipedia":"fr:Transports en commun de Pau","network:wikidata":"Q3147798","network":"IDELIS","name":"Ader","lit":"no","departures_board":"timetable","check_date:shelter":null,"check_date":null,"bus":"yes","bin":"yes","bench":"no"},"geometry":{"type":"Point","coordinates":[425928.903935645357706,6253750.55343384295702]}},
{"type":"Feature","properties":{"full_id":"n5906632963","osm_id":"5906632963","osm_type":"node","highway":"bus_stop","temporary":null,"route_ref":null,"mapillary":null,"short_name":null,"vending_machine":null,"wheelchair":"yes","tactile_paving":"no","shelter":"yes","ref":"3316","public_transport":"platform","operator":"STAP","network:wikipedia":"fr:Transports en commun de Pau","network:wikidata":"Q3147798","network":"IDELIS","name":"Rhin et Danube","lit":"yes","departures_board":"timetable","check_date:shelter":null,"check_date":null,"bus":"yes","bin":"yes","bench":"yes"},"geometry":{"type":"Point","coordinates":[426547.400730914436281,6251422.813842572271824]}},
{"type":"Feature","properties":{"full_id":"n5916097241","osm_id":"5916097241","osm_type":"node","highway":"bus_stop","temporary":null,"route_ref":null,"mapillary":null,"short_name":null,"vending_machine":null,"wheelchair":"yes","tactile_paving":"no","shelter":"yes","ref":"3027","public_transport":"platform","operator":null,"network:wikipedia":"fr:Transports en commun de Pau","network:wikidata":"Q3147798","network":"IDELIS","name":"Bocage","lit":"yes","departures_board":"timetable","check_date:shelter":null,"check_date":null,"bus":"yes","bin":"yes","bench":"yes"},"geometry":{"type":"Point","coordinates":[427329.953659882012289,6253429.236200712621212]}},
{"type":"Feature","properties":{"full_id":"n5916097242","osm_id":"5916097242","osm_type":"node","highway":"bus_stop","temporary":null,"route_ref":null,"mapillary":null,"short_name":null,"vending_machine":null,"wheelchair":"yes","tactile_paving":"no","shelter":"yes","ref":"3026","public_transport":"platform","operator":null,"network:wikipedia":"fr:Transports en commun de Pau","network:wikidata":"Q3147798","network":"IDELIS","name":"Bocage","lit":"yes","departures_board":"timetable","check_date:shelter":null,"check_date":null,"bus":"yes","bin":"yes","bench":"yes"},"geometry":{"type":"Point","coordinates":[427315.457187869120389,6253412.318560304120183]}},
{"type":"Feature","properties":{"full_id":"n5934479876","osm_id":"5934479876","osm_type":"node","highway":"bus_stop","temporary":null,"route_ref":null,"mapillary":null,"short_name":null,"vending_machine":null,"wheelchair":"no","tactile_paving":"no","shelter":"no","ref":"3225","public_transport":"platform","operator":"STAP","network:wikipedia":"fr:Transports en commun de Pau","network:wikidata":"Q3147798","network":"IDELIS","name":"Les Halles République","lit":"no","departures_board":"timetable","check_date:shelter":"2026-03-15","check_date":null,"bus":"yes","bin":"no","bench":"yes"},"geometry":{"type":"Point","coordinates":[426448.163705043145455,6250312.971210905350745]}},
{"type":"Feature","properties":{"full_id":"n5936903010","osm_id":"5936903010","osm_type":"node","highway":"bus_stop","temporary":null,"route_ref":null,"mapillary":null,"short_name":null,"vending_machine":null,"wheelchair":"no","tactile_paving":"no","shelter":"no","ref":"3076","public_transport":"platform","operator":null,"network:wikipedia":"fr:Transports en commun de Pau","network:wikidata":"Q3147798","network":"IDELIS","name":"Cîteaux","lit":"no","departures_board":"timetable","check_date:shelter":null,"check_date":null,"bus":"yes","bin":"no","bench":"no"},"geometry":{"type":"Point","coordinates":[427083.010054309270345,6252782.079766477458179]}},
{"type":"Feature","properties":{"full_id":"n5936903012","osm_id":"5936903012","osm_type":"node","highway":"bus_stop","temporary":null,"route_ref":null,"mapillary":null,"short_name":null,"vending_machine":null,"wheelchair":"no","tactile_paving":"no","shelter":"no","ref":"3077","public_transport":"platform","operator":null,"network:wikipedia":"fr:Transports en commun de Pau","network:wikidata":"Q3147798","network":"IDELIS","name":"Cîteaux","lit":"no","departures_board":"timetable","check_date:shelter":null,"check_date":null,"bus":"yes","bin":"no","bench":"no"},"geometry":{"type":"Point","coordinates":[427087.481479793088511,6252766.534778682515025]}},
{"type":"Feature","properties":{"full_id":"n5936903016","osm_id":"5936903016","osm_type":"node","highway":"bus_stop","temporary":null,"route_ref":null,"mapillary":null,"short_name":null,"vending_machine":null,"wheelchair":"yes","tactile_paving":"no","shelter":"yes","ref":"3010","public_transport":"platform","operator":null,"network:wikipedia":"fr:Transports en commun de Pau","network:wikidata":"Q3147798","network":"IDELIS","name":"Angot","lit":"yes","departures_board":"timetable","check_date:shelter":null,"check_date":null,"bus":"yes","bin":"yes","bench":"yes"},"geometry":{"type":"Point","coordinates":[426736.729914613883011,6252846.372741400264204]}},
{"type":"Feature","properties":{"full_id":"n5978678890","osm_id":"5978678890","osm_type":"node","highway":"bus_stop","temporary":null,"route_ref":null,"mapillary":null,"short_name":null,"vending_machine":null,"wheelchair":"no","tactile_paving":"no","shelter":"no","ref":"3169","public_transport":"platform","operator":null,"network:wikipedia":"fr:Transports en commun de Pau","network:wikidata":"Q3147798","network":"IDELIS","name":"Grands Chênes","lit":"no","departures_board":"timetable","check_date:shelter":null,"check_date":null,"bus":"yes","bin":"no","bench":"no"},"geometry":{"type":"Point","coordinates":[426676.336874251952395,6253571.608565610833466]}},
{"type":"Feature","properties":{"full_id":"n5978678891","osm_id":"5978678891","osm_type":"node","highway":"bus_stop","temporary":null,"route_ref":null,"mapillary":null,"short_name":null,"vending_machine":null,"wheelchair":"no","tactile_paving":"no","shelter":"no","ref":"3171","public_transport":"platform","operator":null,"network:wikipedia":"fr:Transports en commun de Pau","network:wikidata":"Q3147798","network":"IDELIS","name":"Grands Chênes","lit":"no","departures_board":"timetable","check_date:shelter":null,"check_date":null,"bus":"yes","bin":"no","bench":"no"},"geometry":{"type":"Point","coordinates":[426710.112849512428511,6253556.069569679908454]}},
{"type":"Feature","properties":{"full_id":"n5980994129","osm_id":"5980994129","osm_type":"node","highway":"bus_stop","temporary":null,"route_ref":null,"mapillary":"1217409325378935","short_name":null,"vending_machine":null,"wheelchair":"yes","tactile_paving":"yes","shelter":"no","ref":"3149","public_transport":"platform","operator":"STAP","network:wikipedia":"fr:Transports en commun de Pau","network:wikidata":"Q3147798","network":"IDELIS","name":"Les Halles - Despourrins","lit":"yes","departures_board":"realtime","check_date:shelter":null,"check_date":null,"bus":"yes","bin":"no","bench":"yes"},"geometry":{"type":"Point","coordinates":[426721.43047429312719,6250353.957613114267588]}},
{"type":"Feature","properties":{"full_id":"n5981080980","osm_id":"5981080980","osm_type":"node","highway":"bus_stop","temporary":null,"route_ref":null,"mapillary":null,"short_name":null,"vending_machine":null,"wheelchair":"yes","tactile_paving":"no","shelter":"yes","ref":"3354","public_transport":"platform","operator":null,"network:wikipedia":"fr:Transports en commun de Pau","network:wikidata":"Q3147798","network":"IDELIS","name":"Tourasse - Cité Administrative Quai D","lit":"yes","departures_board":"timetable","check_date:shelter":null,"check_date":null,"bus":"yes","bin":"yes","bench":"yes"},"geometry":{"type":"Point","coordinates":[427013.662720545951743,6251444.123274290002882]}},
{"type":"Feature","properties":{"full_id":"n5981080984","osm_id":"5981080984","osm_type":"node","highway":"bus_stop","temporary":null,"route_ref":null,"mapillary":null,"short_name":null,"vending_machine":null,"wheelchair":"yes","tactile_paving":"no","shelter":"yes","ref":"3237","public_transport":"platform","operator":null,"network:wikipedia":"fr:Transports en commun de Pau","network:wikidata":"Q3147798","network":"IDELIS","name":"Manoir","lit":"no","departures_board":"timetable","check_date:shelter":null,"check_date":null,"bus":"yes","bin":"no","bench":"no"},"geometry":{"type":"Point","coordinates":[426805.117098232090939,6250988.92941692378372]}},
{"type":"Feature","properties":{"full_id":"n5982939940","osm_id":"5982939940","osm_type":"node","highway":"bus_stop","temporary":null,"route_ref":null,"mapillary":null,"short_name":null,"vending_machine":null,"wheelchair":"no","tactile_paving":"no","shelter":"no","ref":"3034","public_transport":"platform","operator":"STAP","network:wikipedia":"fr:Transports en commun de Pau","network:wikidata":"Q3147798","network":"IDELIS","name":"PAU Bosquet Quai E","lit":"no","departures_board":"timetable","check_date:shelter":null,"check_date":null,"bus":"yes","bin":"no","bench":"no"},"geometry":{"type":"Point","coordinates":[426712.144345125474501,6250240.495441345497966]}},
{"type":"Feature","properties":{"full_id":"n5983338046","osm_id":"5983338046","osm_type":"node","highway":"bus_stop","temporary":null,"route_ref":null,"mapillary":null,"short_name":null,"vending_machine":null,"wheelchair":"yes","tactile_paving":"no","shelter":"yes","ref":"3274","public_transport":"platform","operator":null,"network:wikipedia":"fr:Transports en commun de Pau","network:wikidata":"Q3147798","network":"IDELIS","name":"Orbigny","lit":"yes","departures_board":"timetable","check_date:shelter":null,"check_date":null,"bus":"yes","bin":"yes","bench":"yes"},"geometry":{"type":"Point","coordinates":[431523.352724963217042,6252195.08521150238812]}},
{"type":"Feature","properties":{"full_id":"n5983338047","osm_id":"5983338047","osm_type":"node","highway":"bus_stop","temporary":null,"route_ref":null,"mapillary":null,"short_name":null,"vending_machine":null,"wheelchair":"yes","tactile_paving":"no","shelter":"yes","ref":"3273","public_transport":"platform","operator":null,"network:wikipedia":"fr:Transports en commun de Pau","network:wikidata":"Q3147798","network":"IDELIS","name":"Orbigny","lit":"yes","departures_board":"timetable","check_date:shelter":null,"check_date":null,"bus":"yes","bin":"yes","bench":"yes"},"geometry":{"type":"Point","coordinates":[431479.914442902605515,6252190.609237844124436]}},
{"type":"Feature","properties":{"full_id":"n5998440607","osm_id":"5998440607","osm_type":"node","highway":"bus_stop","temporary":null,"route_ref":null,"mapillary":null,"short_name":null,"vending_machine":null,"wheelchair":"yes","tactile_paving":"no","shelter":"no","ref":"3380","public_transport":"platform","operator":"STAP","network:wikipedia":"fr:Transports en commun de Pau","network:wikidata":"Q3147798","network":"IDELIS","name":"Pl. Verdun Quai D","lit":"yes","departures_board":"timetable","check_date:shelter":null,"check_date":null,"bus":"yes","bin":"yes","bench":"yes"},"geometry":{"type":"Point","coordinates":[426067.853882078197785,6250187.382048137485981]}},
{"type":"Feature","properties":{"full_id":"n6010193597","osm_id":"6010193597","osm_type":"node","highway":"bus_stop","temporary":null,"route_ref":null,"mapillary":null,"short_name":null,"vending_machine":null,"wheelchair":"yes","tactile_paving":"yes","shelter":"yes","ref":"3148","public_transport":"platform","operator":"STAP","network:wikipedia":"fr:Transports en commun de Pau","network:wikidata":"Q3147798","network":"IDELIS","name":"Les Halles - Despourrins","lit":"yes","departures_board":"realtime","check_date:shelter":"2026-05-14","check_date":null,"bus":"yes","bin":"yes","bench":"yes"},"geometry":{"type":"Point","coordinates":[426703.439113109488972,6250365.78505876660347]}},
{"type":"Feature","properties":{"full_id":"n6010368664","osm_id":"6010368664","osm_type":"node","highway":"bus_stop","temporary":null,"route_ref":null,"mapillary":null,"short_name":null,"vending_machine":"public_transport_tickets","wheelchair":"yes","tactile_paving":"yes","shelter":"yes","ref":"3146","public_transport":"platform","operator":"STAP","network:wikipedia":"fr:Transports en commun de Pau","network:wikidata":"Q3147798","network":"IDELIS","name":"Pl. du Foirail","lit":"yes","departures_board":"realtime","check_date:shelter":null,"check_date":null,"bus":"yes","bin":"yes","bench":"yes"},"geometry":{"type":"Point","coordinates":[426609.207356113998685,6250678.101634060963988]}},
{"type":"Feature","properties":{"full_id":"n6036483188","osm_id":"6036483188","osm_type":"node","highway":"bus_stop","temporary":null,"route_ref":null,"mapillary":null,"short_name":null,"vending_machine":null,"wheelchair":"yes","tactile_paving":"no","shelter":"yes","ref":"3181","public_transport":"platform","operator":null,"network:wikipedia":"fr:Transports en commun de Pau","network:wikidata":"Q3147798","network":"IDELIS","name":"Pl. Gramont","lit":"yes","departures_board":"timetable","check_date:shelter":null,"check_date":null,"bus":"yes","bin":"yes","bench":"yes"},"geometry":{"type":"Point","coordinates":[426050.211068111530039,6249997.559252179227769]}},
{"type":"Feature","properties":{"full_id":"n6036492439","osm_id":"6036492439","osm_type":"node","highway":"bus_stop","temporary":null,"route_ref":null,"mapillary":null,"short_name":null,"vending_machine":null,"wheelchair":"no","tactile_paving":"no","shelter":"no","ref":"3333","public_transport":"platform","operator":null,"network:wikipedia":"fr:Transports en commun de Pau","network:wikidata":"Q3147798","network":"IDELIS","name":"Stade Blanchard","lit":"no","departures_board":"timetable","check_date:shelter":null,"check_date":null,"bus":"yes","bin":"no","bench":"no"},"geometry":{"type":"Point","coordinates":[427347.162850341410376,6253177.215436368249357]}},
{"type":"Feature","properties":{"full_id":"n6036492440","osm_id":"6036492440","osm_type":"node","highway":"bus_stop","temporary":null,"route_ref":null,"mapillary":null,"short_name":null,"vending_machine":null,"wheelchair":"no","tactile_paving":"no","shelter":"no","ref":"3332","public_transport":"platform","operator":null,"network:wikipedia":"fr:Transports en commun de Pau","network:wikidata":"Q3147798","network":"IDELIS","name":"Stade Blanchard","lit":"no","departures_board":"timetable","check_date:shelter":null,"check_date":null,"bus":"yes","bin":"no","bench":"no"},"geometry":{"type":"Point","coordinates":[427334.865331571374554,6253154.340482356958091]}},
{"type":"Feature","properties":{"full_id":"n6036534950","osm_id":"6036534950","osm_type":"node","highway":"bus_stop","temporary":null,"route_ref":null,"mapillary":null,"short_name":null,"vending_machine":null,"wheelchair":"yes","tactile_paving":"no","shelter":"no","ref":"3289","public_transport":"platform","operator":null,"network:wikipedia":"fr:Transports en commun de Pau","network:wikidata":"Q3147798","network":"IDELIS","name":"Parc en Ciel","lit":"no","departures_board":"timetable","check_date:shelter":null,"check_date":null,"bus":"yes","bin":"no","bench":"no"},"geometry":{"type":"Point","coordinates":[428716.184507432568353,6252641.934556853026152]}},
{"type":"Feature","properties":{"full_id":"n6036534951","osm_id":"6036534951","osm_type":"node","highway":"bus_stop","temporary":null,"route_ref":null,"mapillary":null,"short_name":null,"vending_machine":null,"wheelchair":"yes","tactile_paving":"no","shelter":"yes","ref":"3288","public_transport":"platform","operator":null,"network:wikipedia":"fr:Transports en commun de Pau","network:wikidata":"Q3147798","network":"IDELIS","name":"Parc en Ciel","lit":"yes","departures_board":"realtime","check_date:shelter":null,"check_date":null,"bus":"yes","bin":"yes","bench":"yes"},"geometry":{"type":"Point","coordinates":[428705.057852771016769,6252645.44345445279032]}},
{"type":"Feature","properties":{"full_id":"n6036552019","osm_id":"6036552019","osm_type":"node","highway":"bus_stop","temporary":null,"route_ref":null,"mapillary":null,"short_name":null,"vending_machine":"public_transport_tickets","wheelchair":"yes","tactile_paving":"yes","shelter":"yes","ref":"3133","public_transport":"platform","operator":"STAP","network:wikipedia":"fr:Transports en commun de Pau","network:wikidata":"Q3147798","network":"IDELIS","name":"Buros - Le Hameau","lit":"yes","departures_board":"realtime","check_date:shelter":null,"check_date":null,"bus":"yes","bin":"yes","bench":"yes"},"geometry":{"type":"Point","coordinates":[428484.48753537691664,6252739.441552833653986]}},
{"type":"Feature","properties":{"full_id":"n6036614600","osm_id":"6036614600","osm_type":"node","highway":"bus_stop","temporary":null,"route_ref":null,"mapillary":"300833715084663","short_name":null,"vending_machine":"tickets","wheelchair":"yes","tactile_paving":"yes","shelter":"yes","ref":"3134","public_transport":"platform","operator":"STAP","network:wikipedia":"fr:Transports en commun de Pau","network:wikidata":"Q3147798","network":"IDELIS","name":"Bd de la Paix","lit":"yes","departures_board":"realtime","check_date:shelter":null,"check_date":null,"bus":"yes","bin":"yes","bench":"yes"},"geometry":{"type":"Point","coordinates":[428071.608385636704043,6252558.458683582022786]}},
{"type":"Feature","properties":{"full_id":"n6036902912","osm_id":"6036902912","osm_type":"node","highway":"bus_stop","temporary":null,"route_ref":null,"mapillary":null,"short_name":null,"vending_machine":null,"wheelchair":"yes","tactile_paving":"no","shelter":"no","ref":"3040","public_transport":"platform","operator":null,"network:wikipedia":"fr:Transports en commun de Pau","network:wikidata":"Q3147798","network":"IDELIS","name":"Cadets","lit":"no","departures_board":"timetable","check_date:shelter":null,"check_date":null,"bus":"yes","bin":"no","bench":"no"},"geometry":{"type":"Point","coordinates":[426466.625362781458534,6253599.43557580653578]}},
{"type":"Feature","properties":{"full_id":"n6036902913","osm_id":"6036902913","osm_type":"node","highway":"bus_stop","temporary":null,"route_ref":null,"mapillary":null,"short_name":null,"vending_machine":null,"wheelchair":"no","tactile_paving":"no","shelter":"no","ref":"3039","public_transport":"platform","operator":null,"network:wikipedia":"fr:Transports en commun de Pau","network:wikidata":"Q3147798","network":"IDELIS","name":"Cadets","lit":"no","departures_board":"timetable","check_date:shelter":null,"check_date":null,"bus":"yes","bin":"no","bench":"no"},"geometry":{"type":"Point","coordinates":[426455.023541813658085,6253589.861928668804467]}},
{"type":"Feature","properties":{"full_id":"n6060902196","osm_id":"6060902196","osm_type":"node","highway":"bus_stop","temporary":null,"route_ref":null,"mapillary":null,"short_name":null,"vending_machine":null,"wheelchair":null,"tactile_paving":"no","shelter":"no","ref":null,"public_transport":"platform","operator":null,"network:wikipedia":"fr:Transports en commun de Pau","network:wikidata":"Q3147798","network":"IDELIS","name":"Gassiot","lit":"no","departures_board":"no","check_date:shelter":"2025-09-02","check_date":null,"bus":"yes","bin":"no","bench":"no"},"geometry":{"type":"Point","coordinates":[426356.835097288480029,6250194.612966292537749]}},
{"type":"Feature","properties":{"full_id":"n6060902198","osm_id":"6060902198","osm_type":"node","highway":"bus_stop","temporary":null,"route_ref":null,"mapillary":null,"short_name":null,"vending_machine":null,"wheelchair":null,"tactile_paving":"no","shelter":"no","ref":null,"public_transport":"platform","operator":null,"network:wikipedia":"fr:Transports en commun de Pau","network:wikidata":"Q3147798","network":"IDELIS","name":"Saint Jacques","lit":"no","departures_board":"no","check_date:shelter":null,"check_date":null,"bus":"yes","bin":"no","bench":"no"},"geometry":{"type":"Point","coordinates":[426287.864227900863625,6250109.436897247098386]}},
{"type":"Feature","properties":{"full_id":"n6060909406","osm_id":"6060909406","osm_type":"node","highway":"bus_stop","temporary":null,"route_ref":null,"mapillary":null,"short_name":null,"vending_machine":null,"wheelchair":null,"tactile_paving":"no","shelter":"no","ref":null,"public_transport":"platform","operator":null,"network:wikipedia":"fr:Transports en commun de Pau","network:wikidata":"Q3147798","network":"IDELIS","name":"Bernadotte","lit":"no","departures_board":"no","check_date:shelter":"2025-09-13","check_date":null,"bus":"yes","bin":"no","bench":"no"},"geometry":{"type":"Point","coordinates":[426098.756599841348361,6250093.030655907467008]}},
{"type":"Feature","properties":{"full_id":"n6060986206","osm_id":"6060986206","osm_type":"node","highway":"bus_stop","temporary":null,"route_ref":null,"mapillary":null,"short_name":null,"vending_machine":null,"wheelchair":null,"tactile_paving":"no","shelter":"no","ref":null,"public_transport":"platform","operator":null,"network:wikipedia":"fr:Transports en commun de Pau","network:wikidata":"Q3147798","network":"IDELIS","name":"Château de Pau","lit":"yes","departures_board":"no","check_date:shelter":null,"check_date":null,"bus":"yes","bin":"no","bench":"no"},"geometry":{"type":"Point","coordinates":[426157.702728116651997,6249838.892202612943947]}},
{"type":"Feature","properties":{"full_id":"n6060986208","osm_id":"6060986208","osm_type":"node","highway":"bus_stop","temporary":null,"route_ref":null,"mapillary":null,"short_name":null,"vending_machine":null,"wheelchair":null,"tactile_paving":"no","shelter":"no","ref":null,"public_transport":"platform","operator":null,"network:wikipedia":"fr:Transports en commun de Pau","network:wikidata":"Q3147798","network":"IDELIS","name":"Saint-Martin","lit":"yes","departures_board":"no","check_date:shelter":null,"check_date":null,"bus":"yes","bin":"no","bench":"yes"},"geometry":{"type":"Point","coordinates":[426248.379776606161613,6249776.735021230764687]}},
{"type":"Feature","properties":{"full_id":"n6060986210","osm_id":"6060986210","osm_type":"node","highway":"bus_stop","temporary":null,"route_ref":null,"mapillary":null,"short_name":null,"vending_machine":null,"wheelchair":null,"tactile_paving":"no","shelter":"no","ref":null,"public_transport":"platform","operator":"STAP","network:wikipedia":"fr:Transports en commun de Pau","network:wikidata":"Q3147798","network":"Idelis","name":"Mairie de Pau","lit":"yes","departures_board":"no","check_date:shelter":null,"check_date":null,"bus":"yes","bin":"no","bench":"yes"},"geometry":{"type":"Point","coordinates":[426389.597455127746798,6249759.931082705967128]}},
{"type":"Feature","properties":{"full_id":"n6060986212","osm_id":"6060986212","osm_type":"node","highway":"bus_stop","temporary":null,"route_ref":null,"mapillary":null,"short_name":null,"vending_machine":null,"wheelchair":null,"tactile_paving":"yes","shelter":"no","ref":null,"public_transport":"platform","operator":null,"network:wikipedia":"fr:Transports en commun de Pau","network:wikidata":"Q3147798","network":"IDELIS","name":"Palais des Pyrénées","lit":"no","departures_board":"no","check_date:shelter":null,"check_date":null,"bus":"yes","bin":"no","bench":"no"},"geometry":{"type":"Point","coordinates":[426618.851600392954424,6249741.431003189645708]}},
{"type":"Feature","properties":{"full_id":"n6060986214","osm_id":"6060986214","osm_type":"node","highway":"bus_stop","temporary":null,"route_ref":null,"mapillary":null,"short_name":null,"vending_machine":null,"wheelchair":null,"tactile_paving":"yes","shelter":"no","ref":null,"public_transport":"platform","operator":null,"network:wikipedia":"fr:Transports en commun de Pau","network:wikidata":"Q3147798","network":"IDELIS","name":"Clemenceau","lit":"no","departures_board":"no","check_date:shelter":null,"check_date":null,"bus":"yes","bin":"no","bench":"no"},"geometry":{"type":"Point","coordinates":[426602.272239505255129,6249931.29128934815526]}},
{"type":"Feature","properties":{"full_id":"n6061018308","osm_id":"6061018308","osm_type":"node","highway":"bus_stop","temporary":null,"route_ref":null,"mapillary":null,"short_name":null,"vending_machine":null,"wheelchair":"yes","tactile_paving":null,"shelter":"yes","ref":null,"public_transport":"platform","operator":null,"network:wikipedia":"fr:Transports en commun de Pau","network:wikidata":"Q3147798","network":"IDELIS","name":"Place Verdun Camou","lit":"yes","departures_board":null,"check_date:shelter":null,"check_date":null,"bus":"yes","bin":"yes","bench":"yes"},"geometry":{"type":"Point","coordinates":[425928.886812686978374,6250423.503525660373271]}},
{"type":"Feature","properties":{"full_id":"n6499846088","osm_id":"6499846088","osm_type":"node","highway":"bus_stop","temporary":null,"route_ref":null,"mapillary":null,"short_name":null,"vending_machine":null,"wheelchair":"yes","tactile_paving":"yes","shelter":"yes","ref":"3156","public_transport":"platform","operator":"STAP","network:wikipedia":"fr:Transports en commun de Pau","network:wikidata":"Q3147798","network":"IDELIS","name":"Saragosse","lit":"yes","departures_board":"realtime","check_date:shelter":"2025-04-12","check_date":null,"bus":"yes","bin":"yes","bench":"yes"},"geometry":{"type":"Point","coordinates":[426861.985307513154112,6251040.856968733482063]}},
{"type":"Feature","properties":{"full_id":"n6499846089","osm_id":"6499846089","osm_type":"node","highway":"bus_stop","temporary":null,"route_ref":null,"mapillary":null,"short_name":null,"vending_machine":null,"wheelchair":"yes","tactile_paving":"yes","shelter":"yes","ref":"3155","public_transport":"platform","operator":"STAP","network:wikipedia":"fr:Transports en commun de Pau","network:wikidata":"Q3147798","network":"IDELIS","name":"Saragosse","lit":"yes","departures_board":"realtime","check_date:shelter":"2025-04-12","check_date":null,"bus":"yes","bin":"yes","bench":"yes"},"geometry":{"type":"Point","coordinates":[426787.200552473252174,6251062.661455094814301]}},
{"type":"Feature","properties":{"full_id":"n6499846091","osm_id":"6499846091","osm_type":"node","highway":"bus_stop","temporary":null,"route_ref":null,"mapillary":null,"short_name":null,"vending_machine":null,"wheelchair":"yes","tactile_paving":"yes","shelter":"yes","ref":"3158","public_transport":"platform","operator":"STAP","network:wikipedia":"fr:Transports en commun de Pau","network:wikidata":"Q3147798","network":"IDELIS","name":"Tourasse - Cité Administrative","lit":"yes","departures_board":"realtime","check_date:shelter":null,"check_date":null,"bus":"yes","bin":"yes","bench":"yes"},"geometry":{"type":"Point","coordinates":[427039.44459768361412,6251482.078268155455589]}},
{"type":"Feature","properties":{"full_id":"n6499846092","osm_id":"6499846092","osm_type":"node","highway":"bus_stop","temporary":null,"route_ref":null,"mapillary":null,"short_name":null,"vending_machine":null,"wheelchair":"yes","tactile_paving":"yes","shelter":"yes","ref":"3157","public_transport":"platform","operator":"STAP","network:wikipedia":"fr:Transports en commun de Pau","network:wikidata":"Q3147798","network":"IDELIS","name":"Tourasse - Cité Administrative","lit":"yes","departures_board":"realtime","check_date:shelter":null,"check_date":null,"bus":"yes","bin":"yes","bench":"yes"},"geometry":{"type":"Point","coordinates":[427064.660221370344516,6251475.106532474048436]}},
{"type":"Feature","properties":{"full_id":"n6499854046","osm_id":"6499854046","osm_type":"node","highway":"bus_stop","temporary":null,"route_ref":null,"mapillary":null,"short_name":null,"vending_machine":null,"wheelchair":"yes","tactile_paving":"yes","shelter":"yes","ref":"3141","public_transport":"platform","operator":"STAP","network:wikipedia":"fr:Transports en commun de Pau","network:wikidata":"Q3147798","network":"IDELIS","name":"Condorcet - Université","lit":"yes","departures_board":"realtime","check_date:shelter":null,"check_date":null,"bus":"yes","bin":"yes","bench":"yes"},"geometry":{"type":"Point","coordinates":[427243.368966583220754,6252167.857201181352139]}},
{"type":"Feature","properties":{"full_id":"n6499854047","osm_id":"6499854047","osm_type":"node","highway":"bus_stop","temporary":null,"route_ref":null,"mapillary":null,"short_name":null,"vending_machine":null,"wheelchair":"yes","tactile_paving":"yes","shelter":"yes","ref":"3140","public_transport":"platform","operator":"STAP","network:wikipedia":"fr:Transports en commun de Pau","network:wikidata":"Q3147798","network":"IDELIS","name":"Condorcet - Université","lit":"yes","departures_board":"realtime","check_date:shelter":null,"check_date":null,"bus":"yes","bin":"yes","bench":"yes"},"geometry":{"type":"Point","coordinates":[427266.863351990119554,6252162.116644952446222]}},
{"type":"Feature","properties":{"full_id":"n6499854049","osm_id":"6499854049","osm_type":"node","highway":"bus_stop","temporary":null,"route_ref":null,"mapillary":"301413078326362","short_name":null,"vending_machine":"tickets","wheelchair":"yes","tactile_paving":"yes","shelter":"yes","ref":"3137","public_transport":"platform","operator":"STAP","network:wikipedia":"fr:Transports en commun de Pau","network:wikidata":"Q3147798","network":"IDELIS","name":"Catherine de Bourbon","lit":"yes","departures_board":"realtime","check_date:shelter":null,"check_date":null,"bus":"yes","bin":"yes","bench":"yes"},"geometry":{"type":"Point","coordinates":[427440.177849006431643,6252645.766449183225632]}},
{"type":"Feature","properties":{"full_id":"n6499854050","osm_id":"6499854050","osm_type":"node","highway":"bus_stop","temporary":null,"route_ref":null,"mapillary":null,"short_name":null,"vending_machine":"public_transport_tickets","wheelchair":"yes","tactile_paving":"yes","shelter":"yes","ref":"3136","public_transport":"platform","operator":"STAP","network:wikipedia":"fr:Transports en commun de Pau","network:wikidata":"Q3147798","network":"IDELIS","name":"Catherine de Bourbon","lit":"yes","departures_board":"realtime","check_date:shelter":null,"check_date":null,"bus":"yes","bin":"yes","bench":"yes"},"geometry":{"type":"Point","coordinates":[427450.205360374879092,6252644.88342790864408]}},
{"type":"Feature","properties":{"full_id":"n6499879488","osm_id":"6499879488","osm_type":"node","highway":"bus_stop","temporary":null,"route_ref":null,"mapillary":null,"short_name":null,"vending_machine":"public_transport_tickets","wheelchair":"yes","tactile_paving":"yes","shelter":"yes","ref":"3139","public_transport":"platform","operator":"STAP","network:wikipedia":"fr:Transports en commun de Pau","network:wikidata":"Q3147798","network":"IDELIS","name":"Cliniques","lit":"yes","departures_board":"realtime","check_date:shelter":null,"check_date":null,"bus":"yes","bin":"yes","bench":"yes"},"geometry":{"type":"Point","coordinates":[428377.655750434438232,6252928.012324202805758]}},
{"type":"Feature","properties":{"full_id":"n6499879489","osm_id":"6499879489","osm_type":"node","highway":"bus_stop","temporary":null,"route_ref":null,"mapillary":null,"short_name":null,"vending_machine":"public_transport_tickets","wheelchair":"yes","tactile_paving":"yes","shelter":"yes","ref":"3138","public_transport":"platform","operator":"STAP","network:wikipedia":"fr:Transports en commun de Pau","network:wikidata":"Q3147798","network":"IDELIS","name":"Cliniques","lit":"yes","departures_board":"realtime","check_date:shelter":null,"check_date":null,"bus":"yes","bin":"yes","bench":"yes"},"geometry":{"type":"Point","coordinates":[428369.323425519105513,6252923.080837640911341]}},
{"type":"Feature","properties":{"full_id":"n6499879499","osm_id":"6499879499","osm_type":"node","highway":"bus_stop","temporary":null,"route_ref":null,"mapillary":null,"short_name":null,"vending_machine":"public_transport_tickets","wheelchair":"yes","tactile_paving":"yes","shelter":"yes","ref":"3150","public_transport":"platform","operator":"STAP","network:wikipedia":"fr:Transports en commun de Pau","network:wikidata":"Q3147798","network":"IDELIS","name":"PAU Hôpital F. Mitterrand","lit":"yes","departures_board":"realtime","check_date:shelter":"2024-08-05","check_date":null,"bus":"yes","bin":"yes","bench":"yes"},"geometry":{"type":"Point","coordinates":[428438.919904339592904,6253165.673856735229492]}},
{"type":"Feature","properties":{"full_id":"n6510970359","osm_id":"6510970359","osm_type":"node","highway":"bus_stop","temporary":null,"route_ref":null,"mapillary":null,"short_name":null,"vending_machine":null,"wheelchair":"no","tactile_paving":"no","shelter":"no","ref":"3111","public_transport":"platform","operator":"STAP","network:wikipedia":"fr:Transports en commun de Pau","network:wikidata":"Q3147798","network":"IDELIS","name":"De Carbonnières","lit":"no","departures_board":"timetable","check_date:shelter":null,"check_date":null,"bus":"yes","bin":"no","bench":"no"},"geometry":{"type":"Point","coordinates":[427934.50216498185182,6250807.359102313406765]}},
{"type":"Feature","properties":{"full_id":"n6510970360","osm_id":"6510970360","osm_type":"node","highway":"bus_stop","temporary":null,"route_ref":null,"mapillary":null,"short_name":null,"vending_machine":null,"wheelchair":"no","tactile_paving":"no","shelter":"no","ref":"3112","public_transport":"platform","operator":"STAP","network:wikipedia":"fr:Transports en commun de Pau","network:wikidata":"Q3147798","network":"IDELIS","name":"De Carbonnières","lit":"no","departures_board":"timetable","check_date:shelter":null,"check_date":null,"bus":"yes","bin":"no","bench":"no"},"geometry":{"type":"Point","coordinates":[427919.524312009452842,6250805.59203966986388]}},
{"type":"Feature","properties":{"full_id":"n6511202590","osm_id":"6511202590","osm_type":"node","highway":"bus_stop","temporary":null,"route_ref":null,"mapillary":null,"short_name":null,"vending_machine":null,"wheelchair":"no","tactile_paving":"no","shelter":"no","ref":"3159","public_transport":"platform","operator":"STAP","network:wikipedia":"fr:Transports en commun de Pau","network:wikidata":"Q3147798","network":"IDELIS","name":"Flora Tristan","lit":"no","departures_board":"timetable","check_date:shelter":null,"check_date":null,"bus":"yes","bin":"no","bench":"no"},"geometry":{"type":"Point","coordinates":[429773.817343448870815,6251716.583093064837158]}},
{"type":"Feature","properties":{"full_id":"n6511202591","osm_id":"6511202591","osm_type":"node","highway":"bus_stop","temporary":null,"route_ref":null,"mapillary":null,"short_name":null,"vending_machine":null,"wheelchair":"no","tactile_paving":"no","shelter":"yes","ref":"3160","public_transport":"platform","operator":"STAP","network:wikipedia":"fr:Transports en commun de Pau","network:wikidata":"Q3147798","network":"IDELIS","name":"Flora Tristan","lit":"yes","departures_board":"timetable","check_date:shelter":"2026-07-22","check_date":null,"bus":"yes","bin":"yes","bench":"yes"},"geometry":{"type":"Point","coordinates":[429760.970464171725325,6251707.100458289496601]}},
{"type":"Feature","properties":{"full_id":"n6511202593","osm_id":"6511202593","osm_type":"node","highway":"bus_stop","temporary":null,"route_ref":null,"mapillary":null,"short_name":null,"vending_machine":null,"wheelchair":"no","tactile_paving":"no","shelter":"no","ref":"3024","public_transport":"platform","operator":"STAP","network:wikipedia":"fr:Transports en commun de Pau","network:wikidata":"Q3147798","network":"IDELIS","name":"Blanqui","lit":"no","departures_board":"timetable","check_date:shelter":null,"check_date":null,"bus":"yes","bin":"no","bench":"no"},"geometry":{"type":"Point","coordinates":[429504.482048493286129,6252190.683534514158964]}},
{"type":"Feature","properties":{"full_id":"n6511202594","osm_id":"6511202594","osm_type":"node","highway":"bus_stop","temporary":null,"route_ref":null,"mapillary":null,"short_name":null,"vending_machine":null,"wheelchair":"no","tactile_paving":"no","shelter":"no","ref":"3025","public_transport":"platform","operator":"STAP","network:wikipedia":"fr:Transports en commun de Pau","network:wikidata":"Q3147798","network":"IDELIS","name":"Blanqui","lit":"no","departures_board":"timetable","check_date:shelter":null,"check_date":null,"bus":"yes","bin":"no","bench":"no"},"geometry":{"type":"Point","coordinates":[429529.121124188008253,6252180.66390151809901]}},
{"type":"Feature","properties":{"full_id":"n6511202596","osm_id":"6511202596","osm_type":"node","highway":"bus_stop","temporary":null,"route_ref":null,"mapillary":null,"short_name":null,"vending_machine":null,"wheelchair":"no","tactile_paving":"no","shelter":"no","ref":"3184","public_transport":"platform","operator":"STAP","network:wikipedia":"fr:Transports en commun de Pau","network:wikidata":"Q3147798","network":"IDELIS","name":"Guilhem","lit":"no","departures_board":"timetable","check_date:shelter":null,"check_date":null,"bus":"yes","bin":"no","bench":"no"},"geometry":{"type":"Point","coordinates":[429229.062102499301545,6252156.238907153718174]}},
{"type":"Feature","properties":{"full_id":"n6511202597","osm_id":"6511202597","osm_type":"node","highway":"bus_stop","temporary":null,"route_ref":null,"mapillary":null,"short_name":null,"vending_machine":null,"wheelchair":"yes","tactile_paving":"no","shelter":"no","ref":"3183","public_transport":"platform","operator":null,"network:wikipedia":"fr:Transports en commun de Pau","network:wikidata":"Q3147798","network":"IDELIS","name":"Guilhem","lit":"no","departures_board":"timetable","check_date:shelter":null,"check_date":null,"bus":"yes","bin":"no","bench":"no"},"geometry":{"type":"Point","coordinates":[429245.771920204511844,6252167.737853075377643]}},
{"type":"Feature","properties":{"full_id":"n6511202599","osm_id":"6511202599","osm_type":"node","highway":"bus_stop","temporary":null,"route_ref":null,"mapillary":null,"short_name":null,"vending_machine":null,"wheelchair":"no","tactile_paving":"no","shelter":"no","ref":"3189","public_transport":"platform","operator":"STAP","network:wikipedia":"fr:Transports en commun de Pau","network:wikidata":"Q3147798","network":"IDELIS","name":"Hibiscus","lit":"no","departures_board":"timetable","check_date:shelter":null,"check_date":null,"bus":"yes","bin":"no","bench":"no"},"geometry":{"type":"Point","coordinates":[429025.821603351854719,6252534.940005261451006]}},
{"type":"Feature","properties":{"full_id":"n6511202600","osm_id":"6511202600","osm_type":"node","highway":"bus_stop","temporary":null,"route_ref":null,"mapillary":null,"short_name":null,"vending_machine":null,"wheelchair":"no","tactile_paving":"no","shelter":"yes","ref":"3190","public_transport":"platform","operator":"STAP","network:wikipedia":"fr:Transports en commun de Pau","network:wikidata":"Q3147798","network":"IDELIS","name":"Hibiscus","lit":"yes","departures_board":"timetable","check_date:shelter":null,"check_date":null,"bus":"yes","bin":"yes","bench":"yes"},"geometry":{"type":"Point","coordinates":[429013.815959631116129,6252526.324567165225744]}},
{"type":"Feature","properties":{"full_id":"n6511242479","osm_id":"6511242479","osm_type":"node","highway":"bus_stop","temporary":null,"route_ref":null,"mapillary":null,"short_name":null,"vending_machine":null,"wheelchair":"yes","tactile_paving":"no","shelter":"no","ref":"3084","public_transport":"platform","operator":"STAP","network:wikipedia":"fr:Transports en commun de Pau","network:wikidata":"Q3147798","network":"IDELIS","name":"PAU Cité Multimédia Quai B","lit":"no","departures_board":"timetable","check_date:shelter":null,"check_date":null,"bus":"yes","bin":"no","bench":"no"},"geometry":{"type":"Point","coordinates":[430221.849000309361145,6252987.62746059987694]}},
{"type":"Feature","properties":{"full_id":"n6511242480","osm_id":"6511242480","osm_type":"node","highway":"bus_stop","temporary":null,"route_ref":null,"mapillary":null,"short_name":null,"vending_machine":null,"wheelchair":"yes","tactile_paving":"no","shelter":"no","ref":"3083","public_transport":"platform","operator":"STAP","network:wikipedia":"fr:Transports en commun de Pau","network:wikidata":"Q3147798","network":"IDELIS","name":"PAU Cité Multimédia Quai A","lit":"yes","departures_board":"timetable","check_date:shelter":null,"check_date":null,"bus":"yes","bin":"yes","bench":"yes"},"geometry":{"type":"Point","coordinates":[430175.86382264905842,6252891.788845976814628]}},
{"type":"Feature","properties":{"full_id":"n6511475767","osm_id":"6511475767","osm_type":"node","highway":"bus_stop","temporary":null,"route_ref":null,"mapillary":null,"short_name":null,"vending_machine":null,"wheelchair":"no","tactile_paving":"yes","shelter":"no","ref":null,"public_transport":"platform","operator":"STAP","network:wikipedia":"fr:Transports en commun de Pau","network:wikidata":"Q3147798","network":"IDELIS","name":"Foch","lit":"yes","departures_board":null,"check_date:shelter":null,"check_date":null,"bus":"yes","bin":"yes","bench":"no"},"geometry":{"type":"Point","coordinates":[426716.38353942631511,6250022.322240061126649]}},
{"type":"Feature","properties":{"full_id":"n6511756789","osm_id":"6511756789","osm_type":"node","highway":"bus_stop","temporary":null,"route_ref":null,"mapillary":null,"short_name":null,"vending_machine":null,"wheelchair":"no","tactile_paving":"no","shelter":"no","ref":"3167","public_transport":"platform","operator":"STAP","network:wikipedia":"fr:Transports en commun de Pau","network:wikidata":"Q3147798","network":"IDELIS","name":"Gaston Bonheur","lit":"no","departures_board":"timetable","check_date:shelter":null,"check_date":null,"bus":"yes","bin":"no","bench":"no"},"geometry":{"type":"Point","coordinates":[428549.448255662282463,6252870.079939792864025]}},
{"type":"Feature","properties":{"full_id":"n6511756790","osm_id":"6511756790","osm_type":"node","highway":"bus_stop","temporary":null,"route_ref":null,"mapillary":null,"short_name":null,"vending_machine":null,"wheelchair":"no","tactile_paving":"no","shelter":"no","ref":"3166","public_transport":"platform","operator":"STAP","network:wikipedia":"fr:Transports en commun de Pau","network:wikidata":"Q3147798","network":"IDELIS","name":"Gaston Bonheur","lit":"no","departures_board":"timetable","check_date:shelter":null,"check_date":null,"bus":"yes","bin":"no","bench":"no"},"geometry":{"type":"Point","coordinates":[428583.402982631931081,6252925.840540540404618]}},
{"type":"Feature","properties":{"full_id":"n6511784252","osm_id":"6511784252","osm_type":"node","highway":"bus_stop","temporary":null,"route_ref":null,"mapillary":null,"short_name":null,"vending_machine":null,"wheelchair":"no","tactile_paving":"no","shelter":"no","ref":"3018","public_transport":"platform","operator":"STAP","network:wikipedia":"fr:Transports en commun de Pau","network:wikidata":"Q3147798","network":"IDELIS","name":"Bert","lit":"no","departures_board":"timetable","check_date:shelter":null,"check_date":null,"bus":"yes","bin":"no","bench":"no"},"geometry":{"type":"Point","coordinates":[430068.083939815289341,6252479.33475992642343]}},
{"type":"Feature","properties":{"full_id":"n6511784253","osm_id":"6511784253","osm_type":"node","highway":"bus_stop","temporary":null,"route_ref":null,"mapillary":null,"short_name":null,"vending_machine":null,"wheelchair":"no","tactile_paving":"no","shelter":"no","ref":"3019","public_transport":"platform","operator":"STAP","network:wikipedia":"fr:Transports en commun de Pau","network:wikidata":"Q3147798","network":"IDELIS","name":"Bert","lit":"no","departures_board":"timetable","check_date:shelter":null,"check_date":null,"bus":"yes","bin":"no","bench":"no"},"geometry":{"type":"Point","coordinates":[430084.357813924143557,6252459.545106221921742]}},
{"type":"Feature","properties":{"full_id":"n6511784255","osm_id":"6511784255","osm_type":"node","highway":"bus_stop","temporary":null,"route_ref":null,"mapillary":null,"short_name":null,"vending_machine":null,"wheelchair":"no","tactile_paving":"no","shelter":"no","ref":"3311","public_transport":"platform","operator":"STAP","network:wikipedia":"fr:Transports en commun de Pau","network:wikidata":"Q3147798","network":"IDELIS","name":"Ramadier","lit":"no","departures_board":"timetable","check_date:shelter":null,"check_date":null,"bus":"yes","bin":"no","bench":"no"},"geometry":{"type":"Point","coordinates":[430686.160615820845123,6252151.245457651093602]}},
{"type":"Feature","properties":{"full_id":"n6511784256","osm_id":"6511784256","osm_type":"node","highway":"bus_stop","temporary":null,"route_ref":null,"mapillary":null,"short_name":null,"vending_machine":null,"wheelchair":"no","tactile_paving":"no","shelter":"no","ref":"3310","public_transport":"platform","operator":"STAP","network:wikipedia":"fr:Transports en commun de Pau","network:wikidata":"Q3147798","network":"IDELIS","name":"Ramadier","lit":"no","departures_board":"timetable","check_date:shelter":null,"check_date":null,"bus":"yes","bin":"no","bench":"no"},"geometry":{"type":"Point","coordinates":[430633.83439084404381,6252129.603045735508204]}},
{"type":"Feature","properties":{"full_id":"n6512862433","osm_id":"6512862433","osm_type":"node","highway":"bus_stop","temporary":null,"route_ref":null,"mapillary":null,"short_name":null,"vending_machine":null,"wheelchair":"yes","tactile_paving":"no","shelter":"yes","ref":"3224","public_transport":"platform","operator":"STAP","network:wikipedia":"fr:Transports en commun de Pau","network:wikidata":"Q3147798","network":"IDELIS","name":"Les Halles Médiathèque","lit":"yes","departures_board":"timetable","check_date:shelter":"2025-11-29","check_date":null,"bus":"yes","bin":"yes","bench":"yes"},"geometry":{"type":"Point","coordinates":[426550.473877436073963,6250372.07989140227437]}},
{"type":"Feature","properties":{"full_id":"n6512970903","osm_id":"6512970903","osm_type":"node","highway":"bus_stop","temporary":null,"route_ref":null,"mapillary":null,"short_name":null,"vending_machine":null,"wheelchair":"no","tactile_paving":"no","shelter":"no","ref":"3035","public_transport":"platform","operator":"STAP","network:wikipedia":"fr:Transports en commun de Pau","network:wikidata":"Q3147798","network":"IDELIS","name":"Bosquet Quai F","lit":"no","departures_board":"timetable","check_date:shelter":null,"check_date":null,"bus":"yes","bin":"no","bench":"no"},"geometry":{"type":"Point","coordinates":[426815.527992535033263,6250255.645903944037855]}},
{"type":"Feature","properties":{"full_id":"n6513068760","osm_id":"6513068760","osm_type":"node","highway":"bus_stop","temporary":null,"route_ref":null,"mapillary":null,"short_name":null,"vending_machine":null,"wheelchair":null,"tactile_paving":null,"shelter":"no","ref":null,"public_transport":"platform","operator":"STAP","network:wikipedia":"fr:Transports en commun de Pau","network:wikidata":"Q3147798","network":"IDELIS","name":"Pl. Verdun Bayard","lit":"no","departures_board":"no","check_date:shelter":null,"check_date":null,"bus":"yes","bin":"no","bench":"no"},"geometry":{"type":"Point","coordinates":[425917.265851812728215,6250069.105070446617901]}},
{"type":"Feature","properties":{"full_id":"n6514896882","osm_id":"6514896882","osm_type":"node","highway":"bus_stop","temporary":null,"route_ref":null,"mapillary":null,"short_name":null,"vending_machine":null,"wheelchair":"yes","tactile_paving":"no","shelter":"yes","ref":"3280","public_transport":"platform","operator":"STAP","network:wikipedia":"fr:Transports en commun de Pau","network:wikidata":"Q3147798","network":"IDELIS","name":"Parc des Expos","lit":"yes","departures_board":"timetable","check_date:shelter":null,"check_date":null,"bus":"yes","bin":"yes","bench":"yes"},"geometry":{"type":"Point","coordinates":[425896.16331621457357,6251010.286381153389812]}},
{"type":"Feature","properties":{"full_id":"n6514896883","osm_id":"6514896883","osm_type":"node","highway":"bus_stop","temporary":null,"route_ref":null,"mapillary":null,"short_name":null,"vending_machine":null,"wheelchair":"yes","tactile_paving":"no","shelter":"yes","ref":"3281","public_transport":"platform","operator":"STAP","network:wikipedia":"fr:Transports en commun de Pau","network:wikidata":"Q3147798","network":"IDELIS","name":"Parc des Expos","lit":"yes","departures_board":"timetable","check_date:shelter":null,"check_date":null,"bus":"yes","bin":"yes","bench":"yes"},"geometry":{"type":"Point","coordinates":[425879.495236792077776,6251011.567219076678157]}},
{"type":"Feature","properties":{"full_id":"n6515105581","osm_id":"6515105581","osm_type":"node","highway":"bus_stop","temporary":null,"route_ref":null,"mapillary":null,"short_name":null,"vending_machine":null,"wheelchair":"no","tactile_paving":"no","shelter":"no","ref":"3087","public_transport":"platform","operator":"STAP","network:wikipedia":"fr:Transports en commun de Pau","network:wikidata":"Q3147798","network":"IDELIS","name":"Conservatoire","lit":"no","departures_board":"timetable","check_date:shelter":"2025-03-14","check_date":null,"bus":"yes","bin":"no","bench":"no"},"geometry":{"type":"Point","coordinates":[427387.623621156963054,6249994.365494709461927]}},
{"type":"Feature","properties":{"full_id":"n6515105582","osm_id":"6515105582","osm_type":"node","highway":"bus_stop","temporary":null,"route_ref":null,"mapillary":null,"short_name":null,"vending_machine":null,"wheelchair":"no","tactile_paving":"no","shelter":"no","ref":"3088","public_transport":"platform","operator":"STAP","network:wikipedia":"fr:Transports en commun de Pau","network:wikidata":"Q3147798","network":"IDELIS","name":"Conservatoire","lit":"no","departures_board":"timetable","check_date:shelter":"2025-03-14","check_date":null,"bus":"yes","bin":"no","bench":"no"},"geometry":{"type":"Point","coordinates":[427372.51857160567306,6249995.197509699501097]}},
{"type":"Feature","properties":{"full_id":"n6515123267","osm_id":"6515123267","osm_type":"node","highway":"bus_stop","temporary":null,"route_ref":null,"mapillary":null,"short_name":null,"vending_machine":null,"wheelchair":"no","tactile_paving":"no","shelter":"yes","ref":"3187","public_transport":"platform","operator":"STAP","network:wikipedia":"fr:Transports en commun de Pau","network:wikidata":"Q3147798","network":"IDELIS","name":"Hélioparc","lit":"yes","departures_board":"timetable","check_date:shelter":null,"check_date":null,"bus":"yes","bin":"yes","bench":"yes"},"geometry":{"type":"Point","coordinates":[426802.695529027550947,6252732.037872847169638]}},
{"type":"Feature","properties":{"full_id":"n6515158117","osm_id":"6515158117","osm_type":"node","highway":"bus_stop","temporary":null,"route_ref":null,"mapillary":null,"short_name":null,"vending_machine":null,"wheelchair":"no","tactile_paving":"no","shelter":"no","ref":"3229","public_transport":"platform","operator":"STAP","network:wikipedia":"fr:Transports en commun de Pau","network:wikidata":"Q3147798","network":"IDELIS","name":"L'Ousse","lit":"no","departures_board":"timetable","check_date:shelter":null,"check_date":null,"bus":"yes","bin":"no","bench":"no"},"geometry":{"type":"Point","coordinates":[427760.416248959023505,6249494.940016655251384]}},
{"type":"Feature","properties":{"full_id":"n6532228012","osm_id":"6532228012","osm_type":"node","highway":"bus_stop","temporary":null,"route_ref":null,"mapillary":null,"short_name":null,"vending_machine":null,"wheelchair":"no","tactile_paving":"no","shelter":"no","ref":"3302","public_transport":"platform","operator":"STAP","network:wikipedia":"fr:Transports en commun de Pau","network:wikidata":"Q3147798","network":"IDELIS","name":"Ponts","lit":"no","departures_board":"timetable","check_date:shelter":null,"check_date":null,"bus":"yes","bin":"no","bench":"no"},"geometry":{"type":"Point","coordinates":[425881.229685352707747,6249827.885248681530356]}},
{"type":"Feature","properties":{"full_id":"n6532228013","osm_id":"6532228013","osm_type":"node","highway":"bus_stop","temporary":null,"route_ref":null,"mapillary":null,"short_name":null,"vending_machine":null,"wheelchair":"no","tactile_paving":"no","shelter":"no","ref":"3303","public_transport":"platform","operator":"STAP","network:wikipedia":"fr:Transports en commun de Pau","network:wikidata":"Q3147798","network":"IDELIS","name":"Ponts","lit":"no","departures_board":"timetable","check_date:shelter":null,"check_date":null,"bus":"yes","bin":"yes","bench":"yes"},"geometry":{"type":"Point","coordinates":[425861.014156718913,6249816.421980299986899]}},
{"type":"Feature","properties":{"full_id":"n6539296259","osm_id":"6539296259","osm_type":"node","highway":"bus_stop","temporary":null,"route_ref":null,"mapillary":null,"short_name":null,"vending_machine":null,"wheelchair":"yes","tactile_paving":"no","shelter":"yes","ref":"3283","public_transport":"platform","operator":null,"network:wikipedia":"fr:Transports en commun de Pau","network:wikidata":"Q3147798","network":"IDELIS","name":"Parc des Expos","lit":"yes","departures_board":"timetable","check_date:shelter":null,"check_date":null,"bus":"yes","bin":"yes","bench":"yes"},"geometry":{"type":"Point","coordinates":[425946.0592472741846,6250950.170440354384482]}},
{"type":"Feature","properties":{"full_id":"n6539296260","osm_id":"6539296260","osm_type":"node","highway":"bus_stop","temporary":null,"route_ref":null,"mapillary":null,"short_name":null,"vending_machine":null,"wheelchair":"yes","tactile_paving":"no","shelter":"yes","ref":"3282","public_transport":"platform","operator":null,"network:wikipedia":"fr:Transports en commun de Pau","network:wikidata":"Q3147798","network":"IDELIS","name":"Parc des Expos","lit":"yes","departures_board":"timetable","check_date:shelter":null,"check_date":null,"bus":"yes","bin":"yes","bench":"yes"},"geometry":{"type":"Point","coordinates":[425931.581488516065292,6250951.179387535899878]}},
{"type":"Feature","properties":{"full_id":"n6541980943","osm_id":"6541980943","osm_type":"node","highway":"bus_stop","temporary":null,"route_ref":null,"mapillary":null,"short_name":null,"vending_machine":null,"wheelchair":"no","tactile_paving":"no","shelter":"no","ref":"3320","public_transport":"platform","operator":null,"network:wikipedia":"fr:Transports en commun de Pau","network:wikidata":"Q3147798","network":"IDELIS","name":"Ronsard","lit":"no","departures_board":"timetable","check_date:shelter":null,"check_date":null,"bus":"yes","bin":"no","bench":"no"},"geometry":{"type":"Point","coordinates":[427814.634468906733673,6252286.901527216657996]}},
{"type":"Feature","properties":{"full_id":"n6541980944","osm_id":"6541980944","osm_type":"node","highway":"bus_stop","temporary":null,"route_ref":null,"mapillary":null,"short_name":null,"vending_machine":null,"wheelchair":"no","tactile_paving":"no","shelter":"no","ref":"3321","public_transport":"platform","operator":null,"network:wikipedia":"fr:Transports en commun de Pau","network:wikidata":"Q3147798","network":"IDELIS","name":"Ronsard","lit":"no","departures_board":"timetable","check_date:shelter":"2025-10-15","check_date":null,"bus":"yes","bin":"no","bench":"no"},"geometry":{"type":"Point","coordinates":[427771.949523063725792,6252287.247394300997257]}},
{"type":"Feature","properties":{"full_id":"n6542015582","osm_id":"6542015582","osm_type":"node","highway":"bus_stop","temporary":null,"route_ref":null,"mapillary":null,"short_name":null,"vending_machine":null,"wheelchair":"no","tactile_paving":"no","shelter":"no","ref":"3359","public_transport":"platform","operator":null,"network:wikipedia":"fr:Transports en commun de Pau","network:wikidata":"Q3147798","network":"IDELIS","name":"Tourasse","lit":"no","departures_board":"timetable","check_date:shelter":null,"check_date":null,"bus":"yes","bin":"no","bench":"no"},"geometry":{"type":"Point","coordinates":[428453.06506635400001,6251418.644502992741764]}},
{"type":"Feature","properties":{"full_id":"n6542015583","osm_id":"6542015583","osm_type":"node","highway":"bus_stop","temporary":null,"route_ref":null,"mapillary":null,"short_name":null,"vending_machine":null,"wheelchair":"no","tactile_paving":"no","shelter":"no","ref":"3361","public_transport":"platform","operator":null,"network:wikipedia":"fr:Transports en commun de Pau","network:wikidata":"Q3147798","network":"IDELIS","name":"Tourasse","lit":"no","departures_board":"timetable","check_date:shelter":null,"check_date":null,"bus":"yes","bin":"no","bench":"no"},"geometry":{"type":"Point","coordinates":[428460.311219557945151,6251392.168036640621722]}},
{"type":"Feature","properties":{"full_id":"n6542597397","osm_id":"6542597397","osm_type":"node","highway":"bus_stop","temporary":null,"route_ref":null,"mapillary":null,"short_name":null,"vending_machine":null,"wheelchair":"no","tactile_paving":"no","shelter":"no","ref":"3371","public_transport":"platform","operator":null,"network:wikipedia":"fr:Transports en commun de Pau","network:wikidata":"Q3147798","network":"IDELIS","name":"Tursan","lit":"no","departures_board":"timetable","check_date:shelter":null,"check_date":null,"bus":"yes","bin":"no","bench":"no"},"geometry":{"type":"Point","coordinates":[426273.00541884516133,6253400.80490512214601]}},
{"type":"Feature","properties":{"full_id":"n6542597398","osm_id":"6542597398","osm_type":"node","highway":"bus_stop","temporary":null,"route_ref":null,"mapillary":null,"short_name":null,"vending_machine":null,"wheelchair":"no","tactile_paving":"no","shelter":"no","ref":"3370","public_transport":"platform","operator":null,"network:wikipedia":"fr:Transports en commun de Pau","network:wikidata":"Q3147798","network":"IDELIS","name":"Tursan","lit":"no","departures_board":"timetable","check_date:shelter":null,"check_date":null,"bus":"yes","bin":"no","bench":"no"},"geometry":{"type":"Point","coordinates":[426261.465905308607034,6253393.843605030328035]}},
{"type":"Feature","properties":{"full_id":"n6545277639","osm_id":"6545277639","osm_type":"node","highway":"bus_stop","temporary":null,"route_ref":null,"mapillary":null,"short_name":null,"vending_machine":null,"wheelchair":"no","tactile_paving":"no","shelter":"no","ref":"3227","public_transport":"platform","operator":null,"network:wikipedia":"fr:Transports en commun de Pau","network:wikidata":"Q3147798","network":"IDELIS","name":"Loup","lit":"no","departures_board":"timetable","check_date:shelter":null,"check_date":null,"bus":"yes","bin":"no","bench":"no"},"geometry":{"type":"Point","coordinates":[427592.378331727697514,6251096.580281949602067]}},
{"type":"Feature","properties":{"full_id":"n6545277640","osm_id":"6545277640","osm_type":"node","highway":"bus_stop","temporary":null,"route_ref":null,"mapillary":null,"short_name":null,"vending_machine":null,"wheelchair":"no","tactile_paving":"no","shelter":"no","ref":"3226","public_transport":"platform","operator":null,"network:wikipedia":"fr:Transports en commun de Pau","network:wikidata":"Q3147798","network":"IDELIS","name":"Loup","lit":"no","departures_board":"timetable","check_date:shelter":null,"check_date":null,"bus":"yes","bin":"no","bench":"no"},"geometry":{"type":"Point","coordinates":[427578.851544581295457,6251089.945693362504244]}},
{"type":"Feature","properties":{"full_id":"n6984956259","osm_id":"6984956259","osm_type":"node","highway":"bus_stop","temporary":null,"route_ref":null,"mapillary":"268530931667950","short_name":null,"vending_machine":"tickets","wheelchair":"yes","tactile_paving":"yes","shelter":"yes","ref":"3132","public_transport":"platform","operator":"STAP","network:wikipedia":"fr:Transports en commun de Pau","network:wikidata":"Q3147798","network":"IDELIS","name":"Buros - Le Hameau","lit":"yes","departures_board":"realtime","check_date:shelter":null,"check_date":null,"bus":"yes","bin":"yes","bench":"yes"},"geometry":{"type":"Point","coordinates":[428455.759263361454941,6252698.736048622988164]}},
{"type":"Feature","properties":{"full_id":"n7033295261","osm_id":"7033295261","osm_type":"node","highway":"bus_stop","temporary":null,"route_ref":null,"mapillary":null,"short_name":null,"vending_machine":null,"wheelchair":"yes","tactile_paving":"no","shelter":"no","ref":"1073","public_transport":"platform","operator":"STAP","network:wikipedia":"fr:Transports en commun de Pau","network:wikidata":"Q3147798","network":"IDELIS","name":"Val d'Or","lit":"no","departures_board":"timetable","check_date:shelter":null,"check_date":null,"bus":"yes","bin":"no","bench":"no"},"geometry":{"type":"Point","coordinates":[425859.465790927642956,6254297.717680633999407]}},
{"type":"Feature","properties":{"full_id":"n7306715982","osm_id":"7306715982","osm_type":"node","highway":"bus_stop","temporary":null,"route_ref":null,"mapillary":null,"short_name":null,"vending_machine":null,"wheelchair":null,"tactile_paving":"no","shelter":"yes","ref":null,"public_transport":"platform","operator":null,"network:wikipedia":null,"network:wikidata":null,"network":null,"name":"Barbanegre","lit":null,"departures_board":null,"check_date:shelter":"2026-07-22","check_date":null,"bus":"yes","bin":"yes","bench":"yes"},"geometry":{"type":"Point","coordinates":[426942.558866061735898,6249968.80469995457679]}},
{"type":"Feature","properties":{"full_id":"n7563177592","osm_id":"7563177592","osm_type":"node","highway":"bus_stop","temporary":null,"route_ref":null,"mapillary":null,"short_name":null,"vending_machine":null,"wheelchair":null,"tactile_paving":null,"shelter":"no","ref":null,"public_transport":"platform","operator":"Citram Pyrénées","network:wikipedia":null,"network:wikidata":null,"network":null,"name":"Place de Verdun","lit":null,"departures_board":"timetable","check_date:shelter":null,"check_date":null,"bus":"yes","bin":null,"bench":"no"},"geometry":{"type":"Point","coordinates":[425943.679722829605453,6250425.273923779837787]}},
{"type":"Feature","properties":{"full_id":"n7577228751","osm_id":"7577228751","osm_type":"node","highway":"bus_stop","temporary":null,"route_ref":null,"mapillary":null,"short_name":null,"vending_machine":null,"wheelchair":"yes","tactile_paving":"no","shelter":"yes","ref":null,"public_transport":"platform","operator":null,"network:wikipedia":"fr:Transports en commun de Pau","network:wikidata":"Q3147798","network":"IDELIS","name":"Stade du Hameau","lit":"yes","departures_board":"no","check_date:shelter":null,"check_date":null,"bus":"yes","bin":"yes","bench":"yes"},"geometry":{"type":"Point","coordinates":[430527.636658980045468,6251146.588027105666697]}},
{"type":"Feature","properties":{"full_id":"n7579823379","osm_id":"7579823379","osm_type":"node","highway":"bus_stop","temporary":null,"route_ref":null,"mapillary":null,"short_name":null,"vending_machine":null,"wheelchair":null,"tactile_paving":null,"shelter":"no","ref":null,"public_transport":"platform","operator":null,"network:wikipedia":"fr:Transports en commun de Pau","network:wikidata":"Q3147798","network":"IDELIS","name":"Place de Verdun","lit":null,"departures_board":null,"check_date:shelter":null,"check_date":null,"bus":"yes","bin":"yes","bench":"yes"},"geometry":{"type":"Point","coordinates":[425972.750609110109508,6250429.126143612898886]}},
{"type":"Feature","properties":{"full_id":"n7581123876","osm_id":"7581123876","osm_type":"node","highway":"bus_stop","temporary":null,"route_ref":null,"mapillary":null,"short_name":null,"vending_machine":null,"wheelchair":"yes","tactile_paving":"no","shelter":"yes","ref":"3086","public_transport":"platform","operator":null,"network:wikipedia":"fr:Transports en commun de Pau","network:wikidata":"Q3147798","network":"IDELIS","name":"Cité Multimédia Quai D","lit":"yes","departures_board":"timetable","check_date:shelter":"2026-07-22","check_date":null,"bus":"yes","bin":"yes","bench":"yes"},"geometry":{"type":"Point","coordinates":[430145.75445974728791,6252781.796434508636594]}},
{"type":"Feature","properties":{"full_id":"n7581123878","osm_id":"7581123878","osm_type":"node","highway":"bus_stop","temporary":null,"route_ref":null,"mapillary":null,"short_name":null,"vending_machine":null,"wheelchair":"yes","tactile_paving":"no","shelter":"no","ref":"3085","public_transport":"platform","operator":null,"network:wikipedia":"fr:Transports en commun de Pau","network:wikidata":"Q3147798","network":"IDELIS","name":"Cité Multimédia Quai C","lit":"no","departures_board":"timetable","check_date:shelter":null,"check_date":null,"bus":"yes","bin":"no","bench":"no"},"geometry":{"type":"Point","coordinates":[430170.651711236860137,6252763.868809382431209]}},
{"type":"Feature","properties":{"full_id":"n7591049783","osm_id":"7591049783","osm_type":"node","highway":"bus_stop","temporary":null,"route_ref":null,"mapillary":null,"short_name":null,"vending_machine":null,"wheelchair":null,"tactile_paving":null,"shelter":"yes","ref":null,"public_transport":"platform","operator":null,"network:wikipedia":null,"network:wikidata":null,"network":null,"name":"Mathieu Lalanne","lit":null,"departures_board":"yes","check_date:shelter":null,"check_date":null,"bus":"yes","bin":null,"bench":"yes"},"geometry":{"type":"Point","coordinates":[426919.577250351547264,6250042.997375294566154]}},
{"type":"Feature","properties":{"full_id":"n7591049784","osm_id":"7591049784","osm_type":"node","highway":"bus_stop","temporary":null,"route_ref":null,"mapillary":null,"short_name":null,"vending_machine":null,"wheelchair":null,"tactile_paving":null,"shelter":"yes","ref":null,"public_transport":"platform","operator":null,"network:wikipedia":null,"network:wikidata":null,"network":null,"name":"Mathieu Lalanne","lit":null,"departures_board":null,"check_date:shelter":null,"check_date":null,"bus":"yes","bin":"yes","bench":"yes"},"geometry":{"type":"Point","coordinates":[426895.951682367129251,6250076.149338472634554]}},
{"type":"Feature","properties":{"full_id":"n7591068385","osm_id":"7591068385","osm_type":"node","highway":"bus_stop","temporary":null,"route_ref":null,"mapillary":null,"short_name":null,"vending_machine":null,"wheelchair":null,"tactile_paving":null,"shelter":"yes","ref":null,"public_transport":"platform","operator":null,"network:wikipedia":null,"network:wikidata":null,"network":null,"name":"Mathieu Lalanne","lit":null,"departures_board":"yes","check_date:shelter":null,"check_date":null,"bus":"yes","bin":"yes","bench":"yes"},"geometry":{"type":"Point","coordinates":[426948.468569912016392,6249999.150915243662894]}},
{"type":"Feature","properties":{"full_id":"n7846362591","osm_id":"7846362591","osm_type":"node","highway":"bus_stop","temporary":null,"route_ref":null,"mapillary":null,"short_name":null,"vending_machine":null,"wheelchair":"yes","tactile_paving":"yes","shelter":"yes","ref":"3135","public_transport":"platform","operator":"STAP","network:wikipedia":"fr:Transports en commun de Pau","network:wikidata":"Q3147798","network":"IDELIS","name":"Bd de la Paix","lit":"yes","departures_board":"realtime","check_date:shelter":null,"check_date":null,"bus":"yes","bin":"yes","bench":"yes"},"geometry":{"type":"Point","coordinates":[428067.970111055765301,6252550.068186495453119]}},
{"type":"Feature","properties":{"full_id":"n7846613854","osm_id":"7846613854","osm_type":"node","highway":"bus_stop","temporary":null,"route_ref":null,"mapillary":null,"short_name":null,"vending_machine":null,"wheelchair":"yes","tactile_paving":"yes","shelter":"yes","ref":"3130","public_transport":"platform","operator":"STAP","network:wikipedia":"fr:Transports en commun de Pau","network:wikidata":"Q3147798","network":"IDELIS","name":"Barthou - Beaumont","lit":"yes","departures_board":"realtime","check_date:shelter":"2026-07-22","check_date":null,"bus":"yes","bin":"yes","bench":"yes"},"geometry":{"type":"Point","coordinates":[426807.312853031675331,6249774.136568423360586]}},
{"type":"Feature","properties":{"full_id":"n7846646618","osm_id":"7846646618","osm_type":"node","highway":"bus_stop","temporary":null,"route_ref":null,"mapillary":null,"short_name":null,"vending_machine":null,"wheelchair":"yes","tactile_paving":"yes","shelter":"yes","ref":"3131","public_transport":"platform","operator":"STAP","network:wikipedia":"fr:Transports en commun de Pau","network:wikidata":"Q3147798","network":"IDELIS","name":"Barthou - Beaumont","lit":"yes","departures_board":"realtime","check_date:shelter":"2026-07-22","check_date":null,"bus":"yes","bin":"yes","bench":"yes"},"geometry":{"type":"Point","coordinates":[426815.732385537761729,6249758.311501996591687]}},
{"type":"Feature","properties":{"full_id":"n7869981036","osm_id":"7869981036","osm_type":"node","highway":"bus_stop","temporary":null,"route_ref":null,"mapillary":null,"short_name":null,"vending_machine":null,"wheelchair":"no","tactile_paving":"no","shelter":"no","ref":"3250","public_transport":"platform","operator":null,"network:wikipedia":"fr:Transports en commun de Pau","network:wikidata":"Q3147798","network":"IDELIS","name":"Mohédan","lit":"no","departures_board":"timetable","check_date:shelter":null,"check_date":null,"bus":"yes","bin":"no","bench":"no"},"geometry":{"type":"Point","coordinates":[426049.679058593523223,6251708.997325295582414]}},
{"type":"Feature","properties":{"full_id":"n7869981039","osm_id":"7869981039","osm_type":"node","highway":"bus_stop","temporary":null,"route_ref":null,"mapillary":null,"short_name":null,"vending_machine":null,"wheelchair":"no","tactile_paving":"no","shelter":"no","ref":"3251","public_transport":"platform","operator":null,"network:wikipedia":"fr:Transports en commun de Pau","network:wikidata":"Q3147798","network":"IDELIS","name":"Mohédan","lit":"no","departures_board":"timetable","check_date:shelter":null,"check_date":null,"bus":"yes","bin":"no","bench":"no"},"geometry":{"type":"Point","coordinates":[426076.814411225961521,6251628.22621245123446]}},
{"type":"Feature","properties":{"full_id":"n7949451946","osm_id":"7949451946","osm_type":"node","highway":"bus_stop","temporary":null,"route_ref":null,"mapillary":null,"short_name":null,"vending_machine":null,"wheelchair":"yes","tactile_paving":"no","shelter":"yes","ref":"3116","public_transport":"platform","operator":null,"network:wikipedia":"fr:Transports en commun de Pau","network:wikidata":"Q3147798","network":"IDELIS","name":"PAU EFS","lit":"yes","departures_board":"timetable","check_date:shelter":null,"check_date":null,"bus":"yes","bin":"yes","bench":"yes"},"geometry":{"type":"Point","coordinates":[428779.418715378036723,6253146.87912311218679]}},
{"type":"Feature","properties":{"full_id":"n7949451947","osm_id":"7949451947","osm_type":"node","highway":"bus_stop","temporary":null,"route_ref":null,"mapillary":null,"short_name":null,"vending_machine":null,"wheelchair":"yes","tactile_paving":"no","shelter":"yes","ref":"3116","public_transport":"platform","operator":null,"network:wikipedia":"fr:Transports en commun de Pau","network:wikidata":"Q3147798","network":"IDELIS","name":"PAU EFS","lit":"yes","departures_board":"timetable","check_date:shelter":null,"check_date":null,"bus":"yes","bin":"yes","bench":"yes"},"geometry":{"type":"Point","coordinates":[428777.193134428118356,6253134.033611971884966]}},
{"type":"Feature","properties":{"full_id":"n7953568460","osm_id":"7953568460","osm_type":"node","highway":"bus_stop","temporary":null,"route_ref":null,"mapillary":null,"short_name":null,"vending_machine":null,"wheelchair":"yes","tactile_paving":"yes","shelter":"yes","ref":null,"public_transport":"platform","operator":null,"network:wikipedia":"fr:Transports en commun de Pau","network:wikidata":"Q3147798","network":"IDELIS","name":"PAU Hôpital F. Mitterrand","lit":"yes","departures_board":"no","check_date:shelter":null,"check_date":null,"bus":"yes","bin":"yes","bench":"no"},"geometry":{"type":"Point","coordinates":[428448.685753319063224,6253163.04552167840302]}},
{"type":"Feature","properties":{"full_id":"n8044558035","osm_id":"8044558035","osm_type":"node","highway":"bus_stop","temporary":null,"route_ref":null,"mapillary":null,"short_name":null,"vending_machine":null,"wheelchair":null,"tactile_paving":null,"shelter":null,"ref":"110","public_transport":"platform","operator":null,"network:wikipedia":"fr:Transports en commun de Pau","network:wikidata":"Q3147798","network":"IDELIS","name":"Lilas","lit":null,"departures_board":null,"check_date:shelter":null,"check_date":null,"bus":"yes","bin":null,"bench":null},"geometry":{"type":"Point","coordinates":[429184.01900374336401,6252974.553025300614536]}},
{"type":"Feature","properties":{"full_id":"n8044558036","osm_id":"8044558036","osm_type":"node","highway":"bus_stop","temporary":null,"route_ref":null,"mapillary":null,"short_name":null,"vending_machine":null,"wheelchair":null,"tactile_paving":null,"shelter":null,"ref":"111","public_transport":"platform","operator":null,"network:wikipedia":"fr:Transports en commun de Pau","network:wikidata":"Q3147798","network":"IDELIS","name":"Lilas","lit":null,"departures_board":null,"check_date:shelter":null,"check_date":null,"bus":"yes","bin":null,"bench":null},"geometry":{"type":"Point","coordinates":[429180.272226796660107,6252963.941344766877592]}},
{"type":"Feature","properties":{"full_id":"n8062745655","osm_id":"8062745655","osm_type":"node","highway":"bus_stop","temporary":null,"route_ref":null,"mapillary":null,"short_name":null,"vending_machine":null,"wheelchair":"no","tactile_paving":"no","shelter":"no","ref":"3115","public_transport":"platform","operator":null,"network:wikipedia":"fr:Transports en commun de Pau","network:wikidata":"Q3147798","network":"IDELIS","name":"PAU Eauze","lit":"no","departures_board":"timetable","check_date:shelter":null,"check_date":null,"bus":"yes","bin":"no","bench":"no"},"geometry":{"type":"Point","coordinates":[428562.569713190721814,6252598.231953459791839]}},
{"type":"Feature","properties":{"full_id":"n8128964453","osm_id":"8128964453","osm_type":"node","highway":"bus_stop","temporary":null,"route_ref":null,"mapillary":null,"short_name":null,"vending_machine":null,"wheelchair":"yes","tactile_paving":"yes","shelter":"no","ref":"3148","public_transport":"platform","operator":null,"network:wikipedia":"fr:Transports en commun de Pau","network:wikidata":"Q3147798","network":"IDELIS","name":"Les Halles - Despourrins","lit":"yes","departures_board":"realtime","check_date:shelter":"2026-05-14","check_date":null,"bus":"yes","bin":"no","bench":"yes"},"geometry":{"type":"Point","coordinates":[426712.400682908832096,6250349.358163726516068]}},
{"type":"Feature","properties":{"full_id":"n8220840385","osm_id":"8220840385","osm_type":"node","highway":"bus_stop","temporary":null,"route_ref":null,"mapillary":null,"short_name":null,"vending_machine":null,"wheelchair":null,"tactile_paving":"no","shelter":"no","ref":null,"public_transport":"platform","operator":null,"network:wikipedia":null,"network:wikidata":null,"network":null,"name":"Gare SNCF","lit":"no","departures_board":"timetable","check_date:shelter":null,"check_date":null,"bus":"yes","bin":"yes","bench":"yes"},"geometry":{"type":"Point","coordinates":[426397.730904748255853,6249538.574840187095106]}},
{"type":"Feature","properties":{"full_id":"n8225048569","osm_id":"8225048569","osm_type":"node","highway":"bus_stop","temporary":null,"route_ref":null,"mapillary":null,"short_name":null,"vending_machine":null,"wheelchair":"yes","tactile_paving":"no","shelter":"no","ref":null,"public_transport":"platform","operator":null,"network:wikipedia":null,"network:wikidata":null,"network":null,"name":"Pôle Multimodal - Gare SNCF","lit":"no","departures_board":"timetable","check_date:shelter":null,"check_date":null,"bus":"yes","bin":"no","bench":"no"},"geometry":{"type":"Point","coordinates":[426566.000696532020811,6249449.175399132072926]}},
{"type":"Feature","properties":{"full_id":"n8897860136","osm_id":"8897860136","osm_type":"node","highway":"bus_stop","temporary":null,"route_ref":null,"mapillary":null,"short_name":null,"vending_machine":null,"wheelchair":null,"tactile_paving":null,"shelter":"no","ref":null,"public_transport":"platform","operator":"STAP","network:wikipedia":"fr:Transports en commun de Pau","network:wikidata":"Q3147798","network":"IDELIS","name":"Grand Tour","lit":"no","departures_board":"no","check_date:shelter":null,"check_date":null,"bus":"yes","bin":"no","bench":"yes"},"geometry":{"type":"Point","coordinates":[425684.535150294366758,6250368.416589768603444]}},
{"type":"Feature","properties":{"full_id":"n8903153813","osm_id":"8903153813","osm_type":"node","highway":"bus_stop","temporary":null,"route_ref":null,"mapillary":null,"short_name":null,"vending_machine":null,"wheelchair":"no","tactile_paving":"no","shelter":"no","ref":"3389","public_transport":"platform","operator":null,"network:wikipedia":"fr:Transports en commun de Pau","network:wikidata":"Q3147798","network":"IDELIS","name":"Les Halles Planté","lit":"no","departures_board":"timetable","check_date:shelter":"2026-03-15","check_date":null,"bus":"yes","bin":"no","bench":"no"},"geometry":{"type":"Point","coordinates":[426497.757561564038042,6250452.405968613922596]}},
{"type":"Feature","properties":{"full_id":"n8946989479","osm_id":"8946989479","osm_type":"node","highway":"bus_stop","temporary":null,"route_ref":null,"mapillary":null,"short_name":null,"vending_machine":null,"wheelchair":null,"tactile_paving":null,"shelter":null,"ref":null,"public_transport":"platform","operator":null,"network:wikipedia":null,"network:wikidata":null,"network":null,"name":"Collège Clermont","lit":null,"departures_board":null,"check_date:shelter":null,"check_date":null,"bus":"yes","bin":null,"bench":null},"geometry":{"type":"Point","coordinates":[426439.633123745326884,6251612.005251072347164]}},
{"type":"Feature","properties":{"full_id":"n9942079479","osm_id":"9942079479","osm_type":"node","highway":"bus_stop","temporary":null,"route_ref":null,"mapillary":null,"short_name":null,"vending_machine":null,"wheelchair":null,"tactile_paving":null,"shelter":null,"ref":null,"public_transport":"platform","operator":null,"network:wikipedia":null,"network:wikidata":null,"network":null,"name":null,"lit":null,"departures_board":null,"check_date:shelter":null,"check_date":null,"bus":"yes","bin":null,"bench":null},"geometry":{"type":"Point","coordinates":[431126.676864476816263,6252376.105998350307345]}},
{"type":"Feature","properties":{"full_id":"n9942079480","osm_id":"9942079480","osm_type":"node","highway":"bus_stop","temporary":null,"route_ref":null,"mapillary":null,"short_name":null,"vending_machine":null,"wheelchair":null,"tactile_paving":null,"shelter":null,"ref":null,"public_transport":"platform","operator":null,"network:wikipedia":null,"network:wikidata":null,"network":null,"name":null,"lit":null,"departures_board":null,"check_date:shelter":null,"check_date":null,"bus":"yes","bin":null,"bench":null},"geometry":{"type":"Point","coordinates":[431072.932443886413239,6252385.795198386535048]}},
{"type":"Feature","properties":{"full_id":"n10127534303","osm_id":"10127534303","osm_type":"node","highway":"bus_stop","temporary":"yes","route_ref":null,"mapillary":null,"short_name":null,"vending_machine":null,"wheelchair":"no","tactile_paving":"no","shelter":"no","ref":"3192","public_transport":"platform","operator":null,"network:wikipedia":null,"network:wikidata":"Q3147798","network":"IDELIS","name":"R. Dorme","lit":"no","departures_board":"timetable","check_date:shelter":null,"check_date":null,"bus":"yes","bin":"no","bench":"no"},"geometry":{"type":"Point","coordinates":[426256.725024348357692,6250969.70806782040745]}},
{"type":"Feature","properties":{"full_id":"n10127534305","osm_id":"10127534305","osm_type":"node","highway":"bus_stop","temporary":"yes","route_ref":null,"mapillary":null,"short_name":null,"vending_machine":null,"wheelchair":"no","tactile_paving":"no","shelter":"no","ref":"3191","public_transport":"platform","operator":null,"network:wikipedia":null,"network:wikidata":"Q3147798","network":"IDELIS","name":"R. Dorme","lit":"no","departures_board":"timetable","check_date:shelter":null,"check_date":null,"bus":"yes","bin":"no","bench":"no"},"geometry":{"type":"Point","coordinates":[426224.519835698534735,6250967.746670710854232]}},
{"type":"Feature","properties":{"full_id":"n10129743438","osm_id":"10129743438","osm_type":"node","highway":"bus_stop","temporary":null,"route_ref":null,"mapillary":null,"short_name":null,"vending_machine":null,"wheelchair":null,"tactile_paving":"no","shelter":"no","ref":null,"public_transport":"platform","operator":null,"network:wikipedia":null,"network:wikidata":null,"network":null,"name":"Centre Hospitalier","lit":"no","departures_board":"timetable","check_date:shelter":null,"check_date":null,"bus":"yes","bin":"yes","bench":"no"},"geometry":{"type":"Point","coordinates":[428440.926555789133999,6253226.771935927681625]}},
{"type":"Feature","properties":{"full_id":"n10212678194","osm_id":"10212678194","osm_type":"node","highway":"bus_stop","temporary":null,"route_ref":null,"mapillary":null,"short_name":null,"vending_machine":null,"wheelchair":"yes","tactile_paving":"no","shelter":"yes","ref":null,"public_transport":"platform","operator":null,"network:wikipedia":null,"network:wikidata":null,"network":"Scolaris","name":"Guilhem","lit":null,"departures_board":"yes","check_date:shelter":null,"check_date":null,"bus":"yes","bin":"yes","bench":"yes"},"geometry":{"type":"Point","coordinates":[429017.891663586604409,6252162.690605474635959]}},
{"type":"Feature","properties":{"full_id":"n10212678195","osm_id":"10212678195","osm_type":"node","highway":"bus_stop","temporary":null,"route_ref":null,"mapillary":null,"short_name":null,"vending_machine":null,"wheelchair":"yes","tactile_paving":"no","shelter":"no","ref":null,"public_transport":"platform","operator":null,"network:wikipedia":null,"network:wikidata":null,"network":"Scolaris","name":"Guilhem","lit":"no","departures_board":"no","check_date:shelter":null,"check_date":null,"bus":"yes","bin":"no","bench":"no"},"geometry":{"type":"Point","coordinates":[429031.998556625738274,6252159.512348690070212]}},
{"type":"Feature","properties":{"full_id":"n10213512113","osm_id":"10213512113","osm_type":"node","highway":"bus_stop","temporary":null,"route_ref":null,"mapillary":null,"short_name":null,"vending_machine":null,"wheelchair":"no","tactile_paving":"no","shelter":"no","ref":null,"public_transport":"platform","operator":null,"network:wikipedia":null,"network:wikidata":null,"network":"Scolaris","name":"79 Avenue de Buros","lit":"no","departures_board":"yes","check_date:shelter":null,"check_date":null,"bus":"yes","bin":"yes","bench":"yes"},"geometry":{"type":"Point","coordinates":[428335.12489129108144,6252119.466280741617084]}},
{"type":"Feature","properties":{"full_id":"n10213512115","osm_id":"10213512115","osm_type":"node","highway":"bus_stop","temporary":null,"route_ref":null,"mapillary":null,"short_name":null,"vending_machine":null,"wheelchair":"no","tactile_paving":"no","shelter":"no","ref":null,"public_transport":"platform","operator":null,"network:wikipedia":null,"network:wikidata":null,"network":"Scolaris","name":"79 Avenue de Buros","lit":"no","departures_board":"no","check_date:shelter":null,"check_date":null,"bus":"yes","bin":"no","bench":"no"},"geometry":{"type":"Point","coordinates":[428347.418925867590588,6252119.901588534936309]}},
{"type":"Feature","properties":{"full_id":"n10213546218","osm_id":"10213546218","osm_type":"node","highway":"bus_stop","temporary":null,"route_ref":null,"mapillary":null,"short_name":null,"vending_machine":null,"wheelchair":"no","tactile_paving":"no","shelter":"no","ref":null,"public_transport":"platform","operator":null,"network:wikipedia":null,"network:wikidata":null,"network":"Scolaris","name":"43 Avenue de Buros","lit":"no","departures_board":"yes","check_date:shelter":null,"check_date":null,"bus":"yes","bin":"no","bench":"no"},"geometry":{"type":"Point","coordinates":[428111.139655117702205,6251699.773343611508608]}},
{"type":"Feature","properties":{"full_id":"n10213546219","osm_id":"10213546219","osm_type":"node","highway":"bus_stop","temporary":null,"route_ref":null,"mapillary":null,"short_name":null,"vending_machine":null,"wheelchair":"no","tactile_paving":"no","shelter":"no","ref":null,"public_transport":"platform","operator":null,"network:wikipedia":null,"network:wikidata":null,"network":"Scolaris","name":"43 Avenue de Buros","lit":"no","departures_board":"no","check_date:shelter":null,"check_date":null,"bus":"yes","bin":"no","bench":"no"},"geometry":{"type":"Point","coordinates":[428109.812015480361879,6251681.515695676207542]}},
{"type":"Feature","properties":{"full_id":"n10213546222","osm_id":"10213546222","osm_type":"node","highway":"bus_stop","temporary":null,"route_ref":null,"mapillary":null,"short_name":null,"vending_machine":null,"wheelchair":"no","tactile_paving":"no","shelter":"no","ref":null,"public_transport":"platform","operator":null,"network:wikipedia":null,"network:wikidata":null,"network":"Scolaris","name":"Baudelaire","lit":"no","departures_board":"yes","check_date:shelter":null,"check_date":null,"bus":"yes","bin":"no","bench":"no"},"geometry":{"type":"Point","coordinates":[427854.828977053111885,6251124.4319729777053]}},
{"type":"Feature","properties":{"full_id":"n10213546225","osm_id":"10213546225","osm_type":"node","highway":"bus_stop","temporary":null,"route_ref":null,"mapillary":null,"short_name":null,"vending_machine":null,"wheelchair":"no","tactile_paving":"no","shelter":"no","ref":null,"public_transport":"platform","operator":null,"network:wikipedia":null,"network:wikidata":null,"network":"Scolaris","name":"Baudelaire","lit":"no","departures_board":"yes","check_date:shelter":null,"check_date":null,"bus":"yes","bin":"no","bench":"no"},"geometry":{"type":"Point","coordinates":[427881.142035741300788,6251185.121247749775648]}},
{"type":"Feature","properties":{"full_id":"n10213562553","osm_id":"10213562553","osm_type":"node","highway":"bus_stop","temporary":null,"route_ref":null,"mapillary":null,"short_name":null,"vending_machine":null,"wheelchair":"no","tactile_paving":"no","shelter":"yes","ref":null,"public_transport":"platform","operator":null,"network:wikipedia":null,"network:wikidata":null,"network":"Scolaris","name":"Perrin","lit":null,"departures_board":"yes","check_date:shelter":null,"check_date":null,"bus":"yes","bin":"no","bench":"yes"},"geometry":{"type":"Point","coordinates":[429356.996548342460301,6252454.877093157730997]}},
{"type":"Feature","properties":{"full_id":"n10213562554","osm_id":"10213562554","osm_type":"node","highway":"bus_stop","temporary":null,"route_ref":null,"mapillary":null,"short_name":null,"vending_machine":null,"wheelchair":"no","tactile_paving":"no","shelter":"no","ref":null,"public_transport":"platform","operator":null,"network:wikipedia":null,"network:wikidata":null,"network":"Scolaris","name":"Perrin","lit":null,"departures_board":"no","check_date:shelter":null,"check_date":null,"bus":"yes","bin":"no","bench":"no"},"geometry":{"type":"Point","coordinates":[429367.582100471539889,6252454.696710493415594]}},
{"type":"Feature","properties":{"full_id":"n10215169047","osm_id":"10215169047","osm_type":"node","highway":"bus_stop","temporary":null,"route_ref":null,"mapillary":null,"short_name":null,"vending_machine":null,"wheelchair":"no","tactile_paving":"no","shelter":"no","ref":null,"public_transport":"platform","operator":null,"network:wikipedia":null,"network:wikidata":null,"network":"Scolaris","name":"PAU Eauze","lit":"no","departures_board":"yes","check_date:shelter":null,"check_date":null,"bus":"yes","bin":"no","bench":"no"},"geometry":{"type":"Point","coordinates":[428554.34526079299394,6252610.797260224819183]}},
{"type":"Feature","properties":{"full_id":"n10224089268","osm_id":"10224089268","osm_type":"node","highway":"bus_stop","temporary":null,"route_ref":null,"mapillary":null,"short_name":null,"vending_machine":null,"wheelchair":null,"tactile_paving":"no","shelter":"no","ref":null,"public_transport":"platform","operator":null,"network:wikipedia":null,"network:wikidata":null,"network":"Scolaris","name":"PAU Collège J. d'Albret","lit":"no","departures_board":"yes","check_date:shelter":null,"check_date":null,"bus":"yes","bin":"yes","bench":null},"geometry":{"type":"Point","coordinates":[428666.806281332508661,6250445.950758686289191]}},
{"type":"Feature","properties":{"full_id":"n10572642542","osm_id":"10572642542","osm_type":"node","highway":"bus_stop","temporary":null,"route_ref":null,"mapillary":null,"short_name":null,"vending_machine":null,"wheelchair":"no","tactile_paving":"no","shelter":"no","ref":null,"public_transport":"platform","operator":null,"network:wikipedia":null,"network:wikidata":null,"network":"Scolaris","name":"PAU Vignancour","lit":"no","departures_board":"no","check_date:shelter":null,"check_date":null,"bus":"yes","bin":"no","bench":"no"},"geometry":{"type":"Point","coordinates":[430775.935994978470262,6252669.596871258690953]}},
{"type":"Feature","properties":{"full_id":"n10572642543","osm_id":"10572642543","osm_type":"node","highway":"bus_stop","temporary":null,"route_ref":null,"mapillary":null,"short_name":null,"vending_machine":null,"wheelchair":"no","tactile_paving":"no","shelter":"no","ref":null,"public_transport":"platform","operator":null,"network:wikipedia":null,"network:wikidata":null,"network":"Scolaris","name":"PAU Vignancour","lit":"no","departures_board":"no","check_date:shelter":null,"check_date":null,"bus":"yes","bin":"no","bench":"no"},"geometry":{"type":"Point","coordinates":[430767.617379134928342,6252659.732888417318463]}},
{"type":"Feature","properties":{"full_id":"n10579983578","osm_id":"10579983578","osm_type":"node","highway":"bus_stop","temporary":null,"route_ref":null,"mapillary":null,"short_name":null,"vending_machine":null,"wheelchair":"no","tactile_paving":"no","shelter":"no","ref":null,"public_transport":"platform","operator":null,"network:wikipedia":null,"network:wikidata":null,"network":"Scolaris","name":"Lapuyade","lit":"no","departures_board":"no","check_date:shelter":null,"check_date":null,"bus":"yes","bin":"no","bench":"no"},"geometry":{"type":"Point","coordinates":[428587.837005122215487,6251452.062804420478642]}},
{"type":"Feature","properties":{"full_id":"n10579983579","osm_id":"10579983579","osm_type":"node","highway":"bus_stop","temporary":null,"route_ref":null,"mapillary":null,"short_name":null,"vending_machine":null,"wheelchair":"no","tactile_paving":"no","shelter":"no","ref":null,"public_transport":"platform","operator":null,"network:wikipedia":null,"network:wikidata":null,"network":"Scolaris","name":"Lapuyade","lit":"no","departures_board":"no","check_date:shelter":null,"check_date":null,"bus":"yes","bin":"no","bench":"no"},"geometry":{"type":"Point","coordinates":[428573.961008777085226,6251453.630012091249228]}},
{"type":"Feature","properties":{"full_id":"n11043989471","osm_id":"11043989471","osm_type":"node","highway":"bus_stop","temporary":null,"route_ref":null,"mapillary":null,"short_name":null,"vending_machine":null,"wheelchair":"yes","tactile_paving":"no","shelter":"yes","ref":"3147","public_transport":"platform","operator":"STAP","network:wikipedia":null,"network:wikidata":"Q3147798","network":"Idelis","name":"Gare de Pau Quai E","lit":"yes","departures_board":"timetable","check_date:shelter":null,"check_date":null,"bus":"yes","bin":"no","bench":"no"},"geometry":{"type":"Point","coordinates":[426520.25583722779993,6249445.69827604945749]}},
{"type":"Feature","properties":{"full_id":"n13699202431","osm_id":"13699202431","osm_type":"node","highway":"bus_stop","temporary":null,"route_ref":null,"mapillary":null,"short_name":null,"vending_machine":null,"wheelchair":"no","tactile_paving":null,"shelter":null,"ref":null,"public_transport":"platform","operator":null,"network:wikipedia":null,"network:wikidata":null,"network":null,"name":"Navarre","lit":null,"departures_board":null,"check_date:shelter":null,"check_date":null,"bus":null,"bin":null,"bench":null},"geometry":{"type":"Point","coordinates":[427430.025906266004313,6250294.301796227693558]}},
{"type":"Feature","properties":{"full_id":"n13699202432","osm_id":"13699202432","osm_type":"node","highway":"bus_stop","temporary":null,"route_ref":null,"mapillary":null,"short_name":null,"vending_machine":null,"wheelchair":"no","tactile_paving":null,"shelter":null,"ref":null,"public_transport":"platform","operator":null,"network:wikipedia":null,"network:wikidata":null,"network":null,"name":"Navarre","lit":null,"departures_board":null,"check_date:shelter":null,"check_date":null,"bus":null,"bin":null,"bench":null},"geometry":{"type":"Point","coordinates":[427420.871099577052519,6250295.53699018061161]}}
]
}
