{
"type": "FeatureCollection",
"name": "Piste_2154",
"crs": { "type": "name", "properties": { "name": "urn:ogc:def:crs:EPSG::2154" } },
"features": [
{"type":"Feature","properties":{"full_id":"w26193479","osm_id":"26193479","osm_type":"way","highway":"cycleway","service":null,"alt_name":null,"crossing:island":null,"crossing:markings":null,"cycleway:width":null,"cycleway":null,"crossing":null,"smoothness":null,"priority_road":null,"footway:surface":null,"cycleway:surface":null,"access":null,"source:width":null,"layer":null,"bridge":null,"motor_vehicle":null,"oneway:bicycle":null,"traffic_sign":null,"start_date":null,"lit":null,"segregated":null,"name":null,"foot":null,"bicycle":null,"width":"3.5","surface":"asphalt","oneway":"no"},"geometry":{"type":"LineString","coordinates":[[427926.691676507878583,6252245.67826528288424],[427918.355556473019533,6252242.216126950457692],[427841.002706425671931,6252267.544656659476459],[427736.456549623864703,6252301.785392869263887],[427697.263390860694926,6252314.511578322388232],[427692.132722327718511,6252315.553114872425795],[427688.781943158770446,6252313.937646386213601],[427686.788415481336415,6252310.806906030513346],[427685.741466270817909,6252271.09692953992635],[427685.157505906245206,6252248.768892710097134]]}},
{"type":"Feature","properties":{"full_id":"w35987726","osm_id":"35987726","osm_type":"way","highway":"cycleway","service":null,"alt_name":null,"crossing:island":null,"crossing:markings":null,"cycleway:width":null,"cycleway":null,"crossing":null,"smoothness":null,"priority_road":null,"footway:surface":null,"cycleway:surface":null,"access":null,"source:width":null,"layer":null,"bridge":null,"motor_vehicle":null,"oneway:bicycle":null,"traffic_sign":null,"start_date":null,"lit":null,"segregated":"no","name":"Avenue Louis Sallenave","foot":"yes","bicycle":"yes","width":null,"surface":"concrete","oneway":"no"},"geometry":{"type":"LineString","coordinates":[[427356.410779354686383,6252482.147944362834096],[427354.769344457949046,6252490.150942206382751],[427342.197422445344273,6252546.707561277784407]]}},
{"type":"Feature","properties":{"full_id":"w213265637","osm_id":"213265637","osm_type":"way","highway":"cycleway","service":null,"alt_name":null,"crossing:island":null,"crossing:markings":null,"cycleway:width":null,"cycleway":null,"crossing":null,"smoothness":null,"priority_road":null,"footway:surface":null,"cycleway:surface":null,"access":null,"source:width":null,"layer":null,"bridge":null,"motor_vehicle":null,"oneway:bicycle":null,"traffic_sign":null,"start_date":null,"lit":null,"segregated":"no","name":null,"foot":null,"bicycle":null,"width":"2.4","surface":"asphalt","oneway":"no"},"geometry":{"type":"LineString","coordinates":[[429638.335263880202547,6250890.956414910964668],[429659.676201449998189,6250882.178155831992626],[429707.696392364101484,6250861.147683658637106],[429747.374867183098104,6250842.883969388902187],[429767.176063637190964,6250834.004154233261943],[429779.477964559569955,6250826.486669328995049],[429791.843636905250605,6250817.976276720874012],[429791.976458494027611,6250810.916591230779886],[429793.092206079221796,6250805.005953014828265],[429796.57080731698079,6250798.86211562808603],[429798.906857560912613,6250796.26014337874949]]}},
{"type":"Feature","properties":{"full_id":"w215255786","osm_id":"215255786","osm_type":"way","highway":"cycleway","service":null,"alt_name":null,"crossing:island":null,"crossing:markings":null,"cycleway:width":null,"cycleway":null,"crossing":null,"smoothness":null,"priority_road":null,"footway:surface":null,"cycleway:surface":null,"access":null,"source:width":null,"layer":null,"bridge":null,"motor_vehicle":null,"oneway:bicycle":null,"traffic_sign":null,"start_date":"2018","lit":"yes","segregated":null,"name":null,"foot":null,"bicycle":null,"width":"1.5","surface":"concrete","oneway":"yes"},"geometry":{"type":"LineString","coordinates":[[427289.217072735365946,6252114.711857019923627],[427291.586300008115359,6252121.69847895950079],[427294.96580765012186,6252132.758846727199852],[427307.249636753869709,6252165.381284904666245],[427313.924714417429641,6252184.579357523471117],[427318.302610831393395,6252198.100653939880431],[427320.988176567014307,6252206.030679492279887],[427325.30859974125633,6252220.110744738951325],[427338.625233172439039,6252262.113285327330232],[427340.845473441469949,6252270.563815264962614],[427342.480396246304736,6252275.189536745660007],[427351.41546765784733,6252300.533297618851066],[427372.404879615525715,6252361.902871589176357],[427373.146659847465344,6252366.922667209990323],[427372.716074238705914,6252370.356799522414804],[427371.79355265601771,6252376.73811533395201],[427371.96602851600619,6252379.835032527334988],[427373.005364013835788,6252383.829657820984721]]}},
{"type":"Feature","properties":{"full_id":"w234759976","osm_id":"234759976","osm_type":"way","highway":"cycleway","service":null,"alt_name":null,"crossing:island":null,"crossing:markings":null,"cycleway:width":null,"cycleway":null,"crossing":null,"smoothness":null,"priority_road":null,"footway:surface":null,"cycleway:surface":null,"access":null,"source:width":null,"layer":null,"bridge":null,"motor_vehicle":null,"oneway:bicycle":null,"traffic_sign":null,"start_date":null,"lit":"yes","segregated":null,"name":null,"foot":null,"bicycle":null,"width":"3.4","surface":"concrete","oneway":"no"},"geometry":{"type":"LineString","coordinates":[[427587.113227844412904,6251972.353975757025182],[427582.960542783897836,6251980.730787225067616],[427576.909052898117807,6251982.668312420137227],[427570.995431544666644,6251984.599978130310774],[427564.394378409953788,6251986.605401045642793],[427552.001332378771622,6251980.03402076009661]]}},
{"type":"Feature","properties":{"full_id":"w234759980","osm_id":"234759980","osm_type":"way","highway":"cycleway","service":null,"alt_name":null,"crossing:island":null,"crossing:markings":null,"cycleway:width":null,"cycleway":null,"crossing":null,"smoothness":null,"priority_road":null,"footway:surface":null,"cycleway:surface":null,"access":null,"source:width":null,"layer":null,"bridge":null,"motor_vehicle":null,"oneway:bicycle":null,"traffic_sign":null,"start_date":"2018","lit":null,"segregated":null,"name":null,"foot":null,"bicycle":null,"width":"1.5","surface":"concrete","oneway":"yes"},"geometry":{"type":"LineString","coordinates":[[426733.895713311911095,6250838.299183928407729],[426728.815832987020258,6250847.984614380635321],[426714.441134399210569,6250857.888619641773403],[426710.260925375856459,6250865.043331158347428],[426709.425004644843284,6250870.019185919314623],[426709.800576237088535,6250876.345290797762573],[426712.517102288722526,6250886.877479703165591],[426728.477101174998097,6250923.080975193530321],[426735.564628585765604,6250934.550450552254915],[426752.320669349108357,6250953.039954425767064],[426769.650031854747795,6250965.352063997648656],[426774.983630347880535,6250968.66276556905359],[426789.689344722137321,6250977.570867221802473],[426807.736051813990343,6250988.606299628503621],[426832.004604145302437,6251004.53911149315536],[426839.229301235172898,6251009.705219510011375],[426854.738599642878398,6251023.741892700083554],[426878.334642913134303,6251047.347465076483786],[426885.116469889529981,6251054.134724200703204],[426896.32780958537478,6251068.187870010733604],[426905.082760329009034,6251081.422273391857743],[426914.136161060421728,6251098.226697149686515],[426921.037983802729286,6251111.451121151447296],[426935.337874579417985,6251141.917748161591589],[426950.767004666151479,6251176.575448248535395],[426953.363385951553937,6251182.395179850049317],[426955.296059046231676,6251186.941407625563443],[426980.166023580706678,6251245.407922795042396],[427000.375169162696693,6251294.426501303911209],[427004.110459920659196,6251302.567638436332345],[427006.097462773206644,6251304.196418420411646],[427008.896530910104048,6251305.623686319217086],[427011.246721287898254,6251311.198016609996557],[427015.079003738821484,6251320.280775299295783],[427015.981594951474108,6251326.206099554896355],[427038.214945369050838,6251379.644690063782036],[427042.847660553932656,6251391.686364868655801],[427044.076535102969501,6251394.782782517373562],[427055.225982386560645,6251422.847005577757955],[427058.58856386464322,6251432.350349473766983],[427067.881523050076794,6251454.986100025475025],[427077.594228967325762,6251479.083790221251547],[427080.87373321200721,6251487.210997584275901],[427088.832368165371008,6251507.90086296480149],[427090.431051163177472,6251512.04966664686799],[427107.849354244943243,6251556.625504555180669]]}},
{"type":"Feature","properties":{"full_id":"w245767379","osm_id":"245767379","osm_type":"way","highway":"cycleway","service":null,"alt_name":null,"crossing:island":null,"crossing:markings":null,"cycleway:width":null,"cycleway":null,"crossing":null,"smoothness":null,"priority_road":null,"footway:surface":null,"cycleway:surface":null,"access":null,"source:width":null,"layer":null,"bridge":null,"motor_vehicle":null,"oneway:bicycle":null,"traffic_sign":null,"start_date":null,"lit":null,"segregated":null,"name":null,"foot":null,"bicycle":null,"width":"3","surface":"asphalt","oneway":"no"},"geometry":{"type":"LineString","coordinates":[[427751.32215256273048,6252227.808362734504044],[427745.931742160173599,6252229.239193070679903],[427690.286579063453246,6252247.115470083430409],[427685.157505906245206,6252248.768892710097134]]}},
{"type":"Feature","properties":{"full_id":"w245767382","osm_id":"245767382","osm_type":"way","highway":"cycleway","service":null,"alt_name":null,"crossing:island":null,"crossing:markings":null,"cycleway:width":null,"cycleway":null,"crossing":null,"smoothness":null,"priority_road":null,"footway:surface":null,"cycleway:surface":null,"access":null,"source:width":null,"layer":null,"bridge":null,"motor_vehicle":null,"oneway:bicycle":null,"traffic_sign":null,"start_date":null,"lit":null,"segregated":null,"name":null,"foot":null,"bicycle":null,"width":"1.5","surface":"concrete","oneway":"yes"},"geometry":{"type":"LineString","coordinates":[[427424.294145852036308,6252413.089307874441147],[427421.555244870309252,6252420.504802188836038],[427413.989414953626692,6252423.308059427887201],[427393.993066605413333,6252427.041073975153267],[427387.516267972590867,6252428.518466003239155],[427384.46552682708716,6252429.371565117500722]]}},
{"type":"Feature","properties":{"full_id":"w249716845","osm_id":"249716845","osm_type":"way","highway":"cycleway","service":null,"alt_name":null,"crossing:island":null,"crossing:markings":null,"cycleway:width":null,"cycleway":null,"crossing":null,"smoothness":null,"priority_road":null,"footway:surface":null,"cycleway:surface":null,"access":null,"source:width":null,"layer":null,"bridge":null,"motor_vehicle":null,"oneway:bicycle":null,"traffic_sign":null,"start_date":null,"lit":null,"segregated":null,"name":null,"foot":null,"bicycle":null,"width":"3.3","surface":"asphalt","oneway":"no"},"geometry":{"type":"LineString","coordinates":[[427700.017329608730506,6252323.1064074896276],[427692.681623945361935,6252328.269456264562905],[427691.280867391207721,6252336.785059592686594],[427684.563677952508442,6252344.647773251868784],[427674.406230102991685,6252349.363402002491057],[427666.578602202993352,6252349.262381387874484],[427659.977756675332785,6252347.061942719854414],[427655.294234788452741,6252343.144387093372643],[427648.313188536092639,6252342.128398821689188],[427640.732768548128661,6252345.165655806660652]]}},
{"type":"Feature","properties":{"full_id":"w288163944","osm_id":"288163944","osm_type":"way","highway":"cycleway","service":null,"alt_name":null,"crossing:island":null,"crossing:markings":null,"cycleway:width":null,"cycleway":null,"crossing":null,"smoothness":null,"priority_road":null,"footway:surface":null,"cycleway:surface":null,"access":null,"source:width":null,"layer":null,"bridge":null,"motor_vehicle":null,"oneway:bicycle":null,"traffic_sign":"FR:C113","start_date":null,"lit":null,"segregated":null,"name":"piste cyclable Léon Blum","foot":null,"bicycle":"designated","width":"2.7","surface":"asphalt","oneway":"no"},"geometry":{"type":"LineString","coordinates":[[430028.282267925853375,6252509.473514189943671],[430041.049592044379096,6252511.527619881555438],[430111.378742410510313,6252632.085487050004303],[430130.493358544481453,6252664.669403482228518],[430131.132583545171656,6252665.766202727332711],[430142.674627151223831,6252685.78523370064795],[430143.866363820969127,6252687.848974825814366],[430146.723285364452749,6252692.802091002464294],[430168.544598374457564,6252730.445673080161214],[430175.465832948393654,6252742.403881685808301],[430184.663802743540145,6252758.271563882939517],[430182.731876509031281,6252773.339883024804294],[430182.414616387395654,6252776.991499330848455],[430184.219834842137061,6252781.855431821197271]]}},
{"type":"Feature","properties":{"full_id":"w300918534","osm_id":"300918534","osm_type":"way","highway":"cycleway","service":null,"alt_name":null,"crossing:island":null,"crossing:markings":null,"cycleway:width":null,"cycleway":null,"crossing":null,"smoothness":null,"priority_road":null,"footway:surface":null,"cycleway:surface":null,"access":null,"source:width":null,"layer":null,"bridge":null,"motor_vehicle":null,"oneway:bicycle":null,"traffic_sign":null,"start_date":null,"lit":null,"segregated":null,"name":null,"foot":null,"bicycle":null,"width":null,"surface":"asphalt","oneway":null},"geometry":{"type":"LineString","coordinates":[[428885.575485232286155,6252673.813092394731939],[428884.209702184016351,6252668.608209257945418],[428995.503763292043004,6252629.928320980630815],[429006.152740392193664,6252628.565263242460787]]}},
{"type":"Feature","properties":{"full_id":"w375075265","osm_id":"375075265","osm_type":"way","highway":"cycleway","service":null,"alt_name":null,"crossing:island":null,"crossing:markings":null,"cycleway:width":null,"cycleway":null,"crossing":null,"smoothness":null,"priority_road":null,"footway:surface":null,"cycleway:surface":null,"access":null,"source:width":null,"layer":null,"bridge":null,"motor_vehicle":null,"oneway:bicycle":null,"traffic_sign":"FR:C115","start_date":null,"lit":"yes","segregated":"no","name":null,"foot":"yes","bicycle":null,"width":"2","surface":"paved","oneway":"yes"},"geometry":{"type":"LineString","coordinates":[[428727.103978500817902,6252542.648464921861887],[428742.574014023994096,6252537.153153809718788],[428834.486692162521649,6252505.566801664419472],[428969.643298692535609,6252458.844237888231874],[429027.87344759964617,6252438.110456299968064]]}},
{"type":"Feature","properties":{"full_id":"w454332472","osm_id":"454332472","osm_type":"way","highway":"cycleway","service":null,"alt_name":null,"crossing:island":null,"crossing:markings":null,"cycleway:width":null,"cycleway":null,"crossing":null,"smoothness":null,"priority_road":null,"footway:surface":null,"cycleway:surface":null,"access":null,"source:width":null,"layer":null,"bridge":null,"motor_vehicle":null,"oneway:bicycle":null,"traffic_sign":null,"start_date":null,"lit":null,"segregated":null,"name":null,"foot":null,"bicycle":null,"width":"2.4","surface":"asphalt","oneway":"no"},"geometry":{"type":"LineString","coordinates":[[429823.54189455480082,6250848.415792850777507],[429815.935357107606251,6250842.806346861645579],[429808.815744497289415,6250839.30149276740849],[429804.543266777705867,6250837.990807097405195],[429799.086911543447059,6250837.508910506032407],[429794.35845838818932,6250838.487235213629901],[429790.458168861048762,6250840.220592241734266],[429783.49553308240138,6250843.518445105291903],[429770.970154743292369,6250840.731260848231614]]}},
{"type":"Feature","properties":{"full_id":"w454333875","osm_id":"454333875","osm_type":"way","highway":"cycleway","service":null,"alt_name":null,"crossing:island":null,"crossing:markings":null,"cycleway:width":null,"cycleway":null,"crossing":null,"smoothness":null,"priority_road":null,"footway:surface":null,"cycleway:surface":null,"access":null,"source:width":null,"layer":null,"bridge":null,"motor_vehicle":null,"oneway:bicycle":null,"traffic_sign":null,"start_date":null,"lit":null,"segregated":null,"name":null,"foot":null,"bicycle":null,"width":"2","surface":"asphalt","oneway":"yes"},"geometry":{"type":"LineString","coordinates":[[429471.816575783770531,6250933.046878695487976],[429480.858798320929054,6250930.895863273181021],[429488.250213592662476,6250932.753304720856249],[429491.917582276975736,6250934.934937187470496],[429496.961419928295072,6250936.424235387705266],[429501.679620885988697,6250936.937047581188381],[429507.252509491168894,6250936.523660589940846],[429538.211178158060648,6250926.337432587519288]]}},
{"type":"Feature","properties":{"full_id":"w454334276","osm_id":"454334276","osm_type":"way","highway":"cycleway","service":null,"alt_name":null,"crossing:island":null,"crossing:markings":null,"cycleway:width":null,"cycleway":null,"crossing":null,"smoothness":null,"priority_road":null,"footway:surface":null,"cycleway:surface":null,"access":null,"source:width":null,"layer":null,"bridge":null,"motor_vehicle":null,"oneway:bicycle":null,"traffic_sign":null,"start_date":null,"lit":null,"segregated":null,"name":null,"foot":null,"bicycle":null,"width":"2","surface":"asphalt","oneway":"yes"},"geometry":{"type":"LineString","coordinates":[[429616.936681621766184,6250905.489487532526255],[429611.747409526607953,6250916.145048627629876],[429512.382419428380672,6250954.865716114640236],[429504.886690884188283,6250960.734322737902403],[429502.584320763300639,6250964.514374868944287],[429501.324305514397565,6250969.118257338181138],[429501.603367619856726,6250973.801779432222247],[429502.549620740581304,6250977.544764334335923],[429504.429983951791655,6250980.703107846900821],[429507.736998133128509,6250984.357514668256044],[429533.898552671133075,6250999.88651093095541],[429537.824354919604957,6251008.766422105021775]]}},
{"type":"Feature","properties":{"full_id":"w454447658","osm_id":"454447658","osm_type":"way","highway":"cycleway","service":null,"alt_name":null,"crossing:island":null,"crossing:markings":null,"cycleway:width":null,"cycleway":null,"crossing":null,"smoothness":null,"priority_road":null,"footway:surface":null,"cycleway:surface":null,"access":null,"source:width":null,"layer":null,"bridge":null,"motor_vehicle":null,"oneway:bicycle":null,"traffic_sign":"FR:C113","start_date":null,"lit":null,"segregated":null,"name":null,"foot":null,"bicycle":null,"width":"1.5","surface":"concrete","oneway":"yes"},"geometry":{"type":"LineString","coordinates":[[428620.754540105757769,6251003.254180547781289],[428623.470575296494644,6251007.522892637178302],[428611.342143375892192,6251036.164318197406828],[428603.618338378961198,6251057.531608679331839],[428602.441512040968519,6251076.930260201916099],[428606.584618259279523,6251099.91982270590961],[428640.080422064231243,6251289.262167127802968],[428643.855701155378483,6251298.014422552660108]]}},
{"type":"Feature","properties":{"full_id":"w454540453","osm_id":"454540453","osm_type":"way","highway":"cycleway","service":null,"alt_name":null,"crossing:island":null,"crossing:markings":null,"cycleway:width":null,"cycleway":null,"crossing":null,"smoothness":null,"priority_road":null,"footway:surface":null,"cycleway:surface":null,"access":null,"source:width":null,"layer":null,"bridge":null,"motor_vehicle":null,"oneway:bicycle":null,"traffic_sign":null,"start_date":null,"lit":null,"segregated":null,"name":null,"foot":null,"bicycle":null,"width":"1.3","surface":"concrete","oneway":"yes"},"geometry":{"type":"LineString","coordinates":[[426440.870189448760357,6252498.287645699456334],[426435.83222998783458,6252502.063346122391522],[426342.507656321802642,6252494.134762086905539],[426324.135400893166661,6252492.516670724377036],[426301.941979655239265,6252490.450009026564658],[426266.5553820564528,6252487.434219476766884],[426235.894763615797274,6252484.939783823676407],[426168.785115717968438,6252479.475668341852725],[426154.056755093159154,6252476.8232381939888],[426102.06235266092699,6252467.486713320016861],[426004.413632214942481,6252450.234831574372947],[425986.477264940156601,6252447.608788278885186],[425981.858538212662097,6252446.938575419597328],[425936.950217212957796,6252439.180502723902464],[425895.877660783356987,6252432.782867970876396],[425887.237993438437115,6252430.415599110536277],[425885.743111164483707,6252430.03453372605145],[425878.228151196788531,6252428.130947790108621]]}},
{"type":"Feature","properties":{"full_id":"w454541122","osm_id":"454541122","osm_type":"way","highway":"cycleway","service":null,"alt_name":null,"crossing:island":null,"crossing:markings":null,"cycleway:width":null,"cycleway":null,"crossing":null,"smoothness":null,"priority_road":null,"footway:surface":null,"cycleway:surface":null,"access":null,"source:width":null,"layer":null,"bridge":null,"motor_vehicle":null,"oneway:bicycle":null,"traffic_sign":null,"start_date":null,"lit":null,"segregated":null,"name":null,"foot":null,"bicycle":null,"width":"1.3","surface":"concrete","oneway":"yes"},"geometry":{"type":"LineString","coordinates":[[425886.052038855385035,6252417.704280258156359],[425891.327185795933474,6252421.561882167123258],[425893.113389605714474,6252422.865103526040912],[425897.985268999647815,6252424.70382528565824],[425925.537355194624979,6252429.721914379857481],[426019.746781138586812,6252445.183773999102414],[426058.909119565971196,6252451.942077128216624],[426133.719463279878255,6252465.353788861073554],[426155.616536975081544,6252469.034760804846883],[426175.999627134355251,6252472.457882560789585],[426318.762277902627829,6252484.267966699786484],[426323.140112464840058,6252484.626047964207828],[426328.398473511682823,6252485.057762711308897],[426329.425913320796099,6252485.147367162629962],[426388.981644342595246,6252490.079198545776308],[426400.110094909439795,6252489.859588107094169],[426409.397479302308057,6252488.950936303474009],[426436.560205863555893,6252491.150580468587577],[426439.109617212321609,6252498.151460103690624]]}},
{"type":"Feature","properties":{"full_id":"w543575647","osm_id":"543575647","osm_type":"way","highway":"cycleway","service":null,"alt_name":null,"crossing:island":null,"crossing:markings":null,"cycleway:width":null,"cycleway":null,"crossing":null,"smoothness":null,"priority_road":null,"footway:surface":null,"cycleway:surface":null,"access":null,"source:width":null,"layer":null,"bridge":null,"motor_vehicle":null,"oneway:bicycle":"yes","traffic_sign":null,"start_date":null,"lit":null,"segregated":"no","name":null,"foot":"designated","bicycle":"designated","width":null,"surface":null,"oneway":null},"geometry":{"type":"LineString","coordinates":[[429410.529434795200359,6250970.828474338166416],[429407.118252448912244,6250965.28703941218555],[429397.251171312876977,6250960.029496883042157],[429394.078626404225361,6250959.751866486854851],[429389.870351779391058,6250959.384483347646892],[429378.917323747242335,6250956.887676730751991],[429345.7593525047414,6250949.632523921318352],[429342.397810794238467,6250947.38241761084646],[429340.062919341726229,6250942.507616578601301],[429339.121187106589787,6250938.297153111547232]]}},
{"type":"Feature","properties":{"full_id":"w543575653","osm_id":"543575653","osm_type":"way","highway":"cycleway","service":null,"alt_name":null,"crossing:island":null,"crossing:markings":null,"cycleway:width":null,"cycleway":null,"crossing":null,"smoothness":null,"priority_road":null,"footway:surface":null,"cycleway:surface":null,"access":null,"source:width":null,"layer":null,"bridge":null,"motor_vehicle":null,"oneway:bicycle":null,"traffic_sign":null,"start_date":null,"lit":null,"segregated":null,"name":null,"foot":null,"bicycle":null,"width":"1.5","surface":"asphalt","oneway":"yes"},"geometry":{"type":"LineString","coordinates":[[429431.155149629397783,6250973.406254208646715],[429414.74473869468784,6250971.362468581646681],[429410.529434795200359,6250970.828474338166416]]}},
{"type":"Feature","properties":{"full_id":"w559765814","osm_id":"559765814","osm_type":"way","highway":"cycleway","service":null,"alt_name":null,"crossing:island":null,"crossing:markings":null,"cycleway:width":null,"cycleway":null,"crossing":null,"smoothness":null,"priority_road":null,"footway:surface":null,"cycleway:surface":null,"access":null,"source:width":null,"layer":null,"bridge":null,"motor_vehicle":null,"oneway:bicycle":null,"traffic_sign":null,"start_date":null,"lit":null,"segregated":null,"name":null,"foot":null,"bicycle":null,"width":"2","surface":"asphalt","oneway":"yes"},"geometry":{"type":"LineString","coordinates":[[429537.824354919604957,6251008.766422105021775],[429528.064301176113077,6251011.426106402650476],[429498.459651305223815,6251000.370695054531097],[429489.588035326800309,6250998.286480665206909],[429480.702571397414431,6250999.529633570462465],[429469.761058327159844,6250995.763789904303849]]}},
{"type":"Feature","properties":{"full_id":"w560657035","osm_id":"560657035","osm_type":"way","highway":"cycleway","service":null,"alt_name":null,"crossing:island":null,"crossing:markings":null,"cycleway:width":null,"cycleway":null,"crossing":null,"smoothness":null,"priority_road":null,"footway:surface":null,"cycleway:surface":null,"access":null,"source:width":null,"layer":null,"bridge":null,"motor_vehicle":null,"oneway:bicycle":null,"traffic_sign":null,"start_date":"2018","lit":null,"segregated":null,"name":null,"foot":null,"bicycle":null,"width":"3","surface":"concrete","oneway":"no"},"geometry":{"type":"LineString","coordinates":[[427317.189010495087132,6252422.244725450873375],[427321.639822005992755,6252417.259716045111418],[427324.836380557157099,6252408.956826931796968],[427323.970237180124968,6252402.162111298181117],[427330.495579192356672,6252399.725719248875976],[427339.859489150869194,6252396.22271959669888],[427353.333840686827898,6252391.187292936258018],[427373.005364013835788,6252383.829657820984721],[427379.850552844814956,6252403.788229770958424],[427382.41849342326168,6252405.715026224963367],[427381.36870731250383,6252413.114257757551968],[427382.582705426786561,6252421.974800596944988],[427384.46552682708716,6252429.371565117500722],[427379.905617073236499,6252433.893865822814405],[427378.340681084897369,6252438.733710240572691],[427379.075600348762237,6252445.500636648386717],[427372.219566729967482,6252448.373861978761852],[427363.703796705172863,6252451.951967064291239],[427355.195672062807716,6252455.518631878308952],[427348.978456781129353,6252458.131028164178133],[427344.384901059092954,6252453.086102483794093],[427338.428854623867664,6252449.812659931369126],[427332.032268004259095,6252447.258944161236286],[427324.597964468353894,6252446.663162532262504],[427324.229258083505556,6252438.768006737343967],[427320.882887881307397,6252428.863388067111373],[427317.189010495087132,6252422.244725450873375]]}},
{"type":"Feature","properties":{"full_id":"w563888474","osm_id":"563888474","osm_type":"way","highway":"cycleway","service":null,"alt_name":null,"crossing:island":null,"crossing:markings":null,"cycleway:width":null,"cycleway":null,"crossing":null,"smoothness":null,"priority_road":null,"footway:surface":null,"cycleway:surface":null,"access":null,"source:width":null,"layer":null,"bridge":null,"motor_vehicle":null,"oneway:bicycle":null,"traffic_sign":null,"start_date":null,"lit":null,"segregated":"no","name":null,"foot":"designated","bicycle":"designated","width":null,"surface":null,"oneway":null},"geometry":{"type":"LineString","coordinates":[[426643.872677612875123,6249636.418183884583414],[426644.441821090818848,6249633.75688324868679]]}},
{"type":"Feature","properties":{"full_id":"w679714021","osm_id":"679714021","osm_type":"way","highway":"cycleway","service":null,"alt_name":null,"crossing:island":null,"crossing:markings":null,"cycleway:width":null,"cycleway":null,"crossing":null,"smoothness":null,"priority_road":null,"footway:surface":null,"cycleway:surface":null,"access":null,"source:width":null,"layer":null,"bridge":null,"motor_vehicle":null,"oneway:bicycle":null,"traffic_sign":null,"start_date":null,"lit":null,"segregated":null,"name":null,"foot":null,"bicycle":null,"width":"1.5","surface":"asphalt","oneway":"yes"},"geometry":{"type":"LineString","coordinates":[[428335.191655062080827,6252456.524025910533965],[428336.209648891119286,6252443.563198484480381],[428377.891365504823625,6252424.960833661258221],[428394.211911307822447,6252417.681769914925098],[428444.767812460195273,6252395.120772293768823],[428449.128179350227583,6252393.155646460130811],[428451.515543079003692,6252398.49516203161329],[428461.353196942189243,6252394.083632204681635],[428465.098888561828062,6252391.799668566323817],[428469.386940020369366,6252387.745879618450999],[428471.976654424855951,6252382.33994515798986],[428472.40205256146146,6252377.237188323400915],[428477.155626323656179,6252377.647562310099602],[428482.716249824559782,6252378.123854958452284],[428488.948914341861382,6252374.3325374443084],[428490.383809827268124,6252371.579131195321679],[428491.796733589842916,6252368.88228839635849],[428501.725169670127798,6252362.586629454046488],[428504.782079893455375,6252360.343020668253303],[428519.25160748482449,6252350.594846389256418],[428548.645228821609635,6252330.511888404376805],[428627.040845164912753,6252279.535075047984719],[428646.233312200056389,6252269.46465312037617],[428648.603812216839287,6252269.041536665521562],[428654.221458926505875,6252273.354136015288532]]}},
{"type":"Feature","properties":{"full_id":"w680849581","osm_id":"680849581","osm_type":"way","highway":"cycleway","service":null,"alt_name":null,"crossing:island":null,"crossing:markings":null,"cycleway:width":null,"cycleway":null,"crossing":null,"smoothness":null,"priority_road":null,"footway:surface":null,"cycleway:surface":null,"access":null,"source:width":null,"layer":null,"bridge":null,"motor_vehicle":null,"oneway:bicycle":null,"traffic_sign":null,"start_date":null,"lit":null,"segregated":null,"name":"Rue Lavignotte","foot":null,"bicycle":null,"width":"1.55","surface":"concrete","oneway":"yes"},"geometry":{"type":"LineString","coordinates":[[428281.049249578092713,6250414.426547420211136],[428274.31753292598296,6250411.096022407524288],[428271.284442348231096,6250408.176045175641775],[428182.414218257996254,6250382.495057598687708],[428179.582948243711144,6250382.225781948305666],[428177.834285792720038,6250382.956452248618007],[428174.879608811927028,6250387.821717557497323],[428131.109685174713377,6250543.246852590702474]]}},
{"type":"Feature","properties":{"full_id":"w682080771","osm_id":"682080771","osm_type":"way","highway":"cycleway","service":null,"alt_name":null,"crossing:island":null,"crossing:markings":null,"cycleway:width":null,"cycleway":null,"crossing":null,"smoothness":null,"priority_road":null,"footway:surface":null,"cycleway:surface":null,"access":null,"source:width":null,"layer":null,"bridge":null,"motor_vehicle":null,"oneway:bicycle":null,"traffic_sign":null,"start_date":"2018","lit":null,"segregated":null,"name":null,"foot":null,"bicycle":null,"width":"1.5","surface":"concrete","oneway":"yes"},"geometry":{"type":"LineString","coordinates":[[427437.800303063064348,6252671.591792406514287],[427437.246152334089857,6252667.543135507963598],[427436.660110172058921,6252663.317814388312399],[427425.945664728409611,6252637.949643569067121],[427422.412929114711005,6252629.577241470105946],[427417.859862070123199,6252618.800477581098676]]}},
{"type":"Feature","properties":{"full_id":"w682083184","osm_id":"682083184","osm_type":"way","highway":"cycleway","service":null,"alt_name":null,"crossing:island":null,"crossing:markings":null,"cycleway:width":null,"cycleway":null,"crossing":null,"smoothness":null,"priority_road":null,"footway:surface":null,"cycleway:surface":null,"access":null,"source:width":null,"layer":null,"bridge":null,"motor_vehicle":null,"oneway:bicycle":null,"traffic_sign":null,"start_date":"2018","lit":null,"segregated":null,"name":null,"foot":null,"bicycle":null,"width":"1.5","surface":"concrete","oneway":"yes"},"geometry":{"type":"LineString","coordinates":[[427324.597964468353894,6252446.663162532262504],[427320.292156603594776,6252446.468227569013834],[427309.648727510764729,6252446.821350922808051],[427297.954896639566869,6252447.308238133788109],[427278.673292204388417,6252449.509116067551076],[427267.820247803349048,6252450.472061787731946],[427236.51822372112656,6252450.069680470041931],[427223.220518616086338,6252447.042329770512879]]}},
{"type":"Feature","properties":{"full_id":"w682083186","osm_id":"682083186","osm_type":"way","highway":"cycleway","service":null,"alt_name":null,"crossing:island":null,"crossing:markings":null,"cycleway:width":null,"cycleway":null,"crossing":null,"smoothness":null,"priority_road":null,"footway:surface":null,"cycleway:surface":null,"access":null,"source:width":null,"layer":null,"bridge":null,"motor_vehicle":null,"oneway:bicycle":null,"traffic_sign":null,"start_date":null,"lit":null,"segregated":null,"name":null,"foot":null,"bicycle":null,"width":"1.5","surface":"concrete","oneway":"yes"},"geometry":{"type":"LineString","coordinates":[[427382.41849342326168,6252405.715026224963367],[427386.668979126145132,6252405.945738522335887],[427399.236474719655234,6252407.469075903296471],[427409.667682985076681,6252408.426924769766629],[427416.329498134437017,6252408.432614367455244],[427433.023772599350195,6252405.563445922918618]]}},
{"type":"Feature","properties":{"full_id":"w682083188","osm_id":"682083188","osm_type":"way","highway":"cycleway","service":null,"alt_name":null,"crossing:island":null,"crossing:markings":null,"cycleway:width":null,"cycleway":null,"crossing":null,"smoothness":null,"priority_road":null,"footway:surface":null,"cycleway:surface":null,"access":null,"source:width":null,"layer":null,"bridge":null,"motor_vehicle":null,"oneway:bicycle":null,"traffic_sign":null,"start_date":"2018","lit":null,"segregated":null,"name":null,"foot":null,"bicycle":null,"width":"1.5","surface":"concrete","oneway":"yes"},"geometry":{"type":"LineString","coordinates":[[427379.075600348762237,6252445.500636648386717],[427380.444702118169516,6252449.03616557084024],[427384.462793598650023,6252455.830204742960632],[427387.010712228016928,6252457.668842819519341],[427391.342420835630037,6252459.998983373865485],[427391.698442166147288,6252462.064458123408258],[427390.081824747379869,6252466.072020906955004],[427388.655713727406692,6252469.593039250932634],[427388.768109123862814,6252472.614627797156572],[427439.253303570498247,6252592.176753578707576]]}},
{"type":"Feature","properties":{"full_id":"w682084745","osm_id":"682084745","osm_type":"way","highway":"cycleway","service":null,"alt_name":null,"crossing:island":null,"crossing:markings":null,"cycleway:width":null,"cycleway":null,"crossing":null,"smoothness":null,"priority_road":null,"footway:surface":null,"cycleway:surface":null,"access":null,"source:width":null,"layer":null,"bridge":null,"motor_vehicle":null,"oneway:bicycle":null,"traffic_sign":null,"start_date":"2018","lit":"yes","segregated":null,"name":null,"foot":null,"bicycle":null,"width":"1.5","surface":"concrete","oneway":"yes"},"geometry":{"type":"LineString","coordinates":[[427497.520372404716909,6252675.503173897042871],[427501.474574613268487,6252675.457278142683208],[427509.317635554762091,6252675.357148431241512],[427536.053539041196927,6252676.344533120281994],[427546.810602887242567,6252677.144074307754636]]}},
{"type":"Feature","properties":{"full_id":"w682084747","osm_id":"682084747","osm_type":"way","highway":"cycleway","service":null,"alt_name":null,"crossing:island":null,"crossing:markings":null,"cycleway:width":null,"cycleway":null,"crossing":null,"smoothness":null,"priority_road":null,"footway:surface":null,"cycleway:surface":null,"access":null,"source:width":null,"layer":null,"bridge":null,"motor_vehicle":null,"oneway:bicycle":null,"traffic_sign":null,"start_date":null,"lit":null,"segregated":null,"name":null,"foot":null,"bicycle":null,"width":"1.5","surface":"concrete","oneway":"yes"},"geometry":{"type":"LineString","coordinates":[[427553.870609765639529,6252687.469325925223529],[427544.100995058193803,6252692.502466620877385],[427537.737940038205124,6252696.456049920991063],[427523.970035309379455,6252699.734504174441099],[427512.63677784067113,6252703.910748516209424],[427505.567353847669438,6252705.390997443348169],[427501.643966875795741,6252705.969644740223885]]}},
{"type":"Feature","properties":{"full_id":"w682084755","osm_id":"682084755","osm_type":"way","highway":"cycleway","service":null,"alt_name":null,"crossing:island":null,"crossing:markings":null,"cycleway:width":null,"cycleway":null,"crossing":null,"smoothness":null,"priority_road":null,"footway:surface":null,"cycleway:surface":null,"access":null,"source:width":null,"layer":null,"bridge":null,"motor_vehicle":null,"oneway:bicycle":null,"traffic_sign":null,"start_date":null,"lit":null,"segregated":null,"name":null,"foot":null,"bicycle":null,"width":"1.5","surface":"concrete","oneway":"yes"},"geometry":{"type":"LineString","coordinates":[[427439.283864683704451,6252712.740654487162828],[427434.502329572220333,6252712.243238009512424]]}},
{"type":"Feature","properties":{"full_id":"w682124192","osm_id":"682124192","osm_type":"way","highway":"cycleway","service":null,"alt_name":null,"crossing:island":null,"crossing:markings":null,"cycleway:width":null,"cycleway":null,"crossing":null,"smoothness":null,"priority_road":null,"footway:surface":null,"cycleway:surface":null,"access":null,"source:width":null,"layer":null,"bridge":null,"motor_vehicle":null,"oneway:bicycle":null,"traffic_sign":null,"start_date":null,"lit":null,"segregated":null,"name":null,"foot":null,"bicycle":null,"width":"1.5","surface":"concrete","oneway":"yes"},"geometry":{"type":"LineString","coordinates":[[427212.182540054840501,6251601.459532728418708],[427202.88183979439782,6251606.473193656653166],[427198.751594067958649,6251608.696402004919946],[427195.690134481177665,6251609.116104241460562],[427190.256183872756083,6251612.396235687658191],[427186.102690791653004,6251612.929221927188337],[427180.98779339378234,6251611.11098042037338],[427175.260384809633251,6251611.889048052020371],[427162.812277552729938,6251613.587655168026686],[427157.597299613349605,6251614.188136702403426],[427149.146583767025732,6251617.02938477229327],[427145.404217528353911,6251617.86754824500531],[427140.783179683377966,6251618.487243532203138],[427135.968444877420552,6251619.137448220513761]]}},
{"type":"Feature","properties":{"full_id":"w682124193","osm_id":"682124193","osm_type":"way","highway":"cycleway","service":null,"alt_name":null,"crossing:island":null,"crossing:markings":null,"cycleway:width":null,"cycleway":null,"crossing":null,"smoothness":null,"priority_road":null,"footway:surface":null,"cycleway:surface":null,"access":null,"source:width":null,"layer":null,"bridge":null,"motor_vehicle":null,"oneway:bicycle":null,"traffic_sign":null,"start_date":"2018","lit":"yes","segregated":null,"name":null,"foot":null,"bicycle":null,"width":"3","surface":"concrete","oneway":"no"},"geometry":{"type":"LineString","coordinates":[[427135.968444877420552,6251619.137448220513761],[427132.399315710994415,6251621.181021823547781],[427129.933792027586605,6251624.145575162954628],[427128.677240457211155,6251628.215767016634345],[427129.09314554912271,6251632.637501511722803],[427120.238442672474775,6251635.340232299640775],[427106.690294125699438,6251639.822933174669743],[427091.777638492872939,6251644.697606106288731],[427088.56860678672092,6251645.657719287090003],[427083.277855161868501,6251647.529908016324043],[427065.316328070242889,6251653.880879487842321],[427061.606593863922171,6251638.517576186917722],[427060.770240539452061,6251630.141617076471448],[427060.513493104255758,6251627.548967690207064],[427059.30407014710363,6251619.188908345997334],[427056.579459992412012,6251599.488801583647728],[427055.513267980364617,6251592.201903420500457],[427058.395011151849758,6251591.378114585764706],[427061.701895626552869,6251588.900617335923016],[427064.313366312766448,6251578.875637429766357],[427071.672187447780743,6251575.769270922988653],[427080.086356146435719,6251572.451040483079851],[427092.889158658566885,6251567.443726478144526],[427103.83933778735809,6251563.004948807880282],[427110.664208696805872,6251560.333060750737786],[427112.88303164113313,6251564.544453689828515],[427117.678892762225587,6251574.509681804105639],[427123.544633320299909,6251580.790971896611154],[427131.268631545535754,6251582.631515813991427],[427132.587328101333696,6251592.032818011008203],[427134.82981094106799,6251610.52958021312952],[427135.968444877420552,6251619.137448220513761]]}},
{"type":"Feature","properties":{"full_id":"w682124195","osm_id":"682124195","osm_type":"way","highway":"cycleway","service":null,"alt_name":null,"crossing:island":null,"crossing:markings":null,"cycleway:width":null,"cycleway":null,"crossing":null,"smoothness":null,"priority_road":null,"footway:surface":null,"cycleway:surface":null,"access":null,"source:width":null,"layer":null,"bridge":null,"motor_vehicle":null,"oneway:bicycle":null,"traffic_sign":null,"start_date":null,"lit":null,"segregated":null,"name":null,"foot":null,"bicycle":null,"width":"1.5","surface":"concrete","oneway":"yes"},"geometry":{"type":"LineString","coordinates":[[427129.09314554912271,6251632.637501511722803],[427130.708340937679168,6251637.175031604245305]]}},
{"type":"Feature","properties":{"full_id":"w682126532","osm_id":"682126532","osm_type":"way","highway":"cycleway","service":null,"alt_name":null,"crossing:island":null,"crossing:markings":null,"cycleway:width":null,"cycleway":null,"crossing":null,"smoothness":null,"priority_road":null,"footway:surface":null,"cycleway:surface":null,"access":null,"source:width":null,"layer":null,"bridge":null,"motor_vehicle":null,"oneway:bicycle":null,"traffic_sign":null,"start_date":null,"lit":null,"segregated":null,"name":null,"foot":null,"bicycle":null,"width":"1.5","surface":"concrete","oneway":"yes"},"geometry":{"type":"LineString","coordinates":[[427131.268631545535754,6251582.631515813991427],[427136.188499035255518,6251582.922578169032931]]}},
{"type":"Feature","properties":{"full_id":"w682126533","osm_id":"682126533","osm_type":"way","highway":"cycleway","service":null,"alt_name":null,"crossing:island":null,"crossing:markings":null,"cycleway:width":null,"cycleway":null,"crossing":null,"smoothness":null,"priority_road":null,"footway:surface":null,"cycleway:surface":null,"access":null,"source:width":null,"layer":null,"bridge":null,"motor_vehicle":null,"oneway:bicycle":null,"traffic_sign":null,"start_date":"2018","lit":"yes","segregated":null,"name":null,"foot":null,"bicycle":null,"width":"1.5","surface":"concrete","oneway":"yes"},"geometry":{"type":"LineString","coordinates":[[427027.32994068734115,6251604.640892753377557],[427035.206686472054571,6251599.008951404131949],[427043.517707039660309,6251594.41552438121289],[427051.762376322585624,6251592.840208540670574],[427055.513267980364617,6251592.201903420500457]]}},
{"type":"Feature","properties":{"full_id":"w682126534","osm_id":"682126534","osm_type":"way","highway":"cycleway","service":null,"alt_name":null,"crossing:island":null,"crossing:markings":null,"cycleway:width":null,"cycleway":null,"crossing":null,"smoothness":null,"priority_road":null,"footway:surface":null,"cycleway:surface":null,"access":null,"source:width":null,"layer":null,"bridge":null,"motor_vehicle":null,"oneway:bicycle":null,"traffic_sign":null,"start_date":null,"lit":"yes","segregated":null,"name":null,"foot":null,"bicycle":null,"width":"1.5","surface":"concrete","oneway":"yes"},"geometry":{"type":"LineString","coordinates":[[427064.313366312766448,6251578.875637429766357],[427063.763045748579316,6251573.970067635178566]]}},
{"type":"Feature","properties":{"full_id":"w682126536","osm_id":"682126536","osm_type":"way","highway":"cycleway","service":null,"alt_name":null,"crossing:island":null,"crossing:markings":null,"cycleway:width":null,"cycleway":null,"crossing":null,"smoothness":null,"priority_road":null,"footway:surface":null,"cycleway:surface":null,"access":null,"source:width":null,"layer":null,"bridge":null,"motor_vehicle":null,"oneway:bicycle":null,"traffic_sign":null,"start_date":"2018","lit":"no","segregated":null,"name":null,"foot":null,"bicycle":null,"width":"1.5","surface":"concrete","oneway":"yes"},"geometry":{"type":"LineString","coordinates":[[427060.513493104255758,6251627.548967690207064],[427057.428728126047645,6251627.802833002060652],[427049.663390367059037,6251628.423090216703713],[427037.995038615830708,6251626.684009737335145],[427033.689488554024138,6251626.889782894402742],[427026.592794556927402,6251623.754201938398182]]}},
{"type":"Feature","properties":{"full_id":"w682228950","osm_id":"682228950","osm_type":"way","highway":"cycleway","service":null,"alt_name":null,"crossing:island":null,"crossing:markings":null,"cycleway:width":null,"cycleway":null,"crossing":null,"smoothness":null,"priority_road":null,"footway:surface":null,"cycleway:surface":null,"access":null,"source:width":null,"layer":null,"bridge":null,"motor_vehicle":null,"oneway:bicycle":null,"traffic_sign":null,"start_date":null,"lit":null,"segregated":null,"name":null,"foot":null,"bicycle":null,"width":null,"surface":"asphalt","oneway":"yes"},"geometry":{"type":"LineString","coordinates":[[426953.056136707775295,6251615.985222983174026],[426959.203322732937522,6251610.760722694918513],[426978.94196069217287,6251604.355942447669804],[426987.922219147556461,6251601.358374542556703]]}},
{"type":"Feature","properties":{"full_id":"w682229540","osm_id":"682229540","osm_type":"way","highway":"cycleway","service":null,"alt_name":null,"crossing:island":null,"crossing:markings":null,"cycleway:width":null,"cycleway":null,"crossing":null,"smoothness":null,"priority_road":null,"footway:surface":null,"cycleway:surface":null,"access":null,"source:width":null,"layer":null,"bridge":null,"motor_vehicle":null,"oneway:bicycle":null,"traffic_sign":null,"start_date":null,"lit":null,"segregated":null,"name":null,"foot":null,"bicycle":null,"width":"1.6","surface":"concrete","oneway":"yes"},"geometry":{"type":"LineString","coordinates":[[427042.847660553932656,6251391.686364868655801],[427038.524942633579485,6251392.827484184876084],[427029.437223066634033,6251395.217595282010734],[427008.961150929972064,6251400.540984381921589],[427001.624011950741988,6251402.444834414869547],[426996.167677067220211,6251403.867962873540819]]}},
{"type":"Feature","properties":{"full_id":"w682234678","osm_id":"682234678","osm_type":"way","highway":"cycleway","service":null,"alt_name":null,"crossing:island":null,"crossing:markings":null,"cycleway:width":null,"cycleway":null,"crossing":null,"smoothness":null,"priority_road":null,"footway:surface":null,"cycleway:surface":null,"access":null,"source:width":null,"layer":null,"bridge":null,"motor_vehicle":null,"oneway:bicycle":null,"traffic_sign":null,"start_date":"2018","lit":null,"segregated":null,"name":null,"foot":null,"bicycle":null,"width":"2.5","surface":"concrete","oneway":"no"},"geometry":{"type":"LineString","coordinates":[[427224.203988432069309,6251935.174565917812288],[427218.843566344527062,6251936.359777395613492],[427203.592578239215072,6251932.514374045655131]]}},
{"type":"Feature","properties":{"full_id":"w683116716","osm_id":"683116716","osm_type":"way","highway":"cycleway","service":null,"alt_name":null,"crossing:island":null,"crossing:markings":null,"cycleway:width":null,"cycleway":null,"crossing":null,"smoothness":null,"priority_road":null,"footway:surface":null,"cycleway:surface":null,"access":null,"source:width":null,"layer":null,"bridge":null,"motor_vehicle":null,"oneway:bicycle":null,"traffic_sign":null,"start_date":null,"lit":null,"segregated":null,"name":null,"foot":null,"bicycle":null,"width":null,"surface":null,"oneway":null},"geometry":{"type":"LineString","coordinates":[[428174.879608811927028,6250387.821717557497323],[428172.505821530940011,6250386.843189454637468],[428170.859063807700295,6250386.145349111407995],[428169.982251511770301,6250385.782007040455937],[428173.340642326860689,6250372.621513554826379]]}},
{"type":"Feature","properties":{"full_id":"w690950117","osm_id":"690950117","osm_type":"way","highway":"cycleway","service":null,"alt_name":null,"crossing:island":null,"crossing:markings":null,"cycleway:width":null,"cycleway":null,"crossing":null,"smoothness":null,"priority_road":null,"footway:surface":null,"cycleway:surface":null,"access":null,"source:width":null,"layer":null,"bridge":null,"motor_vehicle":null,"oneway:bicycle":null,"traffic_sign":null,"start_date":null,"lit":null,"segregated":null,"name":null,"foot":"yes","bicycle":null,"width":null,"surface":"asphalt","oneway":"no"},"geometry":{"type":"LineString","coordinates":[[427141.212528706004377,6254232.15098200365901],[427141.509936993650626,6254226.552920604124665],[427107.954368778213393,6254145.270624893717468]]}},
{"type":"Feature","properties":{"full_id":"w690950118","osm_id":"690950118","osm_type":"way","highway":"cycleway","service":null,"alt_name":null,"crossing:island":null,"crossing:markings":null,"cycleway:width":null,"cycleway":null,"crossing":null,"smoothness":null,"priority_road":null,"footway:surface":null,"cycleway:surface":null,"access":null,"source:width":null,"layer":null,"bridge":null,"motor_vehicle":null,"oneway:bicycle":null,"traffic_sign":null,"start_date":null,"lit":null,"segregated":null,"name":null,"foot":"yes","bicycle":null,"width":null,"surface":null,"oneway":"yes"},"geometry":{"type":"LineString","coordinates":[[427107.954368778213393,6254145.270624893717468],[427103.43262166378554,6254143.794445887207985],[427099.669157699099742,6254145.245532314293087],[427093.062757327163126,6254147.641164530999959],[427089.560133217077237,6254139.779571928083897],[427083.764652814134024,6254125.762765215709805],[427077.879082823288627,6254111.538402939215302],[427071.395921798772179,6254095.870853023603559],[427065.103341520240065,6254080.673611117526889],[427059.126681693363935,6254066.219489895738661],[427053.820005560119171,6254053.383495189249516],[427047.319103116751648,6254037.683335959911346],[427040.989728852116968,6254022.387539046816528],[427034.976753424154595,6254007.845968093723059],[427028.991389802831691,6253993.381106805056334],[427022.870660005311947,6253978.599358325824142],[427017.509999666945077,6253965.643292537890375],[427013.800400943553541,6253955.598669399507344],[427009.248274360317737,6253951.509164364077151]]}},
{"type":"Feature","properties":{"full_id":"w690950214","osm_id":"690950214","osm_type":"way","highway":"cycleway","service":null,"alt_name":null,"crossing:island":null,"crossing:markings":null,"cycleway:width":null,"cycleway":null,"crossing":null,"smoothness":null,"priority_road":null,"footway:surface":null,"cycleway:surface":null,"access":null,"source:width":null,"layer":null,"bridge":null,"motor_vehicle":null,"oneway:bicycle":null,"traffic_sign":null,"start_date":null,"lit":null,"segregated":null,"name":null,"foot":null,"bicycle":null,"width":null,"surface":null,"oneway":null},"geometry":{"type":"LineString","coordinates":[[426879.694809710781556,6253992.249869820661843],[426878.158220211684238,6253987.264086503535509]]}},
{"type":"Feature","properties":{"full_id":"w691018799","osm_id":"691018799","osm_type":"way","highway":"cycleway","service":null,"alt_name":null,"crossing:island":null,"crossing:markings":null,"cycleway:width":null,"cycleway":null,"crossing":null,"smoothness":null,"priority_road":null,"footway:surface":null,"cycleway:surface":null,"access":null,"source:width":null,"layer":null,"bridge":null,"motor_vehicle":null,"oneway:bicycle":null,"traffic_sign":null,"start_date":null,"lit":null,"segregated":null,"name":null,"foot":null,"bicycle":null,"width":null,"surface":null,"oneway":null},"geometry":{"type":"LineString","coordinates":[[426541.56534498615656,6249629.59125638846308],[426541.484062134753913,6249626.735177032649517]]}},
{"type":"Feature","properties":{"full_id":"w715172101","osm_id":"715172101","osm_type":"way","highway":"cycleway","service":null,"alt_name":null,"crossing:island":null,"crossing:markings":null,"cycleway:width":null,"cycleway":null,"crossing":null,"smoothness":null,"priority_road":null,"footway:surface":null,"cycleway:surface":null,"access":null,"source:width":null,"layer":null,"bridge":null,"motor_vehicle":"no","oneway:bicycle":null,"traffic_sign":"FR:C113","start_date":null,"lit":null,"segregated":"no","name":"Allée de la Laïcité","foot":"designated","bicycle":"designated","width":null,"surface":"asphalt","oneway":null},"geometry":{"type":"LineString","coordinates":[[427009.248274360317737,6253951.509164364077151],[427005.469252934737597,6253948.788606761954725],[426997.825449506170116,6253946.288497027941048],[426989.21796834631823,6253944.997754934243858],[426957.794206596561708,6253956.807802587747574],[426934.915874118625652,6253965.40516094956547],[426917.010363741661422,6253973.100638510659337],[426893.538893834338523,6253981.690071954391897],[426892.387095471494831,6253982.106378035619855],[426884.187019622302614,6253990.745311112143099],[426879.694809710781556,6253992.249869820661843],[426878.773857433232479,6253992.556192858144641],[426874.682269793760497,6253993.932399860583246],[426860.469336512207519,6253991.467951526865363],[426784.653497271996457,6254018.546931721270084],[426726.174045883119106,6254039.434850805439055],[426725.374239451193716,6254039.724898552522063],[426691.281794787559193,6254045.697633440606296]]}},
{"type":"Feature","properties":{"full_id":"w720574584","osm_id":"720574584","osm_type":"way","highway":"cycleway","service":null,"alt_name":null,"crossing:island":null,"crossing:markings":null,"cycleway:width":null,"cycleway":null,"crossing":null,"smoothness":null,"priority_road":null,"footway:surface":null,"cycleway:surface":null,"access":null,"source:width":null,"layer":null,"bridge":null,"motor_vehicle":null,"oneway:bicycle":null,"traffic_sign":null,"start_date":null,"lit":null,"segregated":null,"name":"Boulevard Hauterive","foot":null,"bicycle":null,"width":"3","surface":"concrete","oneway":"no"},"geometry":{"type":"LineString","coordinates":[[428340.636903856415302,6252851.387465123087168],[428357.804473031545058,6252844.762170447967947],[428469.256439763179515,6252804.764449197798967],[428472.369736885942984,6252803.664435868151486],[428485.026696668122895,6252799.088863016106188],[428487.051611366972793,6252794.352216692641377]]}},
{"type":"Feature","properties":{"full_id":"w720574585","osm_id":"720574585","osm_type":"way","highway":"cycleway","service":null,"alt_name":null,"crossing:island":null,"crossing:markings":null,"cycleway:width":null,"cycleway":null,"crossing":null,"smoothness":null,"priority_road":null,"footway:surface":null,"cycleway:surface":null,"access":null,"source:width":null,"layer":null,"bridge":null,"motor_vehicle":null,"oneway:bicycle":null,"traffic_sign":null,"start_date":null,"lit":null,"segregated":null,"name":"Avenue de Buros","foot":null,"bicycle":null,"width":"2.8","surface":"concrete","oneway":"no"},"geometry":{"type":"LineString","coordinates":[[428487.051611366972793,6252794.352216692641377],[428486.761908369953744,6252791.160137074999511],[428466.321570559113752,6252733.068844907917082],[428462.040198736300226,6252719.843252567574382]]}},
{"type":"Feature","properties":{"full_id":"w720574586","osm_id":"720574586","osm_type":"way","highway":"cycleway","service":null,"alt_name":null,"crossing:island":null,"crossing:markings":null,"cycleway:width":null,"cycleway":null,"crossing":null,"smoothness":null,"priority_road":null,"footway:surface":null,"cycleway:surface":null,"access":null,"source:width":null,"layer":null,"bridge":null,"motor_vehicle":null,"oneway:bicycle":null,"traffic_sign":null,"start_date":null,"lit":null,"segregated":null,"name":"Avenue de Buros","foot":null,"bicycle":null,"width":"3","surface":"concrete","oneway":"no"},"geometry":{"type":"LineString","coordinates":[[428462.040198736300226,6252719.843252567574382],[428467.117949801846407,6252718.326140149496496],[428472.947096111485735,6252716.521263173781335],[428478.679144545516465,6252714.342215898446739],[428472.526720646535978,6252699.137598814442754],[428463.889955275983084,6252674.581006030552089],[428460.297165397554636,6252660.736513740383089],[428459.169778088398743,6252650.626032838597894],[428459.895044714270625,6252641.293706333264709],[428461.699967484222725,6252633.284125538542867],[428464.691848505288363,6252626.637246398255229],[428472.350227207294665,6252619.692341193556786],[428496.417329212126788,6252609.281209290027618],[428517.755460079177283,6252599.264032807201147]]}},
{"type":"Feature","properties":{"full_id":"w720585917","osm_id":"720585917","osm_type":"way","highway":"cycleway","service":null,"alt_name":null,"crossing:island":null,"crossing:markings":null,"cycleway:width":null,"cycleway":null,"crossing":null,"smoothness":null,"priority_road":null,"footway:surface":null,"cycleway:surface":null,"access":null,"source:width":null,"layer":null,"bridge":null,"motor_vehicle":null,"oneway:bicycle":null,"traffic_sign":null,"start_date":null,"lit":null,"segregated":null,"name":null,"foot":null,"bicycle":null,"width":"3","surface":"concrete","oneway":"no"},"geometry":{"type":"LineString","coordinates":[[428381.189936474489514,6252947.366733119823039],[428380.218438073119614,6252950.890466999262571],[428375.939118699985556,6252960.117661034688354],[428373.498634644085541,6252965.394907624460757],[428373.207480287237559,6252974.04123848490417],[428374.342043412150815,6252980.679988404735923]]}},
{"type":"Feature","properties":{"full_id":"w720585918","osm_id":"720585918","osm_type":"way","highway":"cycleway","service":null,"alt_name":null,"crossing:island":null,"crossing:markings":null,"cycleway:width":null,"cycleway":null,"crossing":null,"smoothness":null,"priority_road":null,"footway:surface":null,"cycleway:surface":null,"access":null,"source:width":null,"layer":"1","bridge":"yes","motor_vehicle":null,"oneway:bicycle":null,"traffic_sign":null,"start_date":null,"lit":null,"segregated":null,"name":null,"foot":null,"bicycle":null,"width":"3","surface":"asphalt","oneway":"no"},"geometry":{"type":"LineString","coordinates":[[428377.860564666276332,6252996.218745615333319],[428374.342043412150815,6252980.679988404735923]]}},
{"type":"Feature","properties":{"full_id":"w720585919","osm_id":"720585919","osm_type":"way","highway":"cycleway","service":null,"alt_name":null,"crossing:island":null,"crossing:markings":null,"cycleway:width":null,"cycleway":null,"crossing":null,"smoothness":null,"priority_road":null,"footway:surface":null,"cycleway:surface":null,"access":null,"source:width":null,"layer":null,"bridge":null,"motor_vehicle":null,"oneway:bicycle":null,"traffic_sign":null,"start_date":null,"lit":null,"segregated":null,"name":null,"foot":null,"bicycle":null,"width":"3","surface":"concrete","oneway":"no"},"geometry":{"type":"LineString","coordinates":[[428377.860564666276332,6252996.218745615333319],[428378.983308536873665,6252999.898411597125232],[428381.242653935332783,6253007.201524533331394],[428387.660178159014322,6253018.890002530068159],[428397.428528999909759,6253033.740837149322033],[428408.19252525997581,6253053.489504824392498],[428419.984669590601698,6253077.945482219569385],[428430.458619689452462,6253103.881545526906848],[428435.744364838174079,6253119.723646428436041],[428443.306733007542789,6253137.916960674338043],[428442.13643039856106,6253140.392119511961937],[428441.302123045315966,6253140.638904954306781],[428436.545280387799721,6253142.053427212871611],[428433.323352852079552,6253143.269333113916218],[428432.117280651116744,6253143.943559574894607],[428430.475148264144082,6253144.869933480396867],[428428.32539518608246,6253146.084869271144271],[428427.400004974973854,6253149.929296867921948],[428431.145777388068382,6253161.063550884835422],[428432.992599974502809,6253166.303559562191367],[428430.822929484944325,6253181.794307862408459],[428429.465121018409263,6253190.764020781032741],[428425.181209671776742,6253199.880103626288474],[428413.472167555592023,6253200.165384977124631],[428410.287414844380692,6253197.852707920596004],[428408.292182454606518,6253196.390798133797944],[428407.059763300407212,6253195.486220885068178],[428403.05307831853861,6253192.563091782853007]]}},
{"type":"Feature","properties":{"full_id":"w722314050","osm_id":"722314050","osm_type":"way","highway":"cycleway","service":null,"alt_name":null,"crossing:island":null,"crossing:markings":null,"cycleway:width":null,"cycleway":null,"crossing":null,"smoothness":null,"priority_road":null,"footway:surface":null,"cycleway:surface":null,"access":null,"source:width":null,"layer":null,"bridge":null,"motor_vehicle":null,"oneway:bicycle":null,"traffic_sign":null,"start_date":null,"lit":null,"segregated":null,"name":null,"foot":null,"bicycle":null,"width":"1.3","surface":"concrete","oneway":"yes"},"geometry":{"type":"LineString","coordinates":[[426282.011206473514903,6252409.233193374238908],[426283.312462781439535,6252414.017580425366759],[426299.28596689220285,6252439.526473486796021],[426317.357082055299543,6252467.927630637772381],[426325.949767482816242,6252481.746599862352014],[426327.487171003653202,6252483.883928522467613],[426329.425913320796099,6252485.147367162629962]]}},
{"type":"Feature","properties":{"full_id":"w722314051","osm_id":"722314051","osm_type":"way","highway":"cycleway","service":null,"alt_name":null,"crossing:island":null,"crossing:markings":null,"cycleway:width":null,"cycleway":null,"crossing":null,"smoothness":null,"priority_road":null,"footway:surface":null,"cycleway:surface":null,"access":null,"source:width":null,"layer":null,"bridge":null,"motor_vehicle":null,"oneway:bicycle":null,"traffic_sign":null,"start_date":null,"lit":null,"segregated":null,"name":null,"foot":null,"bicycle":null,"width":"1.4","surface":"concrete","oneway":"yes"},"geometry":{"type":"LineString","coordinates":[[426324.135400893166661,6252492.516670724377036],[426321.717785913671833,6252488.792501976713538],[426318.762277902627829,6252484.267966699786484],[426310.919179839664139,6252471.640877494588494],[426298.597535486333072,6252451.739374092780054],[426273.477488357690163,6252412.001306659542024],[426259.343055612349417,6252389.417990412563086],[426254.672198797110468,6252382.207445685751736],[426234.761119092640001,6252349.545767359435558],[426230.044877037231345,6252342.415061833336949]]}},
{"type":"Feature","properties":{"full_id":"w722314052","osm_id":"722314052","osm_type":"way","highway":"cycleway","service":null,"alt_name":null,"crossing:island":null,"crossing:markings":null,"cycleway:width":null,"cycleway":null,"crossing":null,"smoothness":null,"priority_road":null,"footway:surface":null,"cycleway:surface":null,"access":null,"source:width":null,"layer":null,"bridge":null,"motor_vehicle":null,"oneway:bicycle":null,"traffic_sign":null,"start_date":null,"lit":null,"segregated":null,"name":null,"foot":null,"bicycle":null,"width":"1.4","surface":"concrete","oneway":"yes"},"geometry":{"type":"LineString","coordinates":[[426212.502172014152166,6252313.46855612937361],[426207.074087509827223,6252304.321028051897883],[426193.224094546982087,6252281.180460717529058],[426187.314218543295283,6252271.786510813049972]]}},
{"type":"Feature","properties":{"full_id":"w722314053","osm_id":"722314053","osm_type":"way","highway":"cycleway","service":null,"alt_name":null,"crossing:island":null,"crossing:markings":null,"cycleway:width":null,"cycleway":null,"crossing":null,"smoothness":null,"priority_road":null,"footway:surface":null,"cycleway:surface":null,"access":null,"source:width":null,"layer":null,"bridge":null,"motor_vehicle":null,"oneway:bicycle":null,"traffic_sign":null,"start_date":null,"lit":null,"segregated":null,"name":null,"foot":null,"bicycle":null,"width":"1.4","surface":"concrete","oneway":"yes"},"geometry":{"type":"LineString","coordinates":[[426179.746538738021627,6252260.672092083841562],[426177.918703223462217,6252257.634838969446719],[426160.376032806758303,6252233.82887402549386],[426155.170622578065377,6252227.041797917336226]]}},
{"type":"Feature","properties":{"full_id":"w722314054","osm_id":"722314054","osm_type":"way","highway":"cycleway","service":null,"alt_name":null,"crossing:island":null,"crossing:markings":null,"cycleway:width":null,"cycleway":null,"crossing":null,"smoothness":null,"priority_road":null,"footway:surface":null,"cycleway:surface":null,"access":null,"source:width":null,"layer":null,"bridge":null,"motor_vehicle":null,"oneway:bicycle":null,"traffic_sign":null,"start_date":null,"lit":null,"segregated":null,"name":null,"foot":null,"bicycle":null,"width":"1.4","surface":"asphalt","oneway":"yes"},"geometry":{"type":"LineString","coordinates":[[426187.314218543295283,6252271.786510813049972],[426182.631591668119654,6252265.444374396465719],[426179.746538738021627,6252260.672092083841562]]}},
{"type":"Feature","properties":{"full_id":"w722314055","osm_id":"722314055","osm_type":"way","highway":"cycleway","service":null,"alt_name":null,"crossing:island":null,"crossing:markings":null,"cycleway:width":null,"cycleway":null,"crossing":null,"smoothness":null,"priority_road":null,"footway:surface":null,"cycleway:surface":null,"access":null,"source:width":null,"layer":null,"bridge":null,"motor_vehicle":null,"oneway:bicycle":null,"traffic_sign":null,"start_date":null,"lit":null,"segregated":null,"name":null,"foot":null,"bicycle":null,"width":"1.4","surface":"asphalt","oneway":"yes"},"geometry":{"type":"LineString","coordinates":[[426230.044877037231345,6252342.415061833336949],[426212.502172014152166,6252313.46855612937361]]}},
{"type":"Feature","properties":{"full_id":"w723994876","osm_id":"723994876","osm_type":"way","highway":"cycleway","service":null,"alt_name":null,"crossing:island":null,"crossing:markings":null,"cycleway:width":null,"cycleway":null,"crossing":null,"smoothness":null,"priority_road":null,"footway:surface":null,"cycleway:surface":null,"access":null,"source:width":null,"layer":null,"bridge":null,"motor_vehicle":null,"oneway:bicycle":null,"traffic_sign":null,"start_date":null,"lit":"yes","segregated":null,"name":null,"foot":null,"bicycle":null,"width":"2.7","surface":"concrete","oneway":"no"},"geometry":{"type":"LineString","coordinates":[[427416.703045063070022,6252085.517793564125896],[427414.762277184054255,6252088.593409564346075],[427411.824612457246985,6252090.198272036388516],[427393.290975193900522,6252094.536569750867784],[427387.92539065121673,6252095.788621421903372],[427376.032953137997538,6252097.541077368892729],[427327.601760008197743,6252109.69482615403831],[427302.35296958941035,6252115.832529193721712],[427296.984363615512848,6252118.920644187368453],[427291.586300008115359,6252121.69847895950079],[427287.144425745005719,6252123.84589640237391]]}},
{"type":"Feature","properties":{"full_id":"w723994877","osm_id":"723994877","osm_type":"way","highway":"cycleway","service":null,"alt_name":null,"crossing:island":null,"crossing:markings":null,"cycleway:width":null,"cycleway":null,"crossing":null,"smoothness":null,"priority_road":null,"footway:surface":null,"cycleway:surface":null,"access":null,"source:width":null,"layer":null,"bridge":null,"motor_vehicle":null,"oneway:bicycle":null,"traffic_sign":null,"start_date":"2018","lit":null,"segregated":null,"name":null,"foot":"no","bicycle":null,"width":null,"surface":"concrete","oneway":"no"},"geometry":{"type":"LineString","coordinates":[[427287.144425745005719,6252123.84589640237391],[427282.273900616099127,6252125.466378812678158],[427277.664569857763126,6252127.687693268060684],[427273.053746516699903,6252132.735182360745966],[427268.989112961979117,6252135.155832601711154],[427266.835561020998284,6252135.904013159684837],[427263.256963858497329,6252137.146819734945893],[427256.019151401007548,6252139.64699921477586],[427253.841746848484036,6252140.407326611690223],[427241.055958763638046,6252144.835047621279955],[427238.886194000544492,6252145.583928394131362],[427231.688947148970328,6252148.082408102229238],[427228.126108832482714,6252149.313437089323997],[427227.58175921527436,6252149.50352122914046]]}},
{"type":"Feature","properties":{"full_id":"w723994878","osm_id":"723994878","osm_type":"way","highway":"cycleway","service":null,"alt_name":null,"crossing:island":null,"crossing:markings":null,"cycleway:width":null,"cycleway":null,"crossing":null,"smoothness":null,"priority_road":null,"footway:surface":null,"cycleway:surface":null,"access":null,"source:width":null,"layer":null,"bridge":null,"motor_vehicle":null,"oneway:bicycle":null,"traffic_sign":null,"start_date":null,"lit":null,"segregated":null,"name":"Piste cyclable UPPA Est","foot":null,"bicycle":null,"width":"3","surface":"asphalt","oneway":"no"},"geometry":{"type":"LineString","coordinates":[[427313.092796745186206,6252378.136153208091855],[427294.760593533050269,6252335.679720878601074],[427265.651563556981273,6252261.081977101042867],[427248.828011048026383,6252224.11343289911747],[427245.458129726175684,6252216.713271636515856],[427236.679976585612167,6252203.457339555956423],[427227.128952718630899,6252189.032687404192984],[427210.407053947274107,6252169.906640538014472],[427207.889026950928383,6252165.340817776508629],[427202.607071051432285,6252151.390787388198078],[427201.127588034141809,6252146.60270007327199],[427199.296202770085074,6252140.038252080790699],[427196.14844956115121,6252127.36585112567991],[427194.137487133149989,6252096.753742700442672],[427194.000326718436554,6252092.008606065064669],[427191.096583677805029,6252079.91550677549094],[427188.715380386158358,6252069.980923631228507],[427168.98795945988968,6252031.04444623272866],[427163.343425149680115,6252013.92771745659411],[427161.202480210980866,6251993.234772542491555],[427161.536104270606302,6251963.691017992794514],[427159.31379143439699,6251943.758129891939461],[427152.541546748834662,6251913.90517289377749],[427150.0808902583085,6251903.061605424620211],[427127.384986843739171,6251803.0562335383147],[427121.857324670418166,6251778.201641755178571],[427110.225460137182381,6251751.38187650218606],[427102.209076186642051,6251711.979804010130465],[427096.601104853558354,6251701.259230010211468],[427075.25510849285638,6251673.184509473852813],[427067.448309565254021,6251658.15158742852509],[427065.316328070242889,6251653.880879487842321],[427059.261942035867833,6251649.654954989440739],[427041.838560689939186,6251648.806489747948945],[427009.182773812382948,6251650.476632745936513],[427002.420176473679021,6251649.841418663039804],[426993.934610776370391,6251644.239374081604183],[426991.711577482405119,6251635.165935974568129],[426990.393761482089758,6251629.792400199919939],[426985.498894011892844,6251611.219598202966154]]}},
{"type":"Feature","properties":{"full_id":"w724392399","osm_id":"724392399","osm_type":"way","highway":"cycleway","service":null,"alt_name":null,"crossing:island":null,"crossing:markings":null,"cycleway:width":null,"cycleway":null,"crossing":null,"smoothness":null,"priority_road":null,"footway:surface":null,"cycleway:surface":null,"access":null,"source:width":null,"layer":null,"bridge":null,"motor_vehicle":null,"oneway:bicycle":null,"traffic_sign":null,"start_date":"2018","lit":null,"segregated":null,"name":null,"foot":null,"bicycle":null,"width":"3","surface":"concrete","oneway":"no"},"geometry":{"type":"LineString","coordinates":[[427487.512044011265971,6252671.30056381598115],[427497.520372404716909,6252675.503173897042871],[427497.563554921653122,6252679.76272829901427],[427497.954660014307592,6252682.271764747798443],[427499.262620531721041,6252690.672125151380897],[427500.536798786546569,6252698.851395960897207],[427501.643966875795741,6252705.969644740223885],[427497.331064853293356,6252707.321463590487838],[427494.410147282935213,6252709.504150700755417],[427492.248475438042078,6252711.966063365340233],[427490.616127358924132,6252715.985390021465719],[427489.503474389202893,6252718.091119403019547],[427483.742201435496099,6252720.149919559247792],[427466.859587751154322,6252726.209137802943587],[427461.506675787153654,6252728.128187109716237],[427458.944665769697167,6252727.291499752551317],[427454.885527702688705,6252719.909487835131586],[427448.791414536826778,6252715.484698532149196],[427443.638942523510195,6252713.334112226031721],[427439.283864683704451,6252712.740654487162828],[427437.903722065791953,6252704.554777637124062],[427436.711068115720991,6252697.529186482541263],[427435.503684472991154,6252690.348453170619905],[427439.97525822132593,6252679.365541653707623],[427437.800303063064348,6252671.591792406514287],[427445.135083027649671,6252668.520231558941305],[427453.642487900680862,6252664.942585015669465],[427462.158483517239802,6252661.375710785388947],[427469.652626852272078,6252658.230637475848198],[427475.670231610594783,6252664.483428341336548],[427487.512044011265971,6252671.30056381598115]]}},
{"type":"Feature","properties":{"full_id":"w724400698","osm_id":"724400698","osm_type":"way","highway":"cycleway","service":null,"alt_name":null,"crossing:island":null,"crossing:markings":null,"cycleway:width":null,"cycleway":null,"crossing":null,"smoothness":null,"priority_road":null,"footway:surface":null,"cycleway:surface":null,"access":null,"source:width":null,"layer":null,"bridge":null,"motor_vehicle":null,"oneway:bicycle":null,"traffic_sign":null,"start_date":null,"lit":null,"segregated":null,"name":"Boulevard Hauterive","foot":null,"bicycle":null,"width":"2.8","surface":"asphalt","oneway":"no"},"geometry":{"type":"LineString","coordinates":[[427850.606301906926092,6253008.372334202751517],[427826.148447518935427,6253016.032136515714228],[427818.897687378514092,6253018.398735477589071],[427802.062771612603683,6253023.464811847545207],[427792.32967179332627,6253026.4821643428877],[427784.169783623307012,6253027.908340767025948],[427769.750695985741913,6253029.611784731037915],[427756.084357884828933,6253031.060727657750249],[427745.151414621563163,6253032.604867900721729],[427733.389527089020703,6253035.285781688988209],[427722.302374681748915,6253038.360823063179851],[427713.502658865065314,6253041.550004057586193],[427647.736281673365738,6253067.467708305455744],[427632.085916524985805,6253073.640988675877452]]}},
{"type":"Feature","properties":{"full_id":"w724400699","osm_id":"724400699","osm_type":"way","highway":"cycleway","service":null,"alt_name":null,"crossing:island":null,"crossing:markings":null,"cycleway:width":null,"cycleway":null,"crossing":null,"smoothness":null,"priority_road":null,"footway:surface":null,"cycleway:surface":null,"access":null,"source:width":null,"layer":null,"bridge":null,"motor_vehicle":null,"oneway:bicycle":null,"traffic_sign":null,"start_date":null,"lit":null,"segregated":null,"name":"Boulevard Hauterive","foot":null,"bicycle":null,"width":"3","surface":"asphalt","oneway":"no"},"geometry":{"type":"LineString","coordinates":[[428055.38204521976877,6252950.081552190706134],[428031.586701899301261,6252952.69445791747421],[428016.388364462356549,6252952.694737236946821],[427990.354957874573302,6252951.575425416231155],[427977.223805688903667,6252951.476849458180368],[427968.838254522474017,6252952.756605012342334],[427958.733316491299774,6252956.01202246453613],[427949.945134109933861,6252960.62454629689455],[427940.514207404048648,6252966.933338119648397],[427927.156631406862289,6252979.283685564063489],[427920.020095799060073,6252984.148729912936687],[427914.321332004852593,6252987.484011860564351],[427901.605050220270641,6252991.985376579686999],[427868.124065178504679,6253002.743302592076361],[427850.606301906926092,6253008.372334202751517]]}},
{"type":"Feature","properties":{"full_id":"w727297497","osm_id":"727297497","osm_type":"way","highway":"cycleway","service":null,"alt_name":null,"crossing:island":null,"crossing:markings":null,"cycleway:width":null,"cycleway":null,"crossing":null,"smoothness":null,"priority_road":null,"footway:surface":null,"cycleway:surface":null,"access":null,"source:width":null,"layer":null,"bridge":null,"motor_vehicle":null,"oneway:bicycle":null,"traffic_sign":null,"start_date":null,"lit":null,"segregated":null,"name":null,"foot":null,"bicycle":null,"width":"1.5","surface":"concrete","oneway":"yes"},"geometry":{"type":"LineString","coordinates":[[426164.723673025961034,6252230.816821724176407],[426173.990673866006546,6252231.132627937942743],[426215.72624472132884,6252298.999802206642926],[426223.026066741091199,6252310.882308525964618],[426232.502905354311224,6252325.419983181171119],[426249.772811992152128,6252353.49920719768852],[426254.321142143046018,6252360.503586126491427],[426260.867811718897428,6252371.494825603440404],[426263.371740472503006,6252375.715979040600359],[426280.581587638007477,6252404.676822780631483],[426282.011206473514903,6252409.233193374238908]]}},
{"type":"Feature","properties":{"full_id":"w729055081","osm_id":"729055081","osm_type":"way","highway":"cycleway","service":null,"alt_name":null,"crossing:island":null,"crossing:markings":null,"cycleway:width":null,"cycleway":null,"crossing":null,"smoothness":null,"priority_road":null,"footway:surface":null,"cycleway:surface":null,"access":null,"source:width":null,"layer":null,"bridge":null,"motor_vehicle":null,"oneway:bicycle":null,"traffic_sign":null,"start_date":"2018","lit":null,"segregated":null,"name":null,"foot":null,"bicycle":null,"width":"3","surface":"concrete","oneway":"no"},"geometry":{"type":"LineString","coordinates":[[427323.970237180124968,6252402.162111298181117],[427322.394109752320219,6252398.535270117223263],[427318.1732085737749,6252389.079566879197955],[427313.092796745186206,6252378.136153208091855]]}},
{"type":"Feature","properties":{"full_id":"w729055082","osm_id":"729055082","osm_type":"way","highway":"cycleway","service":null,"alt_name":null,"crossing:island":null,"crossing:markings":null,"cycleway:width":null,"cycleway":null,"crossing":null,"smoothness":null,"priority_road":null,"footway:surface":null,"cycleway:surface":null,"access":null,"source:width":null,"layer":null,"bridge":null,"motor_vehicle":null,"oneway:bicycle":null,"traffic_sign":null,"start_date":null,"lit":null,"segregated":null,"name":null,"foot":null,"bicycle":null,"width":"2","surface":"asphalt","oneway":"yes"},"geometry":{"type":"LineString","coordinates":[[427433.023772599350195,6252405.563445922918618],[427443.613738088228274,6252402.998657643795013],[427499.213944452407304,6252388.882795806974173],[427500.63410837034462,6252393.428676038049161]]}},
{"type":"Feature","properties":{"full_id":"w729055083","osm_id":"729055083","osm_type":"way","highway":"cycleway","service":null,"alt_name":null,"crossing:island":null,"crossing:markings":null,"cycleway:width":null,"cycleway":null,"crossing":null,"smoothness":null,"priority_road":null,"footway:surface":null,"cycleway:surface":null,"access":null,"source:width":null,"layer":null,"bridge":null,"motor_vehicle":null,"oneway:bicycle":null,"traffic_sign":null,"start_date":"2018","lit":null,"segregated":null,"name":null,"foot":null,"bicycle":null,"width":"1.5","surface":"concrete","oneway":"yes"},"geometry":{"type":"LineString","coordinates":[[427284.258457440766506,6252440.258865965530276],[427296.930491483071819,6252430.88481867685914],[427311.147873792331666,6252425.94004541542381],[427313.850189416669309,6252424.345155037008226],[427317.189010495087132,6252422.244725450873375]]}},
{"type":"Feature","properties":{"full_id":"w730024506","osm_id":"730024506","osm_type":"way","highway":"cycleway","service":null,"alt_name":null,"crossing:island":null,"crossing:markings":null,"cycleway:width":null,"cycleway":null,"crossing":null,"smoothness":null,"priority_road":null,"footway:surface":null,"cycleway:surface":null,"access":null,"source:width":null,"layer":null,"bridge":null,"motor_vehicle":null,"oneway:bicycle":null,"traffic_sign":null,"start_date":null,"lit":null,"segregated":null,"name":null,"foot":null,"bicycle":null,"width":"3","surface":"asphalt","oneway":"no"},"geometry":{"type":"LineString","coordinates":[[427640.732768548128661,6252345.165655806660652],[427602.254466760961805,6252360.554612709209323],[427548.07417969807284,6252383.421230645850301],[427502.112952483410481,6252399.162580797448754],[427500.63410837034462,6252393.428676038049161]]}},
{"type":"Feature","properties":{"full_id":"w730311489","osm_id":"730311489","osm_type":"way","highway":"cycleway","service":null,"alt_name":null,"crossing:island":null,"crossing:markings":null,"cycleway:width":null,"cycleway":null,"crossing":null,"smoothness":null,"priority_road":null,"footway:surface":null,"cycleway:surface":null,"access":null,"source:width":null,"layer":null,"bridge":null,"motor_vehicle":null,"oneway:bicycle":null,"traffic_sign":null,"start_date":null,"lit":null,"segregated":null,"name":null,"foot":null,"bicycle":null,"width":"3","surface":"concrete","oneway":"no"},"geometry":{"type":"LineString","coordinates":[[427466.081929088046309,6252007.623005983419716],[427457.074598816339858,6252011.310901053249836],[427452.602667067199945,6252013.13681324198842],[427440.08890132146189,6252022.437037352472544],[427431.899579831631854,6252031.408572440035641],[427425.591972322901711,6252040.878594112582505],[427424.929162600368727,6252042.675905379466712],[427419.587569761381019,6252057.089442011900246],[427417.633960631734226,6252069.979090289212763],[427417.598905343736988,6252071.827565132640302],[427417.430939029261936,6252080.66907743178308],[427416.703045063070022,6252085.517793564125896]]}},
{"type":"Feature","properties":{"full_id":"w730311492","osm_id":"730311492","osm_type":"way","highway":"cycleway","service":null,"alt_name":null,"crossing:island":null,"crossing:markings":null,"cycleway:width":null,"cycleway":null,"crossing":null,"smoothness":null,"priority_road":null,"footway:surface":null,"cycleway:surface":null,"access":null,"source:width":null,"layer":null,"bridge":null,"motor_vehicle":null,"oneway:bicycle":null,"traffic_sign":null,"start_date":"2018","lit":null,"segregated":null,"name":null,"foot":null,"bicycle":null,"width":"3","surface":"concrete","oneway":"no"},"geometry":{"type":"LineString","coordinates":[[427203.592578239215072,6251932.514374045655131],[427200.77348838665057,6251933.279800584539771],[427197.327987544122152,6251934.216557627543807],[427189.614930402662139,6251936.436638663522899],[427187.372649861034006,6251937.010601490736008],[427176.901673215848859,6251939.715365188196301],[427174.579243478714488,6251940.315000127069652],[427167.316758370783646,6251941.859452772885561],[427163.680956216237973,6251942.71532472781837],[427163.230595040833578,6251942.823524387553334],[427159.31379143439699,6251943.758129891939461]]}},
{"type":"Feature","properties":{"full_id":"w730311493","osm_id":"730311493","osm_type":"way","highway":"cycleway","service":null,"alt_name":null,"crossing:island":null,"crossing:markings":null,"cycleway:width":null,"cycleway":null,"crossing":null,"smoothness":null,"priority_road":null,"footway:surface":null,"cycleway:surface":null,"access":null,"source:width":null,"layer":null,"bridge":null,"motor_vehicle":null,"oneway:bicycle":null,"traffic_sign":null,"start_date":"2018","lit":null,"segregated":null,"name":null,"foot":null,"bicycle":null,"width":"3","surface":"concrete","oneway":"no"},"geometry":{"type":"LineString","coordinates":[[427177.174350778746884,6251800.801336280070245],[427174.66284303489374,6251801.731691596098244],[427169.324278901622165,6251802.860377517528832],[427165.653117487148847,6251803.650993446819484],[427157.931049648788758,6251805.281790533103049],[427155.61242289072834,6251805.781130783259869],[427154.630108631681651,6251805.989880543202162],[427153.806338466936722,6251805.724564852192998],[427147.814972838852555,6251799.159332067705691],[427146.983091557805892,6251798.894362781196833],[427145.718821234826464,6251799.159633214585483],[427142.651173591089901,6251799.813283385708928],[427135.428609499707818,6251801.344939412549138],[427131.845713422284462,6251802.109560997225344],[427131.298023340001237,6251802.221909794956446],[427127.384986843739171,6251803.0562335383147]]}},
{"type":"Feature","properties":{"full_id":"w730996851","osm_id":"730996851","osm_type":"way","highway":"cycleway","service":null,"alt_name":null,"crossing:island":null,"crossing:markings":null,"cycleway:width":null,"cycleway":null,"crossing":null,"smoothness":null,"priority_road":null,"footway:surface":null,"cycleway:surface":null,"access":null,"source:width":null,"layer":null,"bridge":null,"motor_vehicle":null,"oneway:bicycle":null,"traffic_sign":null,"start_date":null,"lit":null,"segregated":"no","name":null,"foot":"designated","bicycle":"designated","width":null,"surface":"concrete","oneway":null},"geometry":{"type":"LineString","coordinates":[[428380.018577060487587,6252867.863627096638083],[428376.15204066154547,6252866.525609856471419],[428367.159447130747139,6252869.966833308339119],[428348.417343810782768,6252877.771534656174481],[428319.282397995935753,6252889.900342224165797],[428289.229686156962998,6252902.413147506304085],[428260.103064813301899,6252914.541878533549607],[428238.367657235939987,6252923.586579287424684],[428201.203253120766021,6252939.06084823794663],[428169.705982987594325,6252952.169614189304411],[428146.365068081766367,6252961.850239453837276],[428116.582091707678046,6252974.196656716987491],[428097.471832598501351,6252982.117882923223078],[428093.624405205831863,6252983.716564383357763]]}},
{"type":"Feature","properties":{"full_id":"w734242398","osm_id":"734242398","osm_type":"way","highway":"cycleway","service":null,"alt_name":null,"crossing:island":null,"crossing:markings":null,"cycleway:width":null,"cycleway":null,"crossing":null,"smoothness":null,"priority_road":null,"footway:surface":null,"cycleway:surface":null,"access":null,"source:width":null,"layer":null,"bridge":null,"motor_vehicle":null,"oneway:bicycle":null,"traffic_sign":null,"start_date":null,"lit":"yes","segregated":null,"name":null,"foot":null,"bicycle":null,"width":"1.8","surface":"asphalt","oneway":"yes"},"geometry":{"type":"LineString","coordinates":[[429538.211178158060648,6250926.337432587519288],[429545.949370141257532,6250923.707514366135001],[429546.125468326965347,6250923.644446566700935],[429561.320797378371935,6250918.463264749385417],[429578.383050177013502,6250912.658103844150901],[429583.859779257734772,6250909.389380054548383]]}},
{"type":"Feature","properties":{"full_id":"w734247530","osm_id":"734247530","osm_type":"way","highway":"cycleway","service":null,"alt_name":null,"crossing:island":null,"crossing:markings":null,"cycleway:width":null,"cycleway":null,"crossing":null,"smoothness":null,"priority_road":null,"footway:surface":null,"cycleway:surface":null,"access":null,"source:width":null,"layer":null,"bridge":null,"motor_vehicle":null,"oneway:bicycle":null,"traffic_sign":null,"start_date":null,"lit":null,"segregated":null,"name":null,"foot":null,"bicycle":null,"width":"3","surface":"asphalt","oneway":"no"},"geometry":{"type":"LineString","coordinates":[[429873.14105987403309,6250808.549904530867934],[429871.492366740072612,6250813.770919340662658],[429870.163119170116261,6250818.666924934834242],[429869.41568457998801,6250823.29361323826015],[429869.918752640369348,6250827.32237087842077],[429871.370556479203515,6250832.267976604402065],[429871.855699751758948,6250836.642405508086085],[429874.017929320689291,6250839.744460873305798]]}},
{"type":"Feature","properties":{"full_id":"w747362799","osm_id":"747362799","osm_type":"way","highway":"cycleway","service":null,"alt_name":null,"crossing:island":null,"crossing:markings":null,"cycleway:width":null,"cycleway":null,"crossing":null,"smoothness":null,"priority_road":null,"footway:surface":null,"cycleway:surface":null,"access":null,"source:width":"ARCore","layer":null,"bridge":null,"motor_vehicle":null,"oneway:bicycle":null,"traffic_sign":null,"start_date":null,"lit":null,"segregated":null,"name":null,"foot":null,"bicycle":null,"width":"3","surface":"concrete","oneway":"no"},"geometry":{"type":"LineString","coordinates":[[427356.410779354686383,6252482.147944362834096],[427356.91213200049242,6252475.606540627777576],[427350.738771659322083,6252461.50525001809001],[427348.978456781129353,6252458.131028164178133]]}},
{"type":"Feature","properties":{"full_id":"w747368103","osm_id":"747368103","osm_type":"way","highway":"cycleway","service":null,"alt_name":null,"crossing:island":null,"crossing:markings":null,"cycleway:width":null,"cycleway":null,"crossing":null,"smoothness":null,"priority_road":null,"footway:surface":null,"cycleway:surface":null,"access":null,"source:width":null,"layer":null,"bridge":null,"motor_vehicle":null,"oneway:bicycle":null,"traffic_sign":null,"start_date":null,"lit":null,"segregated":null,"name":null,"foot":null,"bicycle":null,"width":"3","surface":"asphalt","oneway":"no"},"geometry":{"type":"LineString","coordinates":[[426959.967337183596101,6251316.710870808921754],[426964.002850633289199,6251315.693209026940167],[426970.61101676733233,6251314.031799820251763],[426987.421058991109021,6251309.810328043065965],[426994.321628185512964,6251308.336755557917058],[427001.226461152720731,6251306.963147279806435],[427008.896530910104048,6251305.623686319217086]]}},
{"type":"Feature","properties":{"full_id":"w748984825","osm_id":"748984825","osm_type":"way","highway":"cycleway","service":null,"alt_name":null,"crossing:island":null,"crossing:markings":null,"cycleway:width":null,"cycleway":null,"crossing":null,"smoothness":null,"priority_road":null,"footway:surface":null,"cycleway:surface":null,"access":null,"source:width":null,"layer":null,"bridge":null,"motor_vehicle":null,"oneway:bicycle":null,"traffic_sign":null,"start_date":"2018","lit":null,"segregated":null,"name":null,"foot":null,"bicycle":null,"width":"1.5","surface":"concrete","oneway":"yes"},"geometry":{"type":"LineString","coordinates":[[427434.502329572220333,6252712.243238009512424],[427421.214083516271785,6252711.139967053197324],[427406.047124591830652,6252712.275219384580851],[427390.806230437126942,6252709.575062797404826]]}},
{"type":"Feature","properties":{"full_id":"w748984827","osm_id":"748984827","osm_type":"way","highway":"cycleway","service":null,"alt_name":null,"crossing:island":null,"crossing:markings":null,"cycleway:width":null,"cycleway":null,"crossing":null,"smoothness":null,"priority_road":null,"footway:surface":null,"cycleway:surface":null,"access":null,"source:width":null,"layer":null,"bridge":null,"motor_vehicle":null,"oneway:bicycle":null,"traffic_sign":null,"start_date":"2018","lit":null,"segregated":null,"name":null,"foot":null,"bicycle":null,"width":"1.5","surface":"concrete","oneway":"yes"},"geometry":{"type":"LineString","coordinates":[[427370.573750749754254,6252713.273731610737741],[427372.321958041575272,6252705.299580834805965],[427377.554405463277362,6252701.505231134593487],[427403.507912081724498,6252696.327991837635636],[427409.149562353035435,6252695.275583822280169],[427431.83686661941465,6252691.038611160591245],[427435.503684472991154,6252690.348453170619905]]}},
{"type":"Feature","properties":{"full_id":"w748986228","osm_id":"748986228","osm_type":"way","highway":"cycleway","service":null,"alt_name":null,"crossing:island":null,"crossing:markings":null,"cycleway:width":null,"cycleway":null,"crossing":null,"smoothness":null,"priority_road":null,"footway:surface":null,"cycleway:surface":null,"access":null,"source:width":null,"layer":null,"bridge":null,"motor_vehicle":null,"oneway:bicycle":null,"traffic_sign":null,"start_date":"2018","lit":null,"segregated":null,"name":null,"foot":null,"bicycle":null,"width":"1.5","surface":"concrete","oneway":"yes"},"geometry":{"type":"LineString","coordinates":[[427411.526817547797691,6252603.804716507904232],[427397.414270172244869,6252570.369980700314045],[427366.597133827977814,6252497.391281691379845],[427358.774374755215831,6252481.947166149504483],[427356.91213200049242,6252475.606540627777576]]}},
{"type":"Feature","properties":{"full_id":"w748986230","osm_id":"748986230","osm_type":"way","highway":"cycleway","service":null,"alt_name":null,"crossing:island":null,"crossing:markings":null,"cycleway:width":null,"cycleway":null,"crossing":null,"smoothness":null,"priority_road":null,"footway:surface":null,"cycleway:surface":null,"access":null,"source:width":null,"layer":null,"bridge":null,"motor_vehicle":null,"oneway:bicycle":null,"traffic_sign":null,"start_date":"2018","lit":null,"segregated":null,"name":null,"foot":null,"bicycle":null,"width":"1.5","surface":"concrete","oneway":"yes"},"geometry":{"type":"LineString","coordinates":[[427445.586291423067451,6252607.172543219290674],[427450.13073608832201,6252617.938566577620804],[427455.894670788955409,6252631.590042065829039],[427461.36026287911227,6252644.531006067991257],[427467.590029605838936,6252654.813626998104155],[427469.652626852272078,6252658.230637475848198]]}},
{"type":"Feature","properties":{"full_id":"w748989862","osm_id":"748989862","osm_type":"way","highway":"cycleway","service":null,"alt_name":null,"crossing:island":null,"crossing:markings":null,"cycleway:width":null,"cycleway":null,"crossing":null,"smoothness":null,"priority_road":null,"footway:surface":null,"cycleway:surface":null,"access":null,"source:width":null,"layer":null,"bridge":null,"motor_vehicle":null,"oneway:bicycle":null,"traffic_sign":null,"start_date":null,"lit":null,"segregated":null,"name":null,"foot":null,"bicycle":null,"width":"1.5","surface":"concrete","oneway":"yes"},"geometry":{"type":"LineString","coordinates":[[427136.188499035255518,6251582.922578169032931],[427152.545073720742948,6251584.473220260813832],[427161.80322285060538,6251583.800616513006389],[427175.735511453880463,6251586.23345438297838]]}},
{"type":"Feature","properties":{"full_id":"w748989866","osm_id":"748989866","osm_type":"way","highway":"cycleway","service":null,"alt_name":null,"crossing:island":null,"crossing:markings":null,"cycleway:width":null,"cycleway":null,"crossing":null,"smoothness":null,"priority_road":null,"footway:surface":null,"cycleway:surface":null,"access":null,"source:width":null,"layer":null,"bridge":null,"motor_vehicle":null,"oneway:bicycle":null,"traffic_sign":null,"start_date":null,"lit":null,"segregated":null,"name":null,"foot":null,"bicycle":null,"width":"1.5","surface":"concrete","oneway":"yes"},"geometry":{"type":"LineString","coordinates":[[427107.849354244943243,6251556.625504555180669],[427110.664208696805872,6251560.333060750737786]]}},
{"type":"Feature","properties":{"full_id":"w748989868","osm_id":"748989868","osm_type":"way","highway":"cycleway","service":null,"alt_name":null,"crossing:island":null,"crossing:markings":null,"cycleway:width":null,"cycleway":null,"crossing":null,"smoothness":null,"priority_road":null,"footway:surface":null,"cycleway:surface":null,"access":null,"source:width":null,"layer":null,"bridge":null,"motor_vehicle":null,"oneway:bicycle":null,"traffic_sign":null,"start_date":"2018","lit":null,"segregated":null,"name":null,"foot":null,"bicycle":null,"width":"1.5","surface":"concrete","oneway":"yes"},"geometry":{"type":"LineString","coordinates":[[427063.763045748579316,6251573.970067635178566],[427041.313989403715823,6251515.834193769842386],[427036.810980950889643,6251504.16530545707792],[427023.747000221570488,6251471.97693108022213],[426997.564812579192221,6251407.480144193395972],[426996.167677067220211,6251403.867962873540819],[426992.087585687986575,6251395.452248080633581]]}},
{"type":"Feature","properties":{"full_id":"w748989874","osm_id":"748989874","osm_type":"way","highway":"cycleway","service":null,"alt_name":null,"crossing:island":null,"crossing:markings":null,"cycleway:width":null,"cycleway":null,"crossing":null,"smoothness":null,"priority_road":null,"footway:surface":null,"cycleway:surface":null,"access":null,"source:width":null,"layer":null,"bridge":null,"motor_vehicle":null,"oneway:bicycle":null,"traffic_sign":null,"start_date":"2018","lit":null,"segregated":null,"name":null,"foot":null,"bicycle":null,"width":"1.5","surface":"concrete","oneway":"yes"},"geometry":{"type":"LineString","coordinates":[[427130.708340937679168,6251637.175031604245305],[427137.149535601085518,6251658.107601636089385],[427139.833944151352625,6251671.912416104227304]]}},
{"type":"Feature","properties":{"full_id":"w756774165","osm_id":"756774165","osm_type":"way","highway":"cycleway","service":null,"alt_name":null,"crossing:island":null,"crossing:markings":null,"cycleway:width":null,"cycleway":null,"crossing":null,"smoothness":null,"priority_road":null,"footway:surface":null,"cycleway:surface":null,"access":null,"source:width":null,"layer":null,"bridge":null,"motor_vehicle":null,"oneway:bicycle":null,"traffic_sign":null,"start_date":null,"lit":null,"segregated":null,"name":null,"foot":null,"bicycle":null,"width":null,"surface":"asphalt","oneway":"yes"},"geometry":{"type":"LineString","coordinates":[[426060.223914638452698,6250088.403004782274365],[426071.480411534197628,6250089.178929052315652],[426075.060265162261203,6250088.892319837585092],[426080.573006343620364,6250087.054338218644261],[426083.640258723229636,6250087.323733517900109],[426086.306692742044106,6250087.532383535988629]]}},
{"type":"Feature","properties":{"full_id":"w757747286","osm_id":"757747286","osm_type":"way","highway":"cycleway","service":null,"alt_name":null,"crossing:island":null,"crossing:markings":null,"cycleway:width":null,"cycleway":null,"crossing":null,"smoothness":null,"priority_road":null,"footway:surface":null,"cycleway:surface":null,"access":null,"source:width":null,"layer":null,"bridge":null,"motor_vehicle":null,"oneway:bicycle":null,"traffic_sign":null,"start_date":null,"lit":null,"segregated":null,"name":null,"foot":null,"bicycle":null,"width":null,"surface":null,"oneway":"yes"},"geometry":{"type":"LineString","coordinates":[[431030.679331791005097,6251910.915856094099581],[431012.805495936132502,6251908.962969408370554],[431005.810950483311899,6251905.295873381197453],[430978.993993658688851,6251888.87647810857743],[430966.816394371096976,6251881.733285261318088],[430952.64014105516253,6251873.42795711569488],[430910.629494813329075,6251847.700420113280416],[430899.160100826935377,6251840.594344798475504],[430881.362161273718812,6251825.954808553680778],[430875.902146658918355,6251817.049694460816681]]}},
{"type":"Feature","properties":{"full_id":"w766062705","osm_id":"766062705","osm_type":"way","highway":"cycleway","service":null,"alt_name":null,"crossing:island":null,"crossing:markings":null,"cycleway:width":null,"cycleway":null,"crossing":null,"smoothness":null,"priority_road":null,"footway:surface":null,"cycleway:surface":null,"access":null,"source:width":null,"layer":null,"bridge":null,"motor_vehicle":null,"oneway:bicycle":null,"traffic_sign":null,"start_date":null,"lit":null,"segregated":null,"name":"Avenue Fédérico Garcia Lorca","foot":null,"bicycle":null,"width":null,"surface":"concrete","oneway":"no"},"geometry":{"type":"LineString","coordinates":[[427707.738362052245066,6251130.461441093124449],[427672.081374745292123,6251020.523825009353459],[427649.993774098402355,6250952.445589303039014]]}},
{"type":"Feature","properties":{"full_id":"w768814481","osm_id":"768814481","osm_type":"way","highway":"cycleway","service":null,"alt_name":null,"crossing:island":null,"crossing:markings":null,"cycleway:width":null,"cycleway":null,"crossing":null,"smoothness":null,"priority_road":null,"footway:surface":null,"cycleway:surface":null,"access":null,"source:width":null,"layer":null,"bridge":null,"motor_vehicle":null,"oneway:bicycle":null,"traffic_sign":null,"start_date":null,"lit":null,"segregated":null,"name":null,"foot":"yes","bicycle":null,"width":null,"surface":null,"oneway":null},"geometry":{"type":"LineString","coordinates":[[425859.457594234030694,6254315.542455992661417],[425854.172484461974818,6254315.59077543951571],[425847.978466367174406,6254315.655772803351283],[425840.866957500053104,6254315.726691942662001]]}},
{"type":"Feature","properties":{"full_id":"w785567615","osm_id":"785567615","osm_type":"way","highway":"cycleway","service":null,"alt_name":null,"crossing:island":null,"crossing:markings":null,"cycleway:width":null,"cycleway":null,"crossing":null,"smoothness":null,"priority_road":null,"footway:surface":null,"cycleway:surface":null,"access":null,"source:width":null,"layer":null,"bridge":null,"motor_vehicle":null,"oneway:bicycle":null,"traffic_sign":null,"start_date":null,"lit":null,"segregated":"no","name":null,"foot":"designated","bicycle":"designated","width":null,"surface":"concrete","oneway":"no"},"geometry":{"type":"LineString","coordinates":[[427227.58175921527436,6252149.50352122914046],[427219.01036366057815,6252151.593241907656193]]}},
{"type":"Feature","properties":{"full_id":"w801573212","osm_id":"801573212","osm_type":"way","highway":"cycleway","service":null,"alt_name":null,"crossing:island":null,"crossing:markings":null,"cycleway:width":null,"cycleway":null,"crossing":null,"smoothness":null,"priority_road":null,"footway:surface":null,"cycleway:surface":null,"access":null,"source:width":null,"layer":null,"bridge":null,"motor_vehicle":null,"oneway:bicycle":null,"traffic_sign":null,"start_date":null,"lit":null,"segregated":"yes","name":null,"foot":"yes","bicycle":null,"width":null,"surface":"asphalt","oneway":"yes"},"geometry":{"type":"LineString","coordinates":[[427115.241463032667525,6252936.219227742403746],[427096.88840287423227,6252851.918153639882803],[427094.353068733704276,6252840.84421609248966],[427082.022855513263494,6252829.052886774763465],[427075.327798055775929,6252797.194174891337752],[427078.663433338806499,6252789.308035423047841]]}},
{"type":"Feature","properties":{"full_id":"w801573213","osm_id":"801573213","osm_type":"way","highway":"cycleway","service":null,"alt_name":null,"crossing:island":null,"crossing:markings":null,"cycleway:width":null,"cycleway":null,"crossing":null,"smoothness":null,"priority_road":null,"footway:surface":null,"cycleway:surface":null,"access":null,"source:width":null,"layer":null,"bridge":null,"motor_vehicle":null,"oneway:bicycle":null,"traffic_sign":null,"start_date":null,"lit":null,"segregated":"yes","name":null,"foot":"yes","bicycle":null,"width":null,"surface":"asphalt","oneway":"yes"},"geometry":{"type":"LineString","coordinates":[[427103.272660132264718,6252769.755951721221209],[427113.942896495747846,6252819.981804102659225],[427108.122770999209024,6252839.333835613913834],[427112.194770042784512,6252858.063983110710979],[427128.476831397158094,6252933.040449848398566]]}},
{"type":"Feature","properties":{"full_id":"w802526740","osm_id":"802526740","osm_type":"way","highway":"cycleway","service":null,"alt_name":null,"crossing:island":null,"crossing:markings":null,"cycleway:width":null,"cycleway":null,"crossing":null,"smoothness":null,"priority_road":null,"footway:surface":null,"cycleway:surface":null,"access":null,"source:width":null,"layer":null,"bridge":null,"motor_vehicle":null,"oneway:bicycle":null,"traffic_sign":null,"start_date":null,"lit":null,"segregated":null,"name":null,"foot":null,"bicycle":null,"width":null,"surface":null,"oneway":"yes"},"geometry":{"type":"LineString","coordinates":[[428273.274394142033998,6252448.71479519456625],[428257.663701427576598,6252446.87385521363467],[428244.643362326838542,6252437.924566472880542],[428243.869048777036369,6252436.332987586967647],[428244.136947083869018,6252434.797313183546066],[428247.946779424557462,6252430.007076777517796],[428251.117023679311387,6252426.033954663202167],[428257.232588282553479,6252422.358637887984514],[428262.041255966410972,6252419.473125467076898]]}},
{"type":"Feature","properties":{"full_id":"w829420039","osm_id":"829420039","osm_type":"way","highway":"cycleway","service":null,"alt_name":null,"crossing:island":null,"crossing:markings":null,"cycleway:width":null,"cycleway":null,"crossing":null,"smoothness":null,"priority_road":null,"footway:surface":null,"cycleway:surface":null,"access":null,"source:width":null,"layer":null,"bridge":null,"motor_vehicle":null,"oneway:bicycle":null,"traffic_sign":null,"start_date":null,"lit":null,"segregated":null,"name":null,"foot":null,"bicycle":null,"width":null,"surface":null,"oneway":null},"geometry":{"type":"LineString","coordinates":[[429501.324305514397565,6250969.118257338181138],[429494.445651741465554,6250968.819084310904145]]}},
{"type":"Feature","properties":{"full_id":"w833644887","osm_id":"833644887","osm_type":"way","highway":"cycleway","service":null,"alt_name":null,"crossing:island":null,"crossing:markings":null,"cycleway:width":null,"cycleway":null,"crossing":null,"smoothness":null,"priority_road":null,"footway:surface":null,"cycleway:surface":null,"access":null,"source:width":null,"layer":null,"bridge":null,"motor_vehicle":null,"oneway:bicycle":null,"traffic_sign":null,"start_date":"2018","lit":null,"segregated":null,"name":null,"foot":null,"bicycle":null,"width":null,"surface":"concrete","oneway":"yes"},"geometry":{"type":"LineString","coordinates":[[426705.258464927203022,6250881.112114262767136],[426712.517102288722526,6250886.877479703165591]]}},
{"type":"Feature","properties":{"full_id":"w834256598","osm_id":"834256598","osm_type":"way","highway":"cycleway","service":null,"alt_name":null,"crossing:island":null,"crossing:markings":null,"cycleway:width":null,"cycleway":null,"crossing":null,"smoothness":null,"priority_road":null,"footway:surface":null,"cycleway:surface":null,"access":null,"source:width":null,"layer":null,"bridge":null,"motor_vehicle":null,"oneway:bicycle":null,"traffic_sign":null,"start_date":null,"lit":null,"segregated":null,"name":null,"foot":null,"bicycle":"designated","width":null,"surface":"concrete","oneway":"no"},"geometry":{"type":"LineString","coordinates":[[427219.01036366057815,6252151.593241907656193],[427205.422959853429347,6252151.315332410857081],[427202.607071051432285,6252151.390787388198078],[427200.677010255807545,6252151.473011274822056],[427184.713665970542934,6252152.253237066790462],[427165.12348587915767,6252153.143526186235249],[427128.708472103055101,6252154.806443952955306],[427101.848281390382908,6252156.296015919186175],[427068.471854687843006,6252158.152447521686554],[427065.806199199927505,6252158.321697223000228],[427058.943615083931945,6252158.758848091587424]]}},
{"type":"Feature","properties":{"full_id":"w887444782","osm_id":"887444782","osm_type":"way","highway":"cycleway","service":null,"alt_name":null,"crossing:island":null,"crossing:markings":null,"cycleway:width":null,"cycleway":null,"crossing":null,"smoothness":null,"priority_road":null,"footway:surface":null,"cycleway:surface":null,"access":null,"source:width":null,"layer":null,"bridge":null,"motor_vehicle":null,"oneway:bicycle":null,"traffic_sign":null,"start_date":null,"lit":null,"segregated":null,"name":null,"foot":null,"bicycle":null,"width":"3","surface":"concrete","oneway":null},"geometry":{"type":"LineString","coordinates":[[428149.348599761666264,6252937.991205206140876],[428164.535992875054944,6252935.054369206540287],[428177.085760197252966,6252930.260196953080595],[428203.996094466943759,6252920.272396882064641]]}},
{"type":"Feature","properties":{"full_id":"w890795966","osm_id":"890795966","osm_type":"way","highway":"cycleway","service":null,"alt_name":null,"crossing:island":null,"crossing:markings":null,"cycleway:width":null,"cycleway":null,"crossing":null,"smoothness":null,"priority_road":null,"footway:surface":null,"cycleway:surface":null,"access":"private","source:width":null,"layer":null,"bridge":null,"motor_vehicle":null,"oneway:bicycle":null,"traffic_sign":null,"start_date":null,"lit":null,"segregated":null,"name":null,"foot":null,"bicycle":null,"width":null,"surface":null,"oneway":null},"geometry":{"type":"LineString","coordinates":[[427268.539904035569634,6250320.179798730649054],[427307.875149816041812,6250330.555103136226535],[427311.141461670747958,6250333.787388419732451]]}},
{"type":"Feature","properties":{"full_id":"w907528910","osm_id":"907528910","osm_type":"way","highway":"cycleway","service":null,"alt_name":null,"crossing:island":null,"crossing:markings":null,"cycleway:width":null,"cycleway":null,"crossing":null,"smoothness":null,"priority_road":null,"footway:surface":null,"cycleway:surface":null,"access":"private","source:width":null,"layer":null,"bridge":null,"motor_vehicle":null,"oneway:bicycle":null,"traffic_sign":null,"start_date":null,"lit":null,"segregated":null,"name":null,"foot":null,"bicycle":null,"width":null,"surface":null,"oneway":null},"geometry":{"type":"LineString","coordinates":[[431301.822342144267168,6252311.89971010107547],[431289.799540640669875,6252321.193836165592074],[431287.478612505889032,6252322.993524159304798],[431281.34931784553919,6252327.734554463997483],[431274.210077101073693,6252345.769143844023347],[431263.680667429231107,6252351.351292007602751],[431255.638353028392885,6252352.512152705341578],[431216.271102132101078,6252402.040070519782603],[431218.504872653167695,6252415.776029350236058]]}},
{"type":"Feature","properties":{"full_id":"w913608168","osm_id":"913608168","osm_type":"way","highway":"cycleway","service":null,"alt_name":null,"crossing:island":null,"crossing:markings":null,"cycleway:width":null,"cycleway":null,"crossing":null,"smoothness":null,"priority_road":null,"footway:surface":null,"cycleway:surface":null,"access":null,"source:width":null,"layer":null,"bridge":null,"motor_vehicle":null,"oneway:bicycle":null,"traffic_sign":null,"start_date":null,"lit":null,"segregated":null,"name":null,"foot":null,"bicycle":null,"width":null,"surface":"asphalt","oneway":"yes"},"geometry":{"type":"LineString","coordinates":[[426057.126276751339901,6250092.173895357176661],[426060.223914638452698,6250088.403004782274365]]}},
{"type":"Feature","properties":{"full_id":"w919903589","osm_id":"919903589","osm_type":"way","highway":"cycleway","service":null,"alt_name":null,"crossing:island":null,"crossing:markings":null,"cycleway:width":null,"cycleway":null,"crossing":null,"smoothness":null,"priority_road":null,"footway:surface":null,"cycleway:surface":null,"access":null,"source:width":null,"layer":null,"bridge":null,"motor_vehicle":null,"oneway:bicycle":null,"traffic_sign":null,"start_date":null,"lit":null,"segregated":null,"name":null,"foot":null,"bicycle":null,"width":null,"surface":"asphalt","oneway":null},"geometry":{"type":"LineString","coordinates":[[428413.130105087533593,6253230.398763732053339],[428416.506211581581738,6253226.116590381599963],[428413.060164884198457,6253203.665375423617661],[428413.472167555592023,6253200.165384977124631]]}},
{"type":"Feature","properties":{"full_id":"w925333111","osm_id":"925333111","osm_type":"way","highway":"cycleway","service":null,"alt_name":null,"crossing:island":null,"crossing:markings":null,"cycleway:width":null,"cycleway":null,"crossing":null,"smoothness":null,"priority_road":null,"footway:surface":null,"cycleway:surface":null,"access":null,"source:width":null,"layer":null,"bridge":null,"motor_vehicle":null,"oneway:bicycle":null,"traffic_sign":null,"start_date":null,"lit":null,"segregated":null,"name":null,"foot":null,"bicycle":null,"width":null,"surface":null,"oneway":"yes"},"geometry":{"type":"LineString","coordinates":[[427097.137695377576165,6254122.633599578402936],[427101.116130683629308,6254127.748975914902985],[427107.954368778213393,6254145.270624893717468]]}},
{"type":"Feature","properties":{"full_id":"w949184466","osm_id":"949184466","osm_type":"way","highway":"cycleway","service":null,"alt_name":null,"crossing:island":null,"crossing:markings":null,"cycleway:width":null,"cycleway":null,"crossing":null,"smoothness":null,"priority_road":null,"footway:surface":null,"cycleway:surface":null,"access":null,"source:width":null,"layer":null,"bridge":null,"motor_vehicle":null,"oneway:bicycle":null,"traffic_sign":null,"start_date":null,"lit":null,"segregated":null,"name":null,"foot":null,"bicycle":null,"width":null,"surface":null,"oneway":null},"geometry":{"type":"LineString","coordinates":[[430131.132583545171656,6252665.766202727332711],[430124.189044780621771,6252670.820852058939636],[430121.209015477157664,6252675.474800011143088],[430119.227113509026822,6252678.562396255321801],[430117.329261172330007,6252681.524062808603048],[430106.836294958076905,6252687.551675694063306],[430100.581598244374618,6252693.144749610684812]]}},
{"type":"Feature","properties":{"full_id":"w999737278","osm_id":"999737278","osm_type":"way","highway":"cycleway","service":null,"alt_name":null,"crossing:island":null,"crossing:markings":null,"cycleway:width":null,"cycleway":null,"crossing":null,"smoothness":null,"priority_road":null,"footway:surface":null,"cycleway:surface":null,"access":"private","source:width":null,"layer":null,"bridge":null,"motor_vehicle":null,"oneway:bicycle":null,"traffic_sign":null,"start_date":null,"lit":null,"segregated":null,"name":null,"foot":null,"bicycle":null,"width":null,"surface":null,"oneway":null},"geometry":{"type":"LineString","coordinates":[[431143.449946435750462,6252395.406429702416062],[431117.102518168569077,6252389.725835303775966],[431098.919737060088664,6252387.540973646566272],[431096.275810078659561,6252388.998262578621507],[431093.899487760616466,6252390.444314460270107],[431091.829457401589025,6252389.318502121604979],[431090.638058492273558,6252386.676020546816289],[431089.953987049811985,6252383.734080931171775]]}},
{"type":"Feature","properties":{"full_id":"w999737279","osm_id":"999737279","osm_type":"way","highway":"cycleway","service":null,"alt_name":null,"crossing:island":null,"crossing:markings":null,"cycleway:width":null,"cycleway":null,"crossing":null,"smoothness":null,"priority_road":null,"footway:surface":null,"cycleway:surface":null,"access":"private","source:width":null,"layer":null,"bridge":null,"motor_vehicle":null,"oneway:bicycle":null,"traffic_sign":null,"start_date":null,"lit":null,"segregated":null,"name":null,"foot":null,"bicycle":null,"width":null,"surface":null,"oneway":"yes"},"geometry":{"type":"LineString","coordinates":[[430988.217168961884454,6252369.860753702931106],[430995.210607899934985,6252362.490747415460646],[431015.806323079101276,6252376.6680330587551],[431026.621226632792968,6252382.722504408098757],[431037.130319768446498,6252387.298940701410174],[431085.864732190850191,6252397.780057303607464],[431093.541744869900867,6252403.977544333785772],[431095.274532404844649,6252413.128307695500553]]}},
{"type":"Feature","properties":{"full_id":"w1001705825","osm_id":"1001705825","osm_type":"way","highway":"cycleway","service":null,"alt_name":null,"crossing:island":null,"crossing:markings":null,"cycleway:width":null,"cycleway":null,"crossing":null,"smoothness":null,"priority_road":null,"footway:surface":null,"cycleway:surface":null,"access":null,"source:width":null,"layer":null,"bridge":null,"motor_vehicle":null,"oneway:bicycle":null,"traffic_sign":null,"start_date":"2021","lit":null,"segregated":null,"name":null,"foot":null,"bicycle":null,"width":"1.85","surface":"concrete","oneway":"yes"},"geometry":{"type":"LineString","coordinates":[[427500.694563367811497,6252763.065952156670392],[427603.847115298383869,6253064.973307112231851],[427610.546619907778222,6253072.754857246764004],[427614.44912442471832,6253074.936482267454267]]}},
{"type":"Feature","properties":{"full_id":"w1001705826","osm_id":"1001705826","osm_type":"way","highway":"cycleway","service":null,"alt_name":null,"crossing:island":null,"crossing:markings":null,"cycleway:width":null,"cycleway":null,"crossing":null,"smoothness":null,"priority_road":null,"footway:surface":null,"cycleway:surface":null,"access":null,"source:width":null,"layer":null,"bridge":null,"motor_vehicle":null,"oneway:bicycle":null,"traffic_sign":null,"start_date":"2021","lit":null,"segregated":null,"name":null,"foot":null,"bicycle":null,"width":"1.9","surface":"concrete","oneway":"yes"},"geometry":{"type":"LineString","coordinates":[[427588.244328685977962,6253083.528259348124266],[427588.465378509019502,6253079.368739245459437],[427586.527409707428887,6253071.239975301548839],[427506.507485973124858,6252837.999246050603688],[427494.604391366650816,6252806.639999313279986]]}},
{"type":"Feature","properties":{"full_id":"w1016975837","osm_id":"1016975837","osm_type":"way","highway":"cycleway","service":null,"alt_name":null,"crossing:island":null,"crossing:markings":null,"cycleway:width":null,"cycleway":null,"crossing":null,"smoothness":null,"priority_road":null,"footway:surface":null,"cycleway:surface":null,"access":null,"source:width":null,"layer":null,"bridge":null,"motor_vehicle":null,"oneway:bicycle":null,"traffic_sign":null,"start_date":"2021","lit":null,"segregated":"yes","name":null,"foot":"designated","bicycle":null,"width":"1.9","surface":"concrete","oneway":"yes"},"geometry":{"type":"LineString","coordinates":[[427650.393094828003086,6253203.251380867324769],[427725.679753335251007,6253497.866460585035384],[427729.992090849380475,6253503.579987526871264],[427734.900643883447628,6253522.931221237406135],[427733.927333233412355,6253529.648375615477562],[427746.630082459712867,6253575.471322721801698],[427763.540456223650835,6253625.888513461686671],[427769.587863217340782,6253635.734001290984452],[427778.694347985379864,6253642.834745484404266]]}},
{"type":"Feature","properties":{"full_id":"w1016975838","osm_id":"1016975838","osm_type":"way","highway":"cycleway","service":null,"alt_name":null,"crossing:island":null,"crossing:markings":null,"cycleway:width":null,"cycleway":null,"crossing":null,"smoothness":null,"priority_road":null,"footway:surface":null,"cycleway:surface":null,"access":null,"source:width":null,"layer":null,"bridge":null,"motor_vehicle":null,"oneway:bicycle":null,"traffic_sign":"FR:C115","start_date":"2021","lit":null,"segregated":"yes","name":null,"foot":"designated","bicycle":null,"width":"1.9","surface":"concrete","oneway":"yes"},"geometry":{"type":"LineString","coordinates":[[427634.764392801909707,6253084.475334484130144],[427633.323794205789454,6253084.981670493260026],[427621.854826450522523,6253089.007743139751256],[427619.728971654840279,6253090.399960617534816],[427618.179997222614475,6253092.368457401171327],[427617.060308358515613,6253095.45357508957386],[427617.002090725116432,6253097.903840114362538],[427617.115902591380291,6253101.915596131235361],[427617.865696398599539,6253105.410737777128816],[427642.966976579744369,6253178.766756281256676]]}},
{"type":"Feature","properties":{"full_id":"w1016975839","osm_id":"1016975839","osm_type":"way","highway":"cycleway","service":null,"alt_name":null,"crossing:island":null,"crossing:markings":null,"cycleway:width":null,"cycleway":null,"crossing":null,"smoothness":null,"priority_road":null,"footway:surface":null,"cycleway:surface":null,"access":null,"source:width":null,"layer":"1","bridge":"yes","motor_vehicle":null,"oneway:bicycle":null,"traffic_sign":"FR:C115","start_date":"2021","lit":null,"segregated":"yes","name":null,"foot":"designated","bicycle":null,"width":"1.9","surface":"concrete","oneway":"yes"},"geometry":{"type":"LineString","coordinates":[[427642.966976579744369,6253178.766756281256676],[427650.393094828003086,6253203.251380867324769]]}},
{"type":"Feature","properties":{"full_id":"w1016975840","osm_id":"1016975840","osm_type":"way","highway":"cycleway","service":null,"alt_name":null,"crossing:island":null,"crossing:markings":null,"cycleway:width":null,"cycleway":null,"crossing":null,"smoothness":null,"priority_road":null,"footway:surface":"asphalt","cycleway:surface":"asphalt","access":null,"source:width":null,"layer":null,"bridge":null,"motor_vehicle":null,"oneway:bicycle":null,"traffic_sign":null,"start_date":"2021","lit":null,"segregated":"yes","name":null,"foot":"designated","bicycle":null,"width":"1.9","surface":"asphalt","oneway":"yes"},"geometry":{"type":"LineString","coordinates":[[427748.207160563208163,6253658.395043530501425],[427746.600417823006865,6253645.82394194137305],[427743.216371297487058,6253634.05162949860096],[427730.954523305292241,6253599.358477503061295],[427723.24967543274397,6253589.694772652350366],[427717.188733494840562,6253571.894614952616394],[427717.27383990585804,6253559.763363158330321],[427628.665722998965066,6253203.853007377125323]]}},
{"type":"Feature","properties":{"full_id":"w1016975841","osm_id":"1016975841","osm_type":"way","highway":"cycleway","service":null,"alt_name":null,"crossing:island":null,"crossing:markings":null,"cycleway:width":null,"cycleway":null,"crossing":null,"smoothness":null,"priority_road":null,"footway:surface":null,"cycleway:surface":null,"access":null,"source:width":null,"layer":null,"bridge":null,"motor_vehicle":null,"oneway:bicycle":null,"traffic_sign":null,"start_date":"2021","lit":null,"segregated":"yes","name":null,"foot":"designated","bicycle":null,"width":"1.9","surface":"concrete","oneway":"yes"},"geometry":{"type":"LineString","coordinates":[[427622.343553704617079,6253183.171140236780047],[427598.649787308706436,6253107.963974477723241],[427596.666523066174705,6253105.83421896211803],[427590.73803027451504,6253102.236753623001277],[427587.700232686358504,6253101.286752033978701],[427582.913975230592769,6253101.434766654856503],[427581.150128491397481,6253096.825638167560101]]}},
{"type":"Feature","properties":{"full_id":"w1016975842","osm_id":"1016975842","osm_type":"way","highway":"cycleway","service":null,"alt_name":null,"crossing:island":null,"crossing:markings":null,"cycleway:width":null,"cycleway":null,"crossing":null,"smoothness":null,"priority_road":null,"footway:surface":null,"cycleway:surface":null,"access":null,"source:width":null,"layer":"1","bridge":"yes","motor_vehicle":null,"oneway:bicycle":null,"traffic_sign":null,"start_date":"2021","lit":null,"segregated":"yes","name":null,"foot":"designated","bicycle":null,"width":"1.9","surface":"concrete","oneway":"yes"},"geometry":{"type":"LineString","coordinates":[[427628.665722998965066,6253203.853007377125323],[427622.343553704617079,6253183.171140236780047]]}},
{"type":"Feature","properties":{"full_id":"w1017012908","osm_id":"1017012908","osm_type":"way","highway":"cycleway","service":null,"alt_name":null,"crossing:island":null,"crossing:markings":null,"cycleway:width":null,"cycleway":null,"crossing":null,"smoothness":null,"priority_road":null,"footway:surface":null,"cycleway:surface":null,"access":null,"source:width":null,"layer":null,"bridge":null,"motor_vehicle":null,"oneway:bicycle":null,"traffic_sign":null,"start_date":"2021","lit":null,"segregated":null,"name":null,"foot":null,"bicycle":null,"width":"2.9","surface":"concrete","oneway":"no"},"geometry":{"type":"LineString","coordinates":[[427781.117282113060355,6251547.131082347594202],[427780.794259893533308,6251542.972408507019281],[427778.941312660637777,6251538.756377092562616],[427744.47954717889661,6251507.320538857020438],[427741.177569527062587,6251503.422025717794895],[427739.774763212015387,6251501.768195116892457],[427724.347734331793617,6251482.329752969555557],[427718.146173346613068,6251467.372473539784551],[427717.185895044589415,6251465.043373178690672],[427714.509207448456436,6251448.334024465642869],[427714.85497213533381,6251419.201467711478472],[427714.871135468478315,6251418.243907799944282],[427724.126369434699882,6251369.528336216695607],[427726.953269817691762,6251358.237215776927769],[427732.418811797571834,6251336.386198982596397],[427737.209879739733879,6251279.938396137207747],[427727.229766388889402,6251199.039538144133985],[427726.078848191245925,6251189.742255864664912],[427713.266741644358262,6251140.663007596507668],[427711.985049692564644,6251135.74397682864219]]}},
{"type":"Feature","properties":{"full_id":"w1065147312","osm_id":"1065147312","osm_type":"way","highway":"cycleway","service":null,"alt_name":null,"crossing:island":null,"crossing:markings":null,"cycleway:width":null,"cycleway":null,"crossing":null,"smoothness":null,"priority_road":null,"footway:surface":null,"cycleway:surface":null,"access":null,"source:width":null,"layer":null,"bridge":null,"motor_vehicle":null,"oneway:bicycle":null,"traffic_sign":null,"start_date":null,"lit":null,"segregated":null,"name":null,"foot":null,"bicycle":null,"width":null,"surface":null,"oneway":null},"geometry":{"type":"LineString","coordinates":[[427008.780266293790191,6253942.438939237035811],[426997.825449506170116,6253946.288497027941048]]}},
{"type":"Feature","properties":{"full_id":"w1084670943","osm_id":"1084670943","osm_type":"way","highway":"cycleway","service":null,"alt_name":null,"crossing:island":null,"crossing:markings":null,"cycleway:width":null,"cycleway":null,"crossing":null,"smoothness":null,"priority_road":"yes","footway:surface":null,"cycleway:surface":null,"access":null,"source:width":null,"layer":null,"bridge":null,"motor_vehicle":null,"oneway:bicycle":null,"traffic_sign":"FR:C113","start_date":"2022","lit":null,"segregated":null,"name":null,"foot":null,"bicycle":null,"width":null,"surface":"concrete","oneway":null},"geometry":{"type":"LineString","coordinates":[[427990.371131310705096,6250688.247354973107576],[427975.872942488873377,6250679.795026699081063],[427973.403858881967608,6250677.719105215743184],[427966.228043828217778,6250670.435628698207438],[427955.915178027935326,6250662.951607667841017],[427944.401435697276611,6250656.275209504179657],[427934.019415232934989,6250650.607772326096892],[427928.620385863352567,6250648.233517858199775],[427917.560282161750365,6250642.672794862650335],[427909.503870615037158,6250638.764724123291671],[427848.899433776619844,6250608.34955682978034],[427843.922220196051057,6250605.768296771682799],[427834.962128236889839,6250601.631677591241896],[427829.086035163782071,6250598.932853443548083],[427811.674331381218508,6250594.97738532628864]]}},
{"type":"Feature","properties":{"full_id":"w1134526595","osm_id":"1134526595","osm_type":"way","highway":"cycleway","service":null,"alt_name":null,"crossing:island":null,"crossing:markings":null,"cycleway:width":null,"cycleway":null,"crossing":null,"smoothness":null,"priority_road":null,"footway:surface":null,"cycleway:surface":null,"access":null,"source:width":null,"layer":null,"bridge":null,"motor_vehicle":null,"oneway:bicycle":null,"traffic_sign":null,"start_date":null,"lit":null,"segregated":null,"name":null,"foot":null,"bicycle":null,"width":null,"surface":null,"oneway":"no"},"geometry":{"type":"LineString","coordinates":[[430221.364654405915644,6252810.531082943081856],[430221.699796338449232,6252813.087098309770226],[430223.196314412227366,6252824.506210645660758],[430223.375035287928768,6252825.856068285182118],[430223.92507508432027,6252829.849425788037479],[430222.596864024118986,6252833.220975774340332],[430218.91464990057284,6252836.246666361577809],[430216.00292077974882,6252839.629308892413974],[430213.811305363720749,6252843.137375968508422],[430212.33216201182222,6252846.782314916141331],[430211.001954955398105,6252851.455708598718047],[430208.99636724870652,6252854.366253956221044],[430205.599672896845732,6252856.456452978774905],[430202.367930393724237,6252856.870783725753427],[430182.703194347035605,6252859.401739560067654],[430178.623327404027805,6252859.92970603518188],[430174.711211691552307,6252858.848442791961133],[430171.753405053517781,6252857.281919524073601],[430168.582558189169504,6252854.322483011521399],[430158.058721110224724,6252843.806756112724543],[430156.226087427930906,6252840.412638041190803],[430155.328724537277594,6252835.888742108829319],[430154.88924590771785,6252833.748793749138713],[430152.805852738209069,6252823.633932400494814],[430152.315531676926184,6252821.251351743936539],[430150.453400015830994,6252817.157530995085835],[430150.042550836980809,6252812.613130409270525],[430150.834124568616971,6252808.073683581314981],[430152.212512435333338,6252804.544236108660698],[430154.882356566202361,6252800.626576509326696],[430157.843194204207975,6252797.252961216494441],[430160.244892660179175,6252795.838859555311501],[430172.327314935449976,6252788.787501955404878],[430178.186248203390278,6252785.369648614898324],[430184.219834842137061,6252781.855431821197271]]}},
{"type":"Feature","properties":{"full_id":"w1135948115","osm_id":"1135948115","osm_type":"way","highway":"cycleway","service":null,"alt_name":null,"crossing:island":null,"crossing:markings":null,"cycleway:width":null,"cycleway":null,"crossing":null,"smoothness":null,"priority_road":null,"footway:surface":null,"cycleway:surface":null,"access":null,"source:width":null,"layer":null,"bridge":null,"motor_vehicle":null,"oneway:bicycle":null,"traffic_sign":null,"start_date":null,"lit":null,"segregated":null,"name":null,"foot":null,"bicycle":null,"width":null,"surface":null,"oneway":"yes"},"geometry":{"type":"LineString","coordinates":[[425863.901019437995274,6249756.44796496629715],[425867.527037051389925,6249744.131315984763205]]}},
{"type":"Feature","properties":{"full_id":"w1135948116","osm_id":"1135948116","osm_type":"way","highway":"cycleway","service":null,"alt_name":null,"crossing:island":null,"crossing:markings":null,"cycleway:width":null,"cycleway":null,"crossing":null,"smoothness":"excellent","priority_road":null,"footway:surface":null,"cycleway:surface":null,"access":null,"source:width":null,"layer":null,"bridge":null,"motor_vehicle":null,"oneway:bicycle":null,"traffic_sign":null,"start_date":"2024","lit":null,"segregated":null,"name":null,"foot":null,"bicycle":null,"width":null,"surface":"concrete:plates","oneway":"yes"},"geometry":{"type":"LineString","coordinates":[[425867.527037051389925,6249744.131315984763205],[425882.122992004151456,6249740.502506786026061],[425915.310809602902737,6249732.039235775358975],[425933.978744696301874,6249728.792657098732889],[425939.205753292073496,6249727.868048138916492],[425941.42880657222122,6249726.638018054887652],[425942.858394012786448,6249724.718700017780066],[425943.843426201550756,6249721.716858939267695],[425942.452071969513781,6249702.6829829281196],[425940.561427721695509,6249684.326939979568124],[425940.28093176020775,6249681.190086122602224],[425940.314767609117553,6249676.281766855157912],[425941.783415461017285,6249672.235578874126077],[425945.030529470415786,6249668.725273909978569],[425950.252892287797295,6249664.841174157336354],[426010.82137157820398,6249633.543449773453176],[426011.661439772986341,6249632.661890872754157],[426013.131559681438375,6249631.119163050316274],[426068.577772418910172,6249604.324862492270768],[426146.476779627031647,6249565.455617603845894],[426148.804588180501014,6249565.72328663803637],[426153.313699907623231,6249566.253763360902667],[426210.910448223701678,6249537.265858228318393],[426279.375732136599254,6249533.03826719801873],[426291.05680846911855,6249532.316632237285376],[426416.665062206157017,6249523.84673285856843],[426420.592074345157016,6249525.781964215449989],[426424.527196888055187,6249527.716851484030485]]}},
{"type":"Feature","properties":{"full_id":"w1140247381","osm_id":"1140247381","osm_type":"way","highway":"cycleway","service":null,"alt_name":null,"crossing:island":null,"crossing:markings":null,"cycleway:width":null,"cycleway":"crossing","crossing":"uncontrolled","smoothness":null,"priority_road":null,"footway:surface":null,"cycleway:surface":null,"access":null,"source:width":null,"layer":null,"bridge":null,"motor_vehicle":null,"oneway:bicycle":null,"traffic_sign":null,"start_date":null,"lit":null,"segregated":null,"name":null,"foot":null,"bicycle":null,"width":null,"surface":null,"oneway":null},"geometry":{"type":"LineString","coordinates":[[428083.004735990660265,6252961.080530186183751],[428081.91926034016069,6252953.883418439887464],[428081.121825248061214,6252946.774210014380515]]}},
{"type":"Feature","properties":{"full_id":"w1143712217","osm_id":"1143712217","osm_type":"way","highway":"cycleway","service":null,"alt_name":null,"crossing:island":null,"crossing:markings":null,"cycleway:width":null,"cycleway":null,"crossing":null,"smoothness":null,"priority_road":null,"footway:surface":null,"cycleway:surface":null,"access":null,"source:width":null,"layer":null,"bridge":null,"motor_vehicle":null,"oneway:bicycle":null,"traffic_sign":null,"start_date":null,"lit":null,"segregated":null,"name":null,"foot":null,"bicycle":null,"width":null,"surface":"asphalt","oneway":"yes"},"geometry":{"type":"LineString","coordinates":[[427603.26187468925491,6250511.82135259360075],[427608.02316596970195,6250514.289226229302585],[427671.871397906797938,6250529.588045721873641],[427681.193700243311469,6250531.917682823725045],[427695.757267189968843,6250535.582214009948075],[427711.865144086070359,6250539.637312756851315],[427729.637581306626089,6250544.04449924826622],[427778.255172888864763,6250555.674724001437426],[427780.463605539349373,6250556.203946834430099],[427798.294698904035613,6250560.464181636460125],[427812.12808864552062,6250564.160001486539841],[427824.297870168404188,6250571.542649883776903],[427909.232830822234973,6250592.022805321961641],[427911.939812859985977,6250592.619905234314501],[427922.158050976810046,6250594.811685526743531],[427927.104101195698604,6250596.659982085227966]]}},
{"type":"Feature","properties":{"full_id":"w1143712218","osm_id":"1143712218","osm_type":"way","highway":"cycleway","service":null,"alt_name":null,"crossing:island":null,"crossing:markings":null,"cycleway:width":null,"cycleway":null,"crossing":null,"smoothness":null,"priority_road":null,"footway:surface":null,"cycleway:surface":null,"access":null,"source:width":null,"layer":null,"bridge":null,"motor_vehicle":null,"oneway:bicycle":null,"traffic_sign":"FR:C113","start_date":"2022","lit":null,"segregated":null,"name":null,"foot":null,"bicycle":null,"width":null,"surface":"concrete","oneway":null},"geometry":{"type":"LineString","coordinates":[[427811.674331381218508,6250594.97738532628864],[427773.496188801946118,6250584.805849234573543],[427771.647974734136369,6250584.339204575866461],[427762.29145100270398,6250581.966390327550471],[427756.149557416734751,6250580.280311697162688],[427736.143058694317006,6250575.311559939756989],[427696.097515443572775,6250565.375622573308647],[427691.44793543824926,6250564.004460961557925]]}},
{"type":"Feature","properties":{"full_id":"w1143712222","osm_id":"1143712222","osm_type":"way","highway":"cycleway","service":null,"alt_name":null,"crossing:island":null,"crossing:markings":null,"cycleway:width":null,"cycleway":null,"crossing":null,"smoothness":null,"priority_road":null,"footway:surface":null,"cycleway:surface":null,"access":null,"source:width":null,"layer":null,"bridge":null,"motor_vehicle":null,"oneway:bicycle":null,"traffic_sign":"FR:C113","start_date":null,"lit":"yes","segregated":null,"name":null,"foot":null,"bicycle":null,"width":"2","surface":"concrete","oneway":"yes"},"geometry":{"type":"LineString","coordinates":[[427691.44793543824926,6250564.004460961557925],[427687.325989520817529,6250562.811146930791438],[427684.671281357936095,6250561.533201650716364],[427682.932008959702216,6250559.615506071597338],[427680.45478762302082,6250556.204856158234179],[427679.157060398079921,6250554.92485167644918],[427676.508790419436991,6250554.180707463994622],[427649.589199343754444,6250547.358731647953391],[427609.550804024504032,6250537.790189379826188],[427600.832430993206799,6250535.713133882731199],[427593.621967452694662,6250536.609493722207844],[427588.00273553217994,6250535.368656053207815],[427581.456666557642166,6250533.544158889912069],[427577.957487410982139,6250529.7987096067518],[427570.969457692524884,6250527.136279447004199],[427563.556002994882874,6250524.024638563394547],[427533.003190247691236,6250517.190779596567154],[427522.609206694469322,6250515.841570924036205],[427511.605353510414716,6250514.674095313064754],[427499.100462431146298,6250508.786099307239056]]}},
{"type":"Feature","properties":{"full_id":"w1143721460","osm_id":"1143721460","osm_type":"way","highway":"cycleway","service":null,"alt_name":null,"crossing:island":null,"crossing:markings":null,"cycleway:width":null,"cycleway":null,"crossing":null,"smoothness":null,"priority_road":null,"footway:surface":null,"cycleway:surface":null,"access":null,"source:width":null,"layer":null,"bridge":null,"motor_vehicle":null,"oneway:bicycle":null,"traffic_sign":null,"start_date":null,"lit":null,"segregated":null,"name":null,"foot":null,"bicycle":null,"width":"1.5","surface":"asphalt","oneway":"yes"},"geometry":{"type":"LineString","coordinates":[[427512.544556340377312,6250486.895748775452375],[427519.054614082386252,6250491.69248953089118],[427525.36163867614232,6250495.919294849038124],[427529.045082654803991,6250497.309186452999711],[427534.571819204895291,6250499.622054286301136],[427577.951604816596955,6250509.025776728987694],[427592.220848342054524,6250511.690084801055491],[427603.26187468925491,6250511.82135259360075]]}},
{"type":"Feature","properties":{"full_id":"w1146997978","osm_id":"1146997978","osm_type":"way","highway":"cycleway","service":null,"alt_name":null,"crossing:island":null,"crossing:markings":null,"cycleway:width":null,"cycleway":null,"crossing":null,"smoothness":null,"priority_road":null,"footway:surface":null,"cycleway:surface":null,"access":null,"source:width":null,"layer":null,"bridge":null,"motor_vehicle":null,"oneway:bicycle":null,"traffic_sign":null,"start_date":null,"lit":null,"segregated":null,"name":null,"foot":null,"bicycle":null,"width":null,"surface":null,"oneway":"no"},"geometry":{"type":"LineString","coordinates":[[428360.808608082064893,6252942.568129664286971],[428368.783832468907349,6252944.443904835730791],[428376.521078540885355,6252946.263027981854975],[428381.189936474489514,6252947.366733119823039]]}},
{"type":"Feature","properties":{"full_id":"w1158676562","osm_id":"1158676562","osm_type":"way","highway":"cycleway","service":null,"alt_name":null,"crossing:island":null,"crossing:markings":null,"cycleway:width":null,"cycleway":null,"crossing":null,"smoothness":null,"priority_road":null,"footway:surface":null,"cycleway:surface":null,"access":null,"source:width":null,"layer":null,"bridge":null,"motor_vehicle":null,"oneway:bicycle":null,"traffic_sign":null,"start_date":null,"lit":null,"segregated":null,"name":null,"foot":null,"bicycle":null,"width":null,"surface":"concrete","oneway":"yes"},"geometry":{"type":"LineString","coordinates":[[427781.117282113060355,6251547.131082347594202],[427781.455495887028519,6251551.456006496213377],[427785.259899983764626,6251559.338688452728093]]}},
{"type":"Feature","properties":{"full_id":"w1158676563","osm_id":"1158676563","osm_type":"way","highway":"cycleway","service":null,"alt_name":null,"crossing:island":null,"crossing:markings":null,"cycleway:width":null,"cycleway":null,"crossing":null,"smoothness":null,"priority_road":null,"footway:surface":null,"cycleway:surface":null,"access":null,"source:width":null,"layer":null,"bridge":null,"motor_vehicle":null,"oneway:bicycle":null,"traffic_sign":null,"start_date":null,"lit":null,"segregated":null,"name":null,"foot":null,"bicycle":null,"width":null,"surface":"concrete","oneway":"no"},"geometry":{"type":"LineString","coordinates":[[427781.117282113060355,6251547.131082347594202],[427792.484049110673368,6251545.60204032342881]]}},
{"type":"Feature","properties":{"full_id":"w1158676564","osm_id":"1158676564","osm_type":"way","highway":"cycleway","service":null,"alt_name":null,"crossing:island":null,"crossing:markings":null,"cycleway:width":null,"cycleway":null,"crossing":null,"smoothness":null,"priority_road":null,"footway:surface":null,"cycleway:surface":null,"access":null,"source:width":null,"layer":null,"bridge":null,"motor_vehicle":null,"oneway:bicycle":null,"traffic_sign":null,"start_date":null,"lit":null,"segregated":null,"name":null,"foot":null,"bicycle":null,"width":null,"surface":"concrete","oneway":"yes"},"geometry":{"type":"LineString","coordinates":[[427792.484049110673368,6251545.60204032342881],[427801.184345531044528,6251544.420008529908955],[427802.646514871157706,6251545.559512926265597],[427804.965709985757712,6251546.217534577473998],[427821.712593690259382,6251544.148333888500929],[427823.788607736234553,6251545.584419914521277],[427824.773896685102955,6251553.664822961203754],[427825.623240960412659,6251560.64948895201087],[427824.623792524216697,6251562.750351356342435],[427822.779377038765233,6251562.940004303120077],[427820.560346509271767,6251564.44736906606704],[427819.885309983044863,6251566.534444376826286],[427820.325670166348573,6251571.734013632871211],[427818.97765677497955,6251573.471393528394401],[427814.516858768649399,6251574.039283393882215]]}},
{"type":"Feature","properties":{"full_id":"w1158716727","osm_id":"1158716727","osm_type":"way","highway":"cycleway","service":null,"alt_name":null,"crossing:island":null,"crossing:markings":null,"cycleway:width":null,"cycleway":null,"crossing":null,"smoothness":null,"priority_road":null,"footway:surface":null,"cycleway:surface":null,"access":null,"source:width":null,"layer":null,"bridge":null,"motor_vehicle":null,"oneway:bicycle":null,"traffic_sign":null,"start_date":null,"lit":null,"segregated":null,"name":null,"foot":null,"bicycle":null,"width":null,"surface":"asphalt","oneway":"no"},"geometry":{"type":"LineString","coordinates":[[427581.150128491397481,6253096.825638167560101],[427579.62355868407758,6253092.829487586393952]]}},
{"type":"Feature","properties":{"full_id":"w1158716728","osm_id":"1158716728","osm_type":"way","highway":"cycleway","service":null,"alt_name":null,"crossing:island":null,"crossing:markings":null,"cycleway:width":null,"cycleway":null,"crossing":null,"smoothness":null,"priority_road":null,"footway:surface":null,"cycleway:surface":null,"access":null,"source:width":null,"layer":null,"bridge":null,"motor_vehicle":null,"oneway:bicycle":null,"traffic_sign":null,"start_date":null,"lit":null,"segregated":null,"name":null,"foot":null,"bicycle":null,"width":null,"surface":"concrete","oneway":"no"},"geometry":{"type":"LineString","coordinates":[[427614.44912442471832,6253074.936482267454267],[427620.736327262769919,6253076.082048088312149],[427629.75993746513268,6253074.529905755072832],[427632.085916524985805,6253073.640988675877452]]}},
{"type":"Feature","properties":{"full_id":"w1158716729","osm_id":"1158716729","osm_type":"way","highway":"cycleway","service":null,"alt_name":null,"crossing:island":null,"crossing:markings":null,"cycleway:width":null,"cycleway":null,"crossing":null,"smoothness":null,"priority_road":null,"footway:surface":null,"cycleway:surface":null,"access":null,"source:width":null,"layer":null,"bridge":null,"motor_vehicle":null,"oneway:bicycle":null,"traffic_sign":null,"start_date":null,"lit":null,"segregated":null,"name":null,"foot":null,"bicycle":null,"width":null,"surface":"asphalt","oneway":"no"},"geometry":{"type":"LineString","coordinates":[[427588.244328685977962,6253083.528259348124266],[427594.453143423481379,6253081.495008870959282],[427602.889142527885269,6253078.732808304950595],[427614.44912442471832,6253074.936482267454267]]}},
{"type":"Feature","properties":{"full_id":"w1158716730","osm_id":"1158716730","osm_type":"way","highway":"cycleway","service":null,"alt_name":null,"crossing:island":null,"crossing:markings":null,"cycleway:width":null,"cycleway":null,"crossing":null,"smoothness":null,"priority_road":null,"footway:surface":null,"cycleway:surface":null,"access":null,"source:width":null,"layer":null,"bridge":null,"motor_vehicle":null,"oneway:bicycle":null,"traffic_sign":null,"start_date":null,"lit":null,"segregated":null,"name":null,"foot":null,"bicycle":null,"width":null,"surface":"asphalt","oneway":"no"},"geometry":{"type":"LineString","coordinates":[[427633.323794205789454,6253084.981670493260026],[427631.003785304608755,6253078.182052837684751],[427629.75993746513268,6253074.529905755072832]]}},
{"type":"Feature","properties":{"full_id":"w1158716731","osm_id":"1158716731","osm_type":"way","highway":"cycleway","service":null,"alt_name":null,"crossing:island":null,"crossing:markings":null,"cycleway:width":null,"cycleway":null,"crossing":null,"smoothness":null,"priority_road":null,"footway:surface":null,"cycleway:surface":null,"access":null,"source:width":null,"layer":null,"bridge":null,"motor_vehicle":null,"oneway:bicycle":null,"traffic_sign":null,"start_date":null,"lit":null,"segregated":null,"name":null,"foot":null,"bicycle":null,"width":null,"surface":"concrete","oneway":"no"},"geometry":{"type":"LineString","coordinates":[[427579.62355868407758,6253092.829487586393952],[427584.207916902552824,6253089.46343039534986],[427588.244328685977962,6253083.528259348124266]]}},
{"type":"Feature","properties":{"full_id":"w1167424220","osm_id":"1167424220","osm_type":"way","highway":"cycleway","service":null,"alt_name":null,"crossing:island":null,"crossing:markings":null,"cycleway:width":null,"cycleway":null,"crossing":null,"smoothness":null,"priority_road":null,"footway:surface":null,"cycleway:surface":null,"access":null,"source:width":null,"layer":null,"bridge":null,"motor_vehicle":null,"oneway:bicycle":null,"traffic_sign":null,"start_date":null,"lit":null,"segregated":null,"name":null,"foot":null,"bicycle":null,"width":"1.5","surface":"concrete","oneway":"yes"},"geometry":{"type":"LineString","coordinates":[[427439.253303570498247,6252592.176753578707576],[427442.509662913507782,6252597.300907873548567],[427444.180953903356567,6252601.257508586160839],[427445.586291423067451,6252607.172543219290674]]}},
{"type":"Feature","properties":{"full_id":"w1167424222","osm_id":"1167424222","osm_type":"way","highway":"cycleway","service":null,"alt_name":null,"crossing:island":null,"crossing:markings":null,"cycleway:width":null,"cycleway":null,"crossing":null,"smoothness":null,"priority_road":null,"footway:surface":null,"cycleway:surface":null,"access":null,"source:width":null,"layer":null,"bridge":null,"motor_vehicle":null,"oneway:bicycle":null,"traffic_sign":null,"start_date":null,"lit":null,"segregated":null,"name":null,"foot":null,"bicycle":null,"width":"1.5","surface":"concrete","oneway":"yes"},"geometry":{"type":"LineString","coordinates":[[427417.859862070123199,6252618.800477581098676],[427414.603019195958041,6252613.665230358950794],[427412.939821175532416,6252609.708292480558157],[427411.526817547797691,6252603.804716507904232]]}},
{"type":"Feature","properties":{"full_id":"w1168000209","osm_id":"1168000209","osm_type":"way","highway":"cycleway","service":null,"alt_name":null,"crossing:island":null,"crossing:markings":null,"cycleway:width":null,"cycleway":null,"crossing":null,"smoothness":null,"priority_road":null,"footway:surface":null,"cycleway:surface":null,"access":null,"source:width":null,"layer":null,"bridge":null,"motor_vehicle":null,"oneway:bicycle":null,"traffic_sign":null,"start_date":null,"lit":null,"segregated":null,"name":null,"foot":null,"bicycle":null,"width":"1.85","surface":"concrete","oneway":"yes"},"geometry":{"type":"LineString","coordinates":[[427489.503474389202893,6252718.091119403019547],[427490.597569515695795,6252722.038913104683161],[427499.77088421327062,6252755.105421651154757],[427500.694563367811497,6252763.065952156670392]]}},
{"type":"Feature","properties":{"full_id":"w1175921650","osm_id":"1175921650","osm_type":"way","highway":"cycleway","service":null,"alt_name":null,"crossing:island":null,"crossing:markings":null,"cycleway:width":null,"cycleway":null,"crossing":null,"smoothness":null,"priority_road":null,"footway:surface":null,"cycleway:surface":null,"access":null,"source:width":null,"layer":null,"bridge":null,"motor_vehicle":null,"oneway:bicycle":null,"traffic_sign":null,"start_date":null,"lit":null,"segregated":null,"name":null,"foot":null,"bicycle":null,"width":null,"surface":null,"oneway":"yes"},"geometry":{"type":"LineString","coordinates":[[427478.805595742480364,6252779.374172440730035],[427479.616938068065792,6252776.869591204449534],[427462.928991832886823,6252731.961868666112423],[427461.506675787153654,6252728.128187109716237]]}},
{"type":"Feature","properties":{"full_id":"w1189374511","osm_id":"1189374511","osm_type":"way","highway":"cycleway","service":null,"alt_name":null,"crossing:island":null,"crossing:markings":null,"cycleway:width":null,"cycleway":null,"crossing":null,"smoothness":null,"priority_road":null,"footway:surface":null,"cycleway:surface":null,"access":null,"source:width":null,"layer":null,"bridge":null,"motor_vehicle":null,"oneway:bicycle":null,"traffic_sign":null,"start_date":null,"lit":null,"segregated":null,"name":null,"foot":null,"bicycle":null,"width":null,"surface":"asphalt","oneway":null},"geometry":{"type":"LineString","coordinates":[[426466.416861405537929,6249480.509018013253808],[426475.329623937839642,6249469.39122708607465],[426538.427626577904448,6249447.370412888005376],[426544.350327704334632,6249446.171825371682644],[426604.277224724937696,6249425.444211654365063],[426639.253109261218924,6249412.735975723713636],[426662.055612447380554,6249404.452790318056941],[426671.282233832695056,6249401.633507280610502],[426676.889424001099542,6249400.849065999500453],[426682.317784552578814,6249401.207178306765854],[426684.643309760780539,6249401.230354615487158],[426690.879303956404328,6249402.611049493774772]]}},
{"type":"Feature","properties":{"full_id":"w1189378041","osm_id":"1189378041","osm_type":"way","highway":"cycleway","service":null,"alt_name":null,"crossing:island":null,"crossing:markings":null,"cycleway:width":null,"cycleway":null,"crossing":null,"smoothness":null,"priority_road":null,"footway:surface":null,"cycleway:surface":null,"access":null,"source:width":null,"layer":null,"bridge":null,"motor_vehicle":null,"oneway:bicycle":null,"traffic_sign":null,"start_date":null,"lit":null,"segregated":null,"name":null,"foot":null,"bicycle":null,"width":null,"surface":"asphalt","oneway":null},"geometry":{"type":"LineString","coordinates":[[426690.879303956404328,6249402.611049493774772],[426750.939146648859605,6249418.519228953868151],[426782.528227892005816,6249427.397298573516309],[426795.230178590922151,6249430.026679516769946],[426809.467601211101282,6249437.786747734062374]]}},
{"type":"Feature","properties":{"full_id":"w1189736742","osm_id":"1189736742","osm_type":"way","highway":"cycleway","service":null,"alt_name":null,"crossing:island":null,"crossing:markings":null,"cycleway:width":null,"cycleway":null,"crossing":null,"smoothness":"excellent","priority_road":null,"footway:surface":null,"cycleway:surface":null,"access":null,"source:width":null,"layer":null,"bridge":"yes","motor_vehicle":null,"oneway:bicycle":null,"traffic_sign":null,"start_date":null,"lit":null,"segregated":null,"name":null,"foot":null,"bicycle":null,"width":null,"surface":"concrete:plates","oneway":"yes"},"geometry":{"type":"LineString","coordinates":[[425794.555133085348643,6249612.265311406925321],[425836.796982796629891,6249718.297309335321188]]}},
{"type":"Feature","properties":{"full_id":"w1220381453","osm_id":"1220381453","osm_type":"way","highway":"cycleway","service":null,"alt_name":null,"crossing:island":null,"crossing:markings":null,"cycleway:width":null,"cycleway":null,"crossing":null,"smoothness":"excellent","priority_road":null,"footway:surface":null,"cycleway:surface":null,"access":null,"source:width":null,"layer":null,"bridge":null,"motor_vehicle":null,"oneway:bicycle":null,"traffic_sign":null,"start_date":"2024","lit":null,"segregated":null,"name":null,"foot":null,"bicycle":null,"width":null,"surface":"concrete:plates","oneway":"yes"},"geometry":{"type":"LineString","coordinates":[[426365.404705709486734,6249532.422811965458095],[426362.157248408824671,6249536.122062184847891],[426279.887894088751636,6249542.551945960149169],[426265.039432151301298,6249543.709365800954401],[426243.617144507123157,6249545.470415933057666],[426214.263268027629238,6249548.204738400876522],[426169.55882065667538,6249569.820854796096683],[426164.741274609346874,6249572.151982361450791],[426017.045585776155349,6249643.580553008243442],[425998.237362231360748,6249652.674392215907574],[425994.475168347998988,6249654.404176856391132],[425964.992859541904181,6249667.99368304759264],[425957.842000611533877,6249674.86433669552207],[425954.285157202451956,6249681.013784389011562],[425954.220735507085919,6249693.756602076813579],[425955.114557720487937,6249701.351274118758738],[425956.813576368032955,6249715.79892036318779],[425957.721208720759023,6249723.526520838961005],[425957.211784430139232,6249727.38702139724046],[425955.547526052629109,6249731.230165647342801],[425951.33351535955444,6249735.315910566598177],[425945.062052362656686,6249738.043210134841502],[425935.576262133428827,6249740.106913193129003],[425928.89938962191809,6249741.716651447117329],[425921.120129656686913,6249743.584970089606941],[425915.392941058787983,6249744.976062908768654],[425909.560766873939428,6249746.382779685780406],[425903.83310765720671,6249747.762776460498571],[425898.00905067374697,6249749.169156614691019],[425891.565558168687858,6249750.724441533908248],[425885.451831046899315,6249752.198861821554601],[425881.523130927234888,6249754.214007797650993],[425878.427680729771964,6249755.948712263256311],[425874.34604268334806,6249759.327863823622465],[425870.981949553475715,6249763.711094142869115],[425867.542178305389825,6249769.744315313175321],[425866.098136939341202,6249772.654545137658715],[425863.898423006059602,6249777.088090759702027],[425863.755204828979913,6249780.198566723614931],[425863.735067776637152,6249783.526309223845601],[425864.145660860813223,6249785.14436159003526],[425864.763213686004747,6249787.610312380827963],[425866.315655699931085,6249792.550887085497379],[425864.630448397307191,6249799.321272439323366]]}},
{"type":"Feature","properties":{"full_id":"w1273004240","osm_id":"1273004240","osm_type":"way","highway":"cycleway","service":null,"alt_name":null,"crossing:island":null,"crossing:markings":null,"cycleway:width":null,"cycleway":null,"crossing":null,"smoothness":null,"priority_road":null,"footway:surface":null,"cycleway:surface":null,"access":null,"source:width":null,"layer":null,"bridge":null,"motor_vehicle":null,"oneway:bicycle":null,"traffic_sign":null,"start_date":null,"lit":null,"segregated":null,"name":null,"foot":null,"bicycle":null,"width":null,"surface":null,"oneway":"yes"},"geometry":{"type":"LineString","coordinates":[[425890.745400384417735,6252390.132186815142632],[425902.707457210752182,6252392.679912122897804]]}},
{"type":"Feature","properties":{"full_id":"w1273036870","osm_id":"1273036870","osm_type":"way","highway":"cycleway","service":null,"alt_name":null,"crossing:island":null,"crossing:markings":null,"cycleway:width":null,"cycleway":null,"crossing":null,"smoothness":null,"priority_road":null,"footway:surface":null,"cycleway:surface":null,"access":null,"source:width":null,"layer":null,"bridge":null,"motor_vehicle":null,"oneway:bicycle":null,"traffic_sign":null,"start_date":null,"lit":"yes","segregated":null,"name":null,"foot":null,"bicycle":null,"width":null,"surface":"asphalt","oneway":"yes"},"geometry":{"type":"LineString","coordinates":[[427442.437184729671571,6250369.022374579682946],[427448.2225245233858,6250369.388156807050109],[427451.588370858167764,6250372.861056925728917],[427453.788479314069264,6250375.293161854147911],[427456.886476326792035,6250379.155763298273087],[427461.226038344262633,6250382.97666450496763],[427468.204590995330364,6250388.276375757530332],[427469.608868787123356,6250389.384911012835801],[427482.415252038044855,6250399.488116230815649],[427490.09507689520251,6250408.474270080216229],[427496.645854785165284,6250421.102331073023379],[427499.757262170198373,6250431.584656898863614],[427503.765813723031897,6250448.637965702451766],[427507.984996878716629,6250473.125950600020587],[427509.218968931410927,6250480.928772022947669],[427510.0729661284131,6250483.429285587742925],[427512.544556340377312,6250486.895748775452375]]}},
{"type":"Feature","properties":{"full_id":"w1273306003","osm_id":"1273306003","osm_type":"way","highway":"cycleway","service":null,"alt_name":null,"crossing:island":null,"crossing:markings":null,"cycleway:width":null,"cycleway":null,"crossing":null,"smoothness":null,"priority_road":null,"footway:surface":null,"cycleway:surface":null,"access":null,"source:width":null,"layer":null,"bridge":null,"motor_vehicle":null,"oneway:bicycle":null,"traffic_sign":null,"start_date":null,"lit":null,"segregated":null,"name":null,"foot":null,"bicycle":null,"width":null,"surface":"asphalt","oneway":null},"geometry":{"type":"LineString","coordinates":[[427278.189628436695784,6251239.141146877780557],[427271.952191094867885,6251235.200955695472658],[427267.066365339502227,6251218.352131733670831],[427263.478858428774402,6251204.897226503118873],[427263.025278554530814,6251194.246250320225954],[427264.022741204302292,6251190.76569090783596],[427264.854436623631045,6251185.300551202148199]]}},
{"type":"Feature","properties":{"full_id":"w1273306006","osm_id":"1273306006","osm_type":"way","highway":"cycleway","service":null,"alt_name":null,"crossing:island":null,"crossing:markings":null,"cycleway:width":"3","cycleway":null,"crossing":null,"smoothness":null,"priority_road":null,"footway:surface":"asphalt","cycleway:surface":"concrete","access":null,"source:width":null,"layer":null,"bridge":null,"motor_vehicle":null,"oneway:bicycle":null,"traffic_sign":null,"start_date":"2018","lit":null,"segregated":"yes","name":null,"foot":"yes","bicycle":null,"width":"1.5","surface":"paved","oneway":"yes"},"geometry":{"type":"LineString","coordinates":[[426992.087585687986575,6251395.452248080633581],[426977.951142775767948,6251367.849248989485204],[426960.844245646381751,6251326.987743016332388],[426960.198407624091487,6251322.13074763212353],[426959.967337183596101,6251316.710870808921754]]}},
{"type":"Feature","properties":{"full_id":"w1273306007","osm_id":"1273306007","osm_type":"way","highway":"cycleway","service":null,"alt_name":null,"crossing:island":null,"crossing:markings":null,"cycleway:width":null,"cycleway":null,"crossing":null,"smoothness":null,"priority_road":null,"footway:surface":null,"cycleway:surface":null,"access":null,"source:width":null,"layer":null,"bridge":null,"motor_vehicle":null,"oneway:bicycle":null,"traffic_sign":null,"start_date":"2018","lit":null,"segregated":null,"name":null,"foot":null,"bicycle":null,"width":"1.5","surface":"concrete","oneway":"yes"},"geometry":{"type":"LineString","coordinates":[[426959.967337183596101,6251316.710870808921754],[426901.170188325166237,6251201.944569393061101],[426890.28533386089839,6251182.013846369460225],[426864.756684187799692,6251133.467169465497136],[426859.05007451743586,6251121.215469230897725]]}},
{"type":"Feature","properties":{"full_id":"w1342950862","osm_id":"1342950862","osm_type":"way","highway":"cycleway","service":null,"alt_name":null,"crossing:island":null,"crossing:markings":null,"cycleway:width":null,"cycleway":null,"crossing":null,"smoothness":null,"priority_road":null,"footway:surface":null,"cycleway:surface":null,"access":null,"source:width":null,"layer":null,"bridge":null,"motor_vehicle":null,"oneway:bicycle":null,"traffic_sign":null,"start_date":"2024","lit":null,"segregated":null,"name":null,"foot":null,"bicycle":null,"width":null,"surface":null,"oneway":"yes"},"geometry":{"type":"LineString","coordinates":[[425923.313905619259458,6254685.317881429567933],[425912.555519577290397,6254684.988576995208859],[425907.034703548299149,6254684.835559099912643],[425902.838930926402099,6254685.47140628285706],[425896.792333636432886,6254688.02235665731132],[425893.792624901107047,6254691.555468131788075],[425891.838629407458939,6254695.043800135143101],[425887.891645927273203,6254701.109777041710913],[425883.753141010238323,6254705.737535907886922],[425878.772212338866666,6254709.088468164205551],[425874.839870239899028,6254712.272107963450253],[425872.070243395864964,6254718.143031418323517],[425869.566204973438289,6254724.147223956882954],[425869.019552951678634,6254725.984226525761187],[425868.415185939404182,6254727.990595788694918],[425867.645704988623038,6254735.622830799780786],[425867.125881276093423,6254740.740950343199074],[425865.490917508199345,6254797.755492400377989],[425861.129644985659979,6254804.006123660132289]]}},
{"type":"Feature","properties":{"full_id":"w1342950869","osm_id":"1342950869","osm_type":"way","highway":"cycleway","service":null,"alt_name":null,"crossing:island":null,"crossing:markings":null,"cycleway:width":null,"cycleway":null,"crossing":null,"smoothness":null,"priority_road":null,"footway:surface":null,"cycleway:surface":null,"access":null,"source:width":null,"layer":null,"bridge":null,"motor_vehicle":null,"oneway:bicycle":null,"traffic_sign":null,"start_date":"2024","lit":null,"segregated":null,"name":null,"foot":null,"bicycle":null,"width":null,"surface":null,"oneway":"yes"},"geometry":{"type":"LineString","coordinates":[[425864.859358587360475,6254631.499584754928946],[425868.872730375966057,6254637.792104304768145],[425872.510681219922844,6254641.007583303377032],[425878.072706176608335,6254644.018275588750839],[425883.182134526665322,6254647.649176361970603],[425887.125090523390099,6254652.298024117946625],[425890.697549205215182,6254656.82922382093966],[425894.873221211193595,6254661.223330692388117],[425900.000201477727387,6254665.45431349799037],[425903.590153606957756,6254666.980661778710783],[425905.658106348419096,6254667.860100280493498],[425908.70369908522116,6254671.846426835283637]]}},
{"type":"Feature","properties":{"full_id":"w1353611226","osm_id":"1353611226","osm_type":"way","highway":"cycleway","service":null,"alt_name":null,"crossing:island":null,"crossing:markings":null,"cycleway:width":null,"cycleway":null,"crossing":null,"smoothness":null,"priority_road":null,"footway:surface":null,"cycleway:surface":null,"access":null,"source:width":null,"layer":null,"bridge":null,"motor_vehicle":null,"oneway:bicycle":null,"traffic_sign":null,"start_date":null,"lit":null,"segregated":null,"name":null,"foot":null,"bicycle":null,"width":null,"surface":null,"oneway":"yes"},"geometry":{"type":"LineString","coordinates":[[426996.167677067220211,6251403.867962873540819],[426992.295535574958194,6251401.473937623202801],[426990.000298274273518,6251400.047454334795475],[426981.808988911565393,6251399.640052149072289],[426971.136582456761971,6251400.117289743386209]]}},
{"type":"Feature","properties":{"full_id":"w1374499396","osm_id":"1374499396","osm_type":"way","highway":"cycleway","service":null,"alt_name":null,"crossing:island":null,"crossing:markings":"yes","cycleway:width":null,"cycleway":"crossing","crossing":"uncontrolled","smoothness":null,"priority_road":null,"footway:surface":null,"cycleway:surface":null,"access":null,"source:width":null,"layer":null,"bridge":null,"motor_vehicle":null,"oneway:bicycle":null,"traffic_sign":null,"start_date":null,"lit":null,"segregated":null,"name":null,"foot":null,"bicycle":null,"width":null,"surface":null,"oneway":null},"geometry":{"type":"LineString","coordinates":[[427839.554782119754236,6250597.074946434237063],[427837.26174332149094,6250598.952618649229407],[427834.962128236889839,6250601.631677591241896]]}},
{"type":"Feature","properties":{"full_id":"w1374499398","osm_id":"1374499398","osm_type":"way","highway":"cycleway","service":null,"alt_name":null,"crossing:island":"yes","crossing:markings":"yes","cycleway:width":null,"cycleway":"crossing","crossing":"marked","smoothness":null,"priority_road":null,"footway:surface":null,"cycleway:surface":null,"access":null,"source:width":null,"layer":null,"bridge":null,"motor_vehicle":null,"oneway:bicycle":null,"traffic_sign":null,"start_date":null,"lit":null,"segregated":null,"name":null,"foot":null,"bicycle":null,"width":null,"surface":null,"oneway":null},"geometry":{"type":"LineString","coordinates":[[427905.523832159407903,6250607.434762144461274],[427906.7983609662042,6250602.240188078023493],[427908.76864487369312,6250594.868648521602154],[427909.232830822234973,6250592.022805321961641]]}},
{"type":"Feature","properties":{"full_id":"w1374501036","osm_id":"1374501036","osm_type":"way","highway":"cycleway","service":null,"alt_name":null,"crossing:island":null,"crossing:markings":"yes","cycleway:width":null,"cycleway":"crossing","crossing":"uncontrolled","smoothness":null,"priority_road":null,"footway:surface":null,"cycleway:surface":null,"access":null,"source:width":null,"layer":null,"bridge":null,"motor_vehicle":null,"oneway:bicycle":null,"traffic_sign":null,"start_date":null,"lit":null,"segregated":null,"name":null,"foot":null,"bicycle":null,"width":null,"surface":null,"oneway":null},"geometry":{"type":"LineString","coordinates":[[427771.647974734136369,6250584.339204575866461],[427774.666626444959547,6250571.23742466326803],[427776.478107638889924,6250563.383020672015846],[427778.255172888864763,6250555.674724001437426],[427778.851835355861112,6250553.079146974720061]]}},
{"type":"Feature","properties":{"full_id":"w1374501867","osm_id":"1374501867","osm_type":"way","highway":"cycleway","service":null,"alt_name":null,"crossing:island":null,"crossing:markings":"yes","cycleway:width":null,"cycleway":"crossing","crossing":"uncontrolled","smoothness":null,"priority_road":null,"footway:surface":null,"cycleway:surface":null,"access":null,"source:width":null,"layer":null,"bridge":null,"motor_vehicle":null,"oneway:bicycle":null,"traffic_sign":null,"start_date":null,"lit":null,"segregated":null,"name":null,"foot":null,"bicycle":null,"width":null,"surface":null,"oneway":null},"geometry":{"type":"LineString","coordinates":[[427454.857377515174448,6250483.108167098835111],[427459.554025907127652,6250487.492445849813521],[427458.037745399051346,6250494.255126615054905],[427457.555316321202554,6250496.667855056002736],[427456.408618816640228,6250501.612314563244581]]}},
{"type":"Feature","properties":{"full_id":"w1408761417","osm_id":"1408761417","osm_type":"way","highway":"cycleway","service":null,"alt_name":null,"crossing:island":null,"crossing:markings":null,"cycleway:width":null,"cycleway":null,"crossing":null,"smoothness":null,"priority_road":null,"footway:surface":null,"cycleway:surface":null,"access":null,"source:width":null,"layer":null,"bridge":null,"motor_vehicle":null,"oneway:bicycle":null,"traffic_sign":null,"start_date":"2013","lit":null,"segregated":null,"name":null,"foot":null,"bicycle":null,"width":null,"surface":null,"oneway":null},"geometry":{"type":"LineString","coordinates":[[428301.511782465211581,6252355.268339369446039],[428298.180520537076518,6252348.555881307460368],[428402.758079744526185,6252304.4874207098037],[428413.529781978693791,6252293.938985197804868],[428424.376496070122812,6252290.33020337484777],[428427.134231145435479,6252299.804120531305671],[428430.304985120950732,6252304.075662807561457],[428436.615336239454336,6252304.030564720742404],[428455.885314330400433,6252342.155416755005717],[428468.9945593632292,6252361.059403362683952],[428472.40205256146146,6252377.237188323400915]]}},
{"type":"Feature","properties":{"full_id":"w1485648009","osm_id":"1485648009","osm_type":"way","highway":"cycleway","service":null,"alt_name":null,"crossing:island":null,"crossing:markings":null,"cycleway:width":null,"cycleway":null,"crossing":null,"smoothness":null,"priority_road":null,"footway:surface":null,"cycleway:surface":null,"access":null,"source:width":null,"layer":null,"bridge":null,"motor_vehicle":null,"oneway:bicycle":null,"traffic_sign":null,"start_date":null,"lit":null,"segregated":null,"name":"piste cyclable Léon Blum","foot":null,"bicycle":"designated","width":"2.7","surface":"asphalt","oneway":"no"},"geometry":{"type":"LineString","coordinates":[[430184.219834842137061,6252781.855431821197271],[430184.936089812894352,6252783.816827249713242],[430191.730990405310877,6252790.272932086139917],[430203.561483680387028,6252794.013475522398949],[430210.689639282471035,6252793.535101269371808],[430213.361507770197932,6252797.183153000660241],[430215.550741147482768,6252800.172847483307123],[430219.477746440970805,6252804.69148485455662],[430221.364654405915644,6252810.531082943081856]]}},
{"type":"Feature","properties":{"full_id":"w1487156125","osm_id":"1487156125","osm_type":"way","highway":"cycleway","service":null,"alt_name":null,"crossing:island":null,"crossing:markings":null,"cycleway:width":null,"cycleway":null,"crossing":null,"smoothness":null,"priority_road":null,"footway:surface":null,"cycleway:surface":null,"access":null,"source:width":null,"layer":null,"bridge":null,"motor_vehicle":null,"oneway:bicycle":null,"traffic_sign":null,"start_date":null,"lit":null,"segregated":"no","name":null,"foot":null,"bicycle":null,"width":"2.4","surface":"asphalt","oneway":"no"},"geometry":{"type":"LineString","coordinates":[[429807.275126031017862,6250786.79466506652534],[429812.443085123086348,6250780.824348830617964],[429816.272290340159088,6250779.138510229066014],[429820.050867768586613,6250778.756588250398636],[429825.68211598781636,6250778.952969687990844],[429832.933212687843479,6250777.868259817361832]]}},
{"type":"Feature","properties":{"full_id":"w1488659410","osm_id":"1488659410","osm_type":"way","highway":"cycleway","service":null,"alt_name":null,"crossing:island":null,"crossing:markings":null,"cycleway:width":null,"cycleway":null,"crossing":null,"smoothness":null,"priority_road":null,"footway:surface":null,"cycleway:surface":null,"access":null,"source:width":null,"layer":null,"bridge":null,"motor_vehicle":null,"oneway:bicycle":null,"traffic_sign":null,"start_date":null,"lit":null,"segregated":null,"name":null,"foot":null,"bicycle":null,"width":"3","surface":"concrete","oneway":"no"},"geometry":{"type":"LineString","coordinates":[[427552.001332378771622,6251980.03402076009661],[427487.188948345021345,6252000.939009072259068],[427480.785403311718255,6252003.002872937358916],[427480.577387359167915,6252003.078483913093805],[427470.567501353507396,6252006.308337438851595],[427466.081929088046309,6252007.623005983419716]]}},
{"type":"Feature","properties":{"full_id":"w1508603184","osm_id":"1508603184","osm_type":"way","highway":"cycleway","service":"driveway","alt_name":"Véloroute du Piémont Pyrénéen","crossing:island":null,"crossing:markings":"no","cycleway:width":null,"cycleway":"crossing","crossing":"unmarked","smoothness":null,"priority_road":null,"footway:surface":null,"cycleway:surface":null,"access":null,"source:width":null,"layer":null,"bridge":null,"motor_vehicle":null,"oneway:bicycle":null,"traffic_sign":null,"start_date":null,"lit":null,"segregated":null,"name":"V81","foot":null,"bicycle":null,"width":null,"surface":"asphalt","oneway":"no"},"geometry":{"type":"LineString","coordinates":[[425641.897547129483428,6249630.740532141178846],[425639.217691725643817,6249632.880369739606977],[425636.046110891911667,6249636.44323549605906]]}},
{"type":"Feature","properties":{"full_id":"w1508603191","osm_id":"1508603191","osm_type":"way","highway":"cycleway","service":null,"alt_name":null,"crossing:island":null,"crossing:markings":null,"cycleway:width":null,"cycleway":null,"crossing":null,"smoothness":null,"priority_road":null,"footway:surface":null,"cycleway:surface":null,"access":null,"source:width":null,"layer":null,"bridge":null,"motor_vehicle":null,"oneway:bicycle":null,"traffic_sign":null,"start_date":null,"lit":null,"segregated":null,"name":null,"foot":null,"bicycle":null,"width":null,"surface":"asphalt","oneway":"yes"},"geometry":{"type":"LineString","coordinates":[[425730.655033094168175,6249606.166229468770325],[425732.809174002031796,6249603.136548859067261],[425773.988355136709288,6249586.920034512877464],[425774.691817307728343,6249586.645133399404585],[425780.006922908360139,6249584.54832203220576]]}},
{"type":"Feature","properties":{"full_id":"w1508603200","osm_id":"1508603200","osm_type":"way","highway":"cycleway","service":null,"alt_name":null,"crossing:island":null,"crossing:markings":null,"cycleway:width":null,"cycleway":null,"crossing":null,"smoothness":null,"priority_road":null,"footway:surface":null,"cycleway:surface":null,"access":null,"source:width":null,"layer":null,"bridge":null,"motor_vehicle":null,"oneway:bicycle":null,"traffic_sign":null,"start_date":null,"lit":null,"segregated":null,"name":null,"foot":null,"bicycle":null,"width":null,"surface":null,"oneway":"yes"},"geometry":{"type":"LineString","coordinates":[[425788.849181184719782,6249608.648585843853652],[425794.555133085348643,6249612.265311406925321]]}},
{"type":"Feature","properties":{"full_id":"w1508603201","osm_id":"1508603201","osm_type":"way","highway":"cycleway","service":null,"alt_name":null,"crossing:island":null,"crossing:markings":null,"cycleway:width":null,"cycleway":null,"crossing":null,"smoothness":"excellent","priority_road":null,"footway:surface":null,"cycleway:surface":null,"access":null,"source:width":null,"layer":null,"bridge":null,"motor_vehicle":null,"oneway:bicycle":null,"traffic_sign":null,"start_date":null,"lit":null,"segregated":null,"name":null,"foot":null,"bicycle":null,"width":null,"surface":"concrete:plates","oneway":"yes"},"geometry":{"type":"LineString","coordinates":[[425836.796982796629891,6249718.297309335321188],[425846.100160987349227,6249740.642121320590377],[425846.588622834300622,6249741.800646251067519],[425848.246364069695119,6249745.02320162858814],[425849.679618684458546,6249746.6086137117818],[425852.842334665067028,6249747.775083781220019],[425867.527037051389925,6249744.131315984763205]]}},
{"type":"Feature","properties":{"full_id":"w1508603202","osm_id":"1508603202","osm_type":"way","highway":"cycleway","service":null,"alt_name":null,"crossing:island":null,"crossing:markings":null,"cycleway:width":null,"cycleway":null,"crossing":null,"smoothness":null,"priority_road":null,"footway:surface":null,"cycleway:surface":null,"access":null,"source:width":null,"layer":"1","bridge":"yes","motor_vehicle":null,"oneway:bicycle":null,"traffic_sign":null,"start_date":null,"lit":null,"segregated":null,"name":null,"foot":null,"bicycle":null,"width":null,"surface":"concrete:plates","oneway":null},"geometry":{"type":"LineString","coordinates":[[425829.547727373137604,6249721.155585339292884],[425791.227456970955245,6249624.335584007203579],[425792.196798361837864,6249617.74045976717025]]}},
{"type":"Feature","properties":{"full_id":"w1508603203","osm_id":"1508603203","osm_type":"way","highway":"cycleway","service":null,"alt_name":null,"crossing:island":null,"crossing:markings":null,"cycleway:width":null,"cycleway":null,"crossing":null,"smoothness":null,"priority_road":null,"footway:surface":null,"cycleway:surface":null,"access":null,"source:width":null,"layer":null,"bridge":null,"motor_vehicle":null,"oneway:bicycle":null,"traffic_sign":null,"start_date":null,"lit":null,"segregated":null,"name":null,"foot":null,"bicycle":null,"width":null,"surface":"concrete:plates","oneway":"yes"},"geometry":{"type":"LineString","coordinates":[[425864.630448397307191,6249799.321272439323366],[425857.812939551018644,6249794.984326539561152],[425853.150924597168341,6249782.332514023408294],[425852.3157625667518,6249777.060823746025562],[425851.520268669759389,6249774.235308133065701],[425848.738544113759417,6249769.24720501806587],[425846.774845132022165,6249766.471685566008091],[425846.016962456691545,6249764.145261844620109],[425845.383271841856185,6249761.112541290000081],[425841.148134322313126,6249749.510625957511365],[425838.421881651272997,6249743.730156127363443],[425829.547727373137604,6249721.155585339292884]]}}
]
}
